[25Sep2026 03:51:23.092] [main/INFO] [net.neoforged.fml.startup.Entrypoint/]: JVM Uptime at startup: 187ms
[25Sep2026 03:51:23.108] [main/INFO] [net.neoforged.fml.loading.FMLLoader/]: Starting FancyModLoader version 11.0.16 (DEDICATED_SERVER in PROD)
[25Sep2026 03:51:23.108] [main/INFO] [net.neoforged.fml.loading.FMLLoader/]: Game directory: /workspaces/SERVER-DISLEXICO-04/servidor_minecraft
[25Sep2026 03:51:23.110] [main/DEBUG] [net.neoforged.fml.loading.FMLPaths/CORE]: Path GAMEDIR is /workspaces/SERVER-DISLEXICO-04/servidor_minecraft
[25Sep2026 03:51:23.110] [main/DEBUG] [net.neoforged.fml.loading.FMLPaths/CORE]: Path JIJ_CACHEDIR is /workspaces/SERVER-DISLEXICO-04/servidor_minecraft/.cache/jij
[25Sep2026 03:51:23.110] [main/DEBUG] [net.neoforged.fml.loading.FMLPaths/CORE]: Path MODSDIR is /workspaces/SERVER-DISLEXICO-04/servidor_minecraft/mods
[25Sep2026 03:51:23.110] [main/DEBUG] [net.neoforged.fml.loading.FMLPaths/CORE]: Path CONFIGDIR is /workspaces/SERVER-DISLEXICO-04/servidor_minecraft/config
[25Sep2026 03:51:23.111] [main/DEBUG] [net.neoforged.fml.loading.FMLPaths/CORE]: Path FMLCONFIG is /workspaces/SERVER-DISLEXICO-04/servidor_minecraft/config/fml.toml
[25Sep2026 03:51:23.221] [main/DEBUG] [net.neoforged.fml.loading.EarlyServiceDiscovery/]: libraries/net/neoforged/fancymodloader/earlydisplay/11.0.16/earlydisplay-11.0.16.jar contains early service net.neoforged.neoforgespi.earlywindow.ImmediateWindowProvider
[25Sep2026 03:51:23.226] [ForkJoinPool.commonPool-worker-2/DEBUG] [net.neoforged.fml.loading.EarlyServiceDiscovery/]: libraries/net/neoforged/fancymodloader/loader/11.0.16/loader-11.0.16.jar contains early service net.neoforged.neoforgespi.locating.IModFileReader
[25Sep2026 03:51:23.245] [main/DEBUG] [net.neoforged.fml.loading.moddiscovery.ModFile/LOADING]: Loading mod file libraries/net/neoforged/fancymodloader/earlydisplay/11.0.16/earlydisplay-11.0.16.jar with languages []
[25Sep2026 03:51:23.246] [ForkJoinPool.commonPool-worker-2/DEBUG] [net.neoforged.fml.loading.moddiscovery.ModFile/LOADING]: Loading mod file libraries/net/neoforged/fancymodloader/loader/11.0.16/loader-11.0.16.jar with languages []
[25Sep2026 03:51:23.294] [main/INFO] [net.neoforged.fml.loading.EarlyServiceDiscovery/]: Found 2 early service jars (out of 87) in 119ms
[25Sep2026 03:51:23.295] [main/INFO] [net.neoforged.fml.loading.FMLLoader/]: Loading FML Early Services:
[25Sep2026 03:51:23.296] [main/INFO] [net.neoforged.fml.loading.FMLLoader/]:  - libraries/net/neoforged/fancymodloader/earlydisplay/11.0.16/earlydisplay-11.0.16.jar
[25Sep2026 03:51:23.297] [main/INFO] [net.neoforged.fml.loading.FMLLoader/]:  - libraries/net/neoforged/fancymodloader/loader/11.0.16/loader-11.0.16.jar
[25Sep2026 03:51:23.305] [main/DEBUG] [net.neoforged.fml.util.ServiceLoaderUtil/CORE]: Found 0 implementations of GraphicsBootstrapper:
[25Sep2026 03:51:23.306] [main/INFO] [net.neoforged.fml.loading.ImmediateWindowHandler/]: Not loading early display in headless mode.
[25Sep2026 03:51:23.313] [main/DEBUG] [net.neoforged.fml.util.ServiceLoaderUtil/CORE]: Found 4 implementations of IModFileCandidateLocator:
[25Sep2026 03:51:23.315] [main/DEBUG] [net.neoforged.fml.util.ServiceLoaderUtil/CORE]: 	    1000 - [built-in] net.neoforged.fml.loading.moddiscovery.locators.GameLocator from libraries/net/neoforged/fancymodloader/loader/11.0.16/loader-11.0.16.jar
[25Sep2026 03:51:23.315] [main/DEBUG] [net.neoforged.fml.util.ServiceLoaderUtil/CORE]: 	    1000 - [built-in] net.neoforged.fml.loading.moddiscovery.locators.InDevFolderLocator from libraries/net/neoforged/fancymodloader/loader/11.0.16/loader-11.0.16.jar
[25Sep2026 03:51:23.316] [main/DEBUG] [net.neoforged.fml.util.ServiceLoaderUtil/CORE]: 	    1000 - [built-in] net.neoforged.fml.loading.moddiscovery.locators.InDevJarLocator from libraries/net/neoforged/fancymodloader/loader/11.0.16/loader-11.0.16.jar
[25Sep2026 03:51:23.316] [main/DEBUG] [net.neoforged.fml.util.ServiceLoaderUtil/CORE]: 	       0 - [built-in] net.neoforged.fml.loading.moddiscovery.locators.ModsFolderLocator from libraries/net/neoforged/fancymodloader/loader/11.0.16/loader-11.0.16.jar
[25Sep2026 03:51:23.318] [main/DEBUG] [net.neoforged.fml.util.ServiceLoaderUtil/CORE]: Found 2 implementations of IModFileReader:
[25Sep2026 03:51:23.319] [main/DEBUG] [net.neoforged.fml.util.ServiceLoaderUtil/CORE]: 	       0 - net.neoforged.fml.loading.moddiscovery.readers.JarModsDotTomlModFileReader from libraries/net/neoforged/fancymodloader/loader/11.0.16/loader-11.0.16.jar
[25Sep2026 03:51:23.320] [main/DEBUG] [net.neoforged.fml.util.ServiceLoaderUtil/CORE]: 	   -1000 - net.neoforged.fml.loading.moddiscovery.readers.NestedLibraryModReader from libraries/net/neoforged/fancymodloader/loader/11.0.16/loader-11.0.16.jar
[25Sep2026 03:51:23.326] [main/DEBUG] [net.neoforged.fml.util.ServiceLoaderUtil/CORE]: Found 1 implementations of IDependencyLocator:
[25Sep2026 03:51:23.326] [main/DEBUG] [net.neoforged.fml.util.ServiceLoaderUtil/CORE]: 	       0 - net.neoforged.fml.loading.moddiscovery.locators.JarInJarDependencyLocator from libraries/net/neoforged/fancymodloader/loader/11.0.16/loader-11.0.16.jar
[25Sep2026 03:51:23.335] [main/INFO] [net.neoforged.fml.loading.moddiscovery.locators.GameLocator/]: Failed to find common Minecraft classes and resources on the classpath. Assuming we're launching production.
[25Sep2026 03:51:23.441] [main/DEBUG] [net.neoforged.fml.loading.moddiscovery.ModFileParser/LOADING]: Considering mod file candidate libraries/net/neoforged/minecraft-server-patched/26.2.0.75/minecraft-server-patched-26.2.0.75.jar
[25Sep2026 03:51:23.484] [main/DEBUG] [net.neoforged.fml.loading.moddiscovery.ModFileInfo/LOADING]: Found valid mod file minecraft-server-patched-26.2.0.75.jar with {minecraft} mods - versions {26.2}
[25Sep2026 03:51:23.489] [main/DEBUG] [net.neoforged.fml.loading.moddiscovery.ModFile/LOADING]: Loading mod file libraries/net/neoforged/minecraft-server-patched/26.2.0.75/minecraft-server-patched-26.2.0.75.jar with languages [LanguageSpec[languageName=minecraft, acceptedVersions=null]]
[25Sep2026 03:51:23.495] [main/DEBUG] [net.neoforged.fml.loading.moddiscovery.ModFileParser/LOADING]: Considering mod file candidate libraries/net/neoforged/neoforge/26.2.0.75/neoforge-26.2.0.75-universal.jar
[25Sep2026 03:51:23.501] [main/DEBUG] [net.neoforged.fml.loading.moddiscovery.ModFileInfo/LOADING]: Found valid mod file neoforge-26.2.0.75-universal.jar with {neoforge} mods - versions {26.2.0.75}
[25Sep2026 03:51:23.501] [main/DEBUG] [net.neoforged.fml.loading.moddiscovery.ModFile/LOADING]: Loading mod file libraries/net/neoforged/neoforge/26.2.0.75/neoforge-26.2.0.75-universal.jar with languages [LanguageSpec[languageName=javafml, acceptedVersions=[3,]]]
[25Sep2026 03:51:23.504] [main/DEBUG] [net.neoforged.fml.loading.moddiscovery.ModFile/LOADING]: Found mixin config MixinConfig[config=neoforge.mixins.json, requiredMods=[], behaviorVersion=null]
[25Sep2026 03:51:23.521] [main/DEBUG] [net.neoforged.fml.loading.moddiscovery.ModFileParser/LOADING]: Considering mod file candidate /workspaces/SERVER-DISLEXICO-04/servidor_minecraft/mods/balm-neoforge-26.2-26.2.0.8.jar
[25Sep2026 03:51:23.527] [main/DEBUG] [net.neoforged.fml.loading.moddiscovery.ModFileInfo/LOADING]: Found valid mod file balm-neoforge-26.2-26.2.0.8.jar with {balm} mods - versions {26.2.0.8}
[25Sep2026 03:51:23.528] [main/DEBUG] [net.neoforged.fml.loading.moddiscovery.ModFile/LOADING]: Loading mod file /workspaces/SERVER-DISLEXICO-04/servidor_minecraft/mods/balm-neoforge-26.2-26.2.0.8.jar with languages [LanguageSpec[languageName=javafml, acceptedVersions=[1,)]]
[25Sep2026 03:51:23.528] [main/DEBUG] [net.neoforged.fml.loading.moddiscovery.ModFile/LOADING]: Found mixin config MixinConfig[config=balm.mixins.json, requiredMods=[], behaviorVersion=null]
[25Sep2026 03:51:23.528] [main/DEBUG] [net.neoforged.fml.loading.moddiscovery.ModFile/LOADING]: Found mixin config MixinConfig[config=balm.api.mixins.json, requiredMods=[], behaviorVersion=null]
[25Sep2026 03:51:23.528] [main/DEBUG] [net.neoforged.fml.loading.moddiscovery.ModFile/LOADING]: Found mixin config MixinConfig[config=balm.neoforge.mixins.json, requiredMods=[], behaviorVersion=null]
[25Sep2026 03:51:23.530] [main/DEBUG] [net.neoforged.fml.loading.moddiscovery.ModFileParser/LOADING]: Considering mod file candidate /workspaces/SERVER-DISLEXICO-04/servidor_minecraft/mods/BiomesOPlenty-neoforge-26.2-26.2.0.0.24.jar
[25Sep2026 03:51:23.533] [main/DEBUG] [net.neoforged.fml.loading.moddiscovery.ModFileInfo/LOADING]: Found valid mod file BiomesOPlenty-neoforge-26.2-26.2.0.0.24.jar with {biomesoplenty} mods - versions {26.2.0.0.24}
[25Sep2026 03:51:23.533] [main/DEBUG] [net.neoforged.fml.loading.moddiscovery.ModFile/LOADING]: Loading mod file /workspaces/SERVER-DISLEXICO-04/servidor_minecraft/mods/BiomesOPlenty-neoforge-26.2-26.2.0.0.24.jar with languages [LanguageSpec[languageName=javafml, acceptedVersions=[1,)]]
[25Sep2026 03:51:23.534] [main/DEBUG] [net.neoforged.fml.loading.moddiscovery.ModFile/LOADING]: Found mixin config MixinConfig[config=biomesoplenty.mixins.json, requiredMods=[], behaviorVersion=null]
[25Sep2026 03:51:23.534] [main/DEBUG] [net.neoforged.fml.loading.moddiscovery.ModFile/LOADING]: Found mixin config MixinConfig[config=biomesoplenty.neoforge.mixins.json, requiredMods=[], behaviorVersion=null]
[25Sep2026 03:51:23.535] [main/DEBUG] [net.neoforged.fml.loading.moddiscovery.ModFileParser/LOADING]: Considering mod file candidate /workspaces/SERVER-DISLEXICO-04/servidor_minecraft/mods/collective-26.2.0-8.39.jar
[25Sep2026 03:51:23.536] [main/DEBUG] [net.neoforged.fml.loading.moddiscovery.ModFileInfo/LOADING]: Found valid mod file collective-26.2.0-8.39.jar with {collective} mods - versions {8.39}
[25Sep2026 03:51:23.536] [main/DEBUG] [net.neoforged.fml.loading.moddiscovery.ModFile/LOADING]: Loading mod file /workspaces/SERVER-DISLEXICO-04/servidor_minecraft/mods/collective-26.2.0-8.39.jar with languages [LanguageSpec[languageName=javafml, acceptedVersions=*]]
[25Sep2026 03:51:23.536] [main/DEBUG] [net.neoforged.fml.loading.moddiscovery.ModFile/LOADING]: Found mixin config MixinConfig[config=collective_neoforge.mixins.json, requiredMods=[], behaviorVersion=null]
[25Sep2026 03:51:23.537] [main/DEBUG] [net.neoforged.fml.loading.moddiscovery.ModFileParser/LOADING]: Considering mod file candidate /workspaces/SERVER-DISLEXICO-04/servidor_minecraft/mods/CreativeCore_NEOFORGE_v2.14.16_mc26.2.jar
[25Sep2026 03:51:23.539] [main/DEBUG] [net.neoforged.fml.loading.moddiscovery.ModFileInfo/LOADING]: Found valid mod file CreativeCore_NEOFORGE_v2.14.16_mc26.2.jar with {creativecore} mods - versions {2.14.16}
[25Sep2026 03:51:23.539] [main/DEBUG] [net.neoforged.fml.loading.moddiscovery.ModFile/LOADING]: Loading mod file /workspaces/SERVER-DISLEXICO-04/servidor_minecraft/mods/CreativeCore_NEOFORGE_v2.14.16_mc26.2.jar with languages [LanguageSpec[languageName=javafml, acceptedVersions=[1,)]]
[25Sep2026 03:51:23.540] [main/DEBUG] [net.neoforged.fml.loading.moddiscovery.ModFile/LOADING]: Found mixin config MixinConfig[config=creativecore.mixins.json, requiredMods=[], behaviorVersion=null]
[25Sep2026 03:51:23.540] [main/DEBUG] [net.neoforged.fml.loading.moddiscovery.ModFile/LOADING]: Found mixin config MixinConfig[config=creativecore.forge.mixins.json, requiredMods=[], behaviorVersion=null]
[25Sep2026 03:51:23.540] [main/DEBUG] [net.neoforged.fml.loading.moddiscovery.ModFileParser/LOADING]: Considering mod file candidate /workspaces/SERVER-DISLEXICO-04/servidor_minecraft/mods/DungeonCrawl-NeoForge-26.2-2.3.17.jar
[25Sep2026 03:51:23.542] [main/DEBUG] [net.neoforged.fml.loading.moddiscovery.ModFileInfo/LOADING]: Found valid mod file DungeonCrawl-NeoForge-26.2-2.3.17.jar with {dungeoncrawl} mods - versions {2.3.17}
[25Sep2026 03:51:23.542] [main/DEBUG] [net.neoforged.fml.loading.moddiscovery.ModFile/LOADING]: Loading mod file /workspaces/SERVER-DISLEXICO-04/servidor_minecraft/mods/DungeonCrawl-NeoForge-26.2-2.3.17.jar with languages [LanguageSpec[languageName=javafml, acceptedVersions=[4,)]]
[25Sep2026 03:51:23.542] [main/DEBUG] [net.neoforged.fml.loading.moddiscovery.ModFileParser/LOADING]: Considering mod file candidate /workspaces/SERVER-DISLEXICO-04/servidor_minecraft/mods/Explorify v1.6.5.mod.jar
[25Sep2026 03:51:23.544] [main/DEBUG] [net.neoforged.fml.loading.moddiscovery.ModFileInfo/LOADING]: Found valid mod file Explorify v1.6.5.mod.jar with {explorify} mods - versions {1.6.5}
[25Sep2026 03:51:23.544] [main/DEBUG] [net.neoforged.fml.loading.moddiscovery.ModFile/LOADING]: Loading mod file /workspaces/SERVER-DISLEXICO-04/servidor_minecraft/mods/Explorify v1.6.5.mod.jar with languages [LanguageSpec[languageName=lowcodefml, acceptedVersions=[1,)]]
[25Sep2026 03:51:23.544] [main/DEBUG] [net.neoforged.fml.loading.moddiscovery.ModFileParser/LOADING]: Considering mod file candidate /workspaces/SERVER-DISLEXICO-04/servidor_minecraft/mods/FallingTree-26.2-25.jar
[25Sep2026 03:51:23.546] [main/DEBUG] [net.neoforged.fml.loading.moddiscovery.ModFileInfo/LOADING]: Found valid mod file FallingTree-26.2-25.jar with {fallingtree} mods - versions {25}
[25Sep2026 03:51:23.546] [main/DEBUG] [net.neoforged.fml.loading.moddiscovery.ModFile/LOADING]: Loading mod file /workspaces/SERVER-DISLEXICO-04/servidor_minecraft/mods/FallingTree-26.2-25.jar with languages [LanguageSpec[languageName=null, acceptedVersions=null]]
[25Sep2026 03:51:23.546] [main/ERROR] [net.neoforged.fml.loading.moddiscovery.ModFile/LOADING]: Access transformer file META-INF/neoforge.accesstransformer.cfg provided by mod fallingtree does not exist!
[25Sep2026 03:51:23.547] [main/DEBUG] [net.neoforged.fml.loading.moddiscovery.ModFileParser/LOADING]: Considering mod file candidate /workspaces/SERVER-DISLEXICO-04/servidor_minecraft/mods/GlitchCore-neoforge-26.2-26.2.0.0.0.jar
[25Sep2026 03:51:23.548] [main/DEBUG] [net.neoforged.fml.loading.moddiscovery.ModFileInfo/LOADING]: Found valid mod file GlitchCore-neoforge-26.2-26.2.0.0.0.jar with {glitchcore} mods - versions {26.2.0.0.0}
[25Sep2026 03:51:23.548] [main/DEBUG] [net.neoforged.fml.loading.moddiscovery.ModFile/LOADING]: Loading mod file /workspaces/SERVER-DISLEXICO-04/servidor_minecraft/mods/GlitchCore-neoforge-26.2-26.2.0.0.0.jar with languages [LanguageSpec[languageName=javafml, acceptedVersions=[1,)]]
[25Sep2026 03:51:23.548] [main/DEBUG] [net.neoforged.fml.loading.moddiscovery.ModFile/LOADING]: Found mixin config MixinConfig[config=glitchcore.mixins.json, requiredMods=[], behaviorVersion=null]
[25Sep2026 03:51:23.548] [main/DEBUG] [net.neoforged.fml.loading.moddiscovery.ModFile/LOADING]: Found mixin config MixinConfig[config=glitchcore.neoforge.mixins.json, requiredMods=[], behaviorVersion=null]
[25Sep2026 03:51:23.549] [main/DEBUG] [net.neoforged.fml.loading.moddiscovery.ModFileParser/LOADING]: Considering mod file candidate /workspaces/SERVER-DISLEXICO-04/servidor_minecraft/mods/InventoryProfilesNext-neoforge-26.2-2.3.7.jar
[25Sep2026 03:51:23.550] [main/DEBUG] [net.neoforged.fml.loading.moddiscovery.ModFileInfo/LOADING]: Found valid mod file InventoryProfilesNext-neoforge-26.2-2.3.7.jar with {inventoryprofilesnext} mods - versions {2.3.7}
[25Sep2026 03:51:23.550] [main/DEBUG] [net.neoforged.fml.loading.moddiscovery.ModFile/LOADING]: Loading mod file /workspaces/SERVER-DISLEXICO-04/servidor_minecraft/mods/InventoryProfilesNext-neoforge-26.2-2.3.7.jar with languages [LanguageSpec[languageName=javafml, acceptedVersions=${FML_VERSION}]]
[25Sep2026 03:51:23.550] [main/DEBUG] [net.neoforged.fml.loading.moddiscovery.ModFile/LOADING]: Found mixin config MixinConfig[config=mixins.ipnext.json, requiredMods=[], behaviorVersion=null]
[25Sep2026 03:51:23.551] [main/DEBUG] [net.neoforged.fml.loading.moddiscovery.ModFileParser/LOADING]: Considering mod file candidate /workspaces/SERVER-DISLEXICO-04/servidor_minecraft/mods/jei-26.2-neoforge-30.32.0.221.jar
[25Sep2026 03:51:23.554] [main/DEBUG] [net.neoforged.fml.loading.moddiscovery.ModFileInfo/LOADING]: Found valid mod file jei-26.2-neoforge-30.32.0.221.jar with {jei} mods - versions {30.32.0.221}
[25Sep2026 03:51:23.554] [main/DEBUG] [net.neoforged.fml.loading.moddiscovery.ModFile/LOADING]: Loading mod file /workspaces/SERVER-DISLEXICO-04/servidor_minecraft/mods/jei-26.2-neoforge-30.32.0.221.jar with languages [LanguageSpec[languageName=javafml, acceptedVersions=[4,)]]
[25Sep2026 03:51:23.555] [main/DEBUG] [net.neoforged.fml.loading.moddiscovery.ModFileParser/LOADING]: Considering mod file candidate /workspaces/SERVER-DISLEXICO-04/servidor_minecraft/mods/journeymap-neoforge-26.2-6.0.8.jar
[25Sep2026 03:51:23.556] [main/DEBUG] [net.neoforged.fml.loading.moddiscovery.ModFileInfo/LOADING]: Found valid mod file journeymap-neoforge-26.2-6.0.8.jar with {journeymap} mods - versions {26.2-6.0.8}
[25Sep2026 03:51:23.556] [main/DEBUG] [net.neoforged.fml.loading.moddiscovery.ModFile/LOADING]: Loading mod file /workspaces/SERVER-DISLEXICO-04/servidor_minecraft/mods/journeymap-neoforge-26.2-6.0.8.jar with languages [LanguageSpec[languageName=javafml, acceptedVersions=[1,)]]
[25Sep2026 03:51:23.556] [main/DEBUG] [net.neoforged.fml.loading.moddiscovery.ModFile/LOADING]: Found mixin config MixinConfig[config=journeymap.mixins.json, requiredMods=[], behaviorVersion=null]
[25Sep2026 03:51:23.557] [main/DEBUG] [net.neoforged.fml.loading.moddiscovery.ModFile/LOADING]: Found mixin config MixinConfig[config=journeymap.neoforge.mixins.json, requiredMods=[], behaviorVersion=null]
[25Sep2026 03:51:23.557] [main/DEBUG] [net.neoforged.fml.loading.moddiscovery.ModFileParser/LOADING]: Considering mod file candidate /workspaces/SERVER-DISLEXICO-04/servidor_minecraft/mods/just-hammers-neoforge-26.2.0.1.jar
[25Sep2026 03:51:23.559] [main/DEBUG] [net.neoforged.fml.loading.moddiscovery.ModFileInfo/LOADING]: Found valid mod file just-hammers-neoforge-26.2.0.1.jar with {justhammers} mods - versions {26.2.0.1}
[25Sep2026 03:51:23.559] [main/DEBUG] [net.neoforged.fml.loading.moddiscovery.ModFile/LOADING]: Loading mod file /workspaces/SERVER-DISLEXICO-04/servidor_minecraft/mods/just-hammers-neoforge-26.2.0.1.jar with languages [LanguageSpec[languageName=javafml, acceptedVersions=[2,)]]
[25Sep2026 03:51:23.559] [main/DEBUG] [net.neoforged.fml.loading.moddiscovery.ModFile/LOADING]: Found mixin config MixinConfig[config=justhammers.mixins.json, requiredMods=[], behaviorVersion=null]
[25Sep2026 03:51:23.560] [main/DEBUG] [net.neoforged.fml.loading.moddiscovery.ModFileParser/LOADING]: Considering mod file candidate /workspaces/SERVER-DISLEXICO-04/servidor_minecraft/mods/libIPN-neoforge-26.2-6.8.3.jar
[25Sep2026 03:51:23.561] [main/DEBUG] [net.neoforged.fml.loading.moddiscovery.ModFileInfo/LOADING]: Found valid mod file libIPN-neoforge-26.2-6.8.3.jar with {libipn} mods - versions {6.8.3}
[25Sep2026 03:51:23.561] [main/DEBUG] [net.neoforged.fml.loading.moddiscovery.ModFile/LOADING]: Loading mod file /workspaces/SERVER-DISLEXICO-04/servidor_minecraft/mods/libIPN-neoforge-26.2-6.8.3.jar with languages [LanguageSpec[languageName=javafml, acceptedVersions=${FML_VERSION}]]
[25Sep2026 03:51:23.562] [main/DEBUG] [net.neoforged.fml.loading.moddiscovery.ModFileParser/LOADING]: Considering mod file candidate /workspaces/SERVER-DISLEXICO-04/servidor_minecraft/mods/PlayerRevive_NEOFORGE_v2.1.2_mc26.2.jar
[25Sep2026 03:51:23.563] [main/DEBUG] [net.neoforged.fml.loading.moddiscovery.ModFileInfo/LOADING]: Found valid mod file PlayerRevive_NEOFORGE_v2.1.2_mc26.2.jar with {playerrevive} mods - versions {2.1.2}
[25Sep2026 03:51:23.563] [main/DEBUG] [net.neoforged.fml.loading.moddiscovery.ModFile/LOADING]: Loading mod file /workspaces/SERVER-DISLEXICO-04/servidor_minecraft/mods/PlayerRevive_NEOFORGE_v2.1.2_mc26.2.jar with languages [LanguageSpec[languageName=javafml, acceptedVersions=[1,)]]
[25Sep2026 03:51:23.563] [main/DEBUG] [net.neoforged.fml.loading.moddiscovery.ModFile/LOADING]: Found mixin config MixinConfig[config=playerrevive.mixins.json, requiredMods=[], behaviorVersion=null]
[25Sep2026 03:51:23.564] [main/DEBUG] [net.neoforged.fml.loading.moddiscovery.ModFileParser/LOADING]: Considering mod file candidate /workspaces/SERVER-DISLEXICO-04/servidor_minecraft/mods/replantingcrops-26.2.0-5.6.jar
[25Sep2026 03:51:23.564] [main/DEBUG] [net.neoforged.fml.loading.moddiscovery.ModFileInfo/LOADING]: Found valid mod file replantingcrops-26.2.0-5.6.jar with {replantingcrops} mods - versions {5.6}
[25Sep2026 03:51:23.565] [main/DEBUG] [net.neoforged.fml.loading.moddiscovery.ModFile/LOADING]: Loading mod file /workspaces/SERVER-DISLEXICO-04/servidor_minecraft/mods/replantingcrops-26.2.0-5.6.jar with languages [LanguageSpec[languageName=javafml, acceptedVersions=*]]
[25Sep2026 03:51:23.565] [main/DEBUG] [net.neoforged.fml.loading.moddiscovery.ModFile/LOADING]: Found mixin config MixinConfig[config=replantingcrops_neoforge.mixins.json, requiredMods=[], behaviorVersion=null]
[25Sep2026 03:51:23.567] [main/DEBUG] [net.neoforged.fml.loading.moddiscovery.ModFileParser/LOADING]: Considering mod file candidate /workspaces/SERVER-DISLEXICO-04/servidor_minecraft/mods/repurposed_structures-7.7.6+26.2-neoforge.jar
[25Sep2026 03:51:23.569] [main/DEBUG] [net.neoforged.fml.loading.moddiscovery.ModFileInfo/LOADING]: Found valid mod file repurposed_structures-7.7.6+26.2-neoforge.jar with {repurposed_structures} mods - versions {7.7.6+26.2-neoforge}
[25Sep2026 03:51:23.569] [main/DEBUG] [net.neoforged.fml.loading.moddiscovery.ModFile/LOADING]: Loading mod file /workspaces/SERVER-DISLEXICO-04/servidor_minecraft/mods/repurposed_structures-7.7.6+26.2-neoforge.jar with languages [LanguageSpec[languageName=javafml, acceptedVersions=[4,)]]
[25Sep2026 03:51:23.569] [main/DEBUG] [net.neoforged.fml.loading.moddiscovery.ModFile/LOADING]: Found mixin config MixinConfig[config=repurposed_structures-neoforge.mixins.json, requiredMods=[], behaviorVersion=null]
[25Sep2026 03:51:23.569] [main/DEBUG] [net.neoforged.fml.loading.moddiscovery.ModFile/LOADING]: Found mixin config MixinConfig[config=repurposed_structures-common.mixins.json, requiredMods=[], behaviorVersion=null]
[25Sep2026 03:51:23.570] [main/DEBUG] [net.neoforged.fml.loading.moddiscovery.ModFileParser/LOADING]: Considering mod file candidate /workspaces/SERVER-DISLEXICO-04/servidor_minecraft/mods/rottenfleshtoleather NeoForge 26.2-1.7.8.jar
[25Sep2026 03:51:23.571] [main/DEBUG] [net.neoforged.fml.loading.moddiscovery.ModFileInfo/LOADING]: Found valid mod file rottenfleshtoleather NeoForge 26.2-1.7.8.jar with {rottenfleshtoleather} mods - versions {1.7.8}
[25Sep2026 03:51:23.571] [main/DEBUG] [net.neoforged.fml.loading.moddiscovery.ModFile/LOADING]: Loading mod file /workspaces/SERVER-DISLEXICO-04/servidor_minecraft/mods/rottenfleshtoleather NeoForge 26.2-1.7.8.jar with languages [LanguageSpec[languageName=javafml, acceptedVersions=[1,)]]
[25Sep2026 03:51:23.571] [main/DEBUG] [net.neoforged.fml.loading.moddiscovery.ModFileParser/LOADING]: Considering mod file candidate /workspaces/SERVER-DISLEXICO-04/servidor_minecraft/mods/TerraBlender-neoforge-26.2-26.2.0.0.2.jar
[25Sep2026 03:51:23.572] [main/DEBUG] [net.neoforged.fml.loading.moddiscovery.ModFileInfo/LOADING]: Found valid mod file TerraBlender-neoforge-26.2-26.2.0.0.2.jar with {terrablender} mods - versions {26.2.0.0.2}
[25Sep2026 03:51:23.572] [main/DEBUG] [net.neoforged.fml.loading.moddiscovery.ModFile/LOADING]: Loading mod file /workspaces/SERVER-DISLEXICO-04/servidor_minecraft/mods/TerraBlender-neoforge-26.2-26.2.0.0.2.jar with languages [LanguageSpec[languageName=javafml, acceptedVersions=[1,)]]
[25Sep2026 03:51:23.573] [main/DEBUG] [net.neoforged.fml.loading.moddiscovery.ModFile/LOADING]: Found mixin config MixinConfig[config=terrablender.mixins.json, requiredMods=[], behaviorVersion=null]
[25Sep2026 03:51:23.573] [main/DEBUG] [net.neoforged.fml.loading.moddiscovery.ModFile/LOADING]: Found mixin config MixinConfig[config=terrablender.neoforge.mixins.json, requiredMods=[], behaviorVersion=null]
[25Sep2026 03:51:23.573] [main/DEBUG] [net.neoforged.fml.loading.moddiscovery.ModFileParser/LOADING]: Considering mod file candidate /workspaces/SERVER-DISLEXICO-04/servidor_minecraft/mods/tombstone-neoforge-26.2-9.9.3.jar
[25Sep2026 03:51:23.575] [main/DEBUG] [net.neoforged.fml.loading.moddiscovery.ModFileInfo/LOADING]: Found valid mod file tombstone-neoforge-26.2-9.9.3.jar with {tombstone} mods - versions {9.9.3}
[25Sep2026 03:51:23.575] [main/DEBUG] [net.neoforged.fml.loading.moddiscovery.ModFile/LOADING]: Loading mod file /workspaces/SERVER-DISLEXICO-04/servidor_minecraft/mods/tombstone-neoforge-26.2-9.9.3.jar with languages [LanguageSpec[languageName=null, acceptedVersions=null]]
[25Sep2026 03:51:23.575] [main/DEBUG] [net.neoforged.fml.loading.moddiscovery.ModFile/LOADING]: Found mixin config MixinConfig[config=tombstone.mixins.json, requiredMods=[], behaviorVersion=null]
[25Sep2026 03:51:23.576] [main/DEBUG] [net.neoforged.fml.loading.moddiscovery.ModFileParser/LOADING]: Considering mod file candidate /workspaces/SERVER-DISLEXICO-04/servidor_minecraft/mods/trashslot-neoforge-26.2-26.2.0.2.jar
[25Sep2026 03:51:23.577] [main/DEBUG] [net.neoforged.fml.loading.moddiscovery.ModFileInfo/LOADING]: Found valid mod file trashslot-neoforge-26.2-26.2.0.2.jar with {trashslot} mods - versions {26.2.0.2}
[25Sep2026 03:51:23.577] [main/DEBUG] [net.neoforged.fml.loading.moddiscovery.ModFile/LOADING]: Loading mod file /workspaces/SERVER-DISLEXICO-04/servidor_minecraft/mods/trashslot-neoforge-26.2-26.2.0.2.jar with languages [LanguageSpec[languageName=javafml, acceptedVersions=[1,)]]
[25Sep2026 03:51:23.577] [main/DEBUG] [net.neoforged.fml.loading.moddiscovery.ModFile/LOADING]: Found mixin config MixinConfig[config=trashslot.mixins.json, requiredMods=[], behaviorVersion=null]
[25Sep2026 03:51:23.577] [main/DEBUG] [net.neoforged.fml.loading.moddiscovery.ModFile/LOADING]: Found mixin config MixinConfig[config=trashslot.neoforge.mixins.json, requiredMods=[], behaviorVersion=null]
[25Sep2026 03:51:23.578] [main/DEBUG] [net.neoforged.fml.loading.moddiscovery.ModFileParser/LOADING]: Considering mod file candidate /workspaces/SERVER-DISLEXICO-04/servidor_minecraft/mods/travelersbackpack-neoforge-26.2-11.3.3.jar
[25Sep2026 03:51:23.580] [main/DEBUG] [net.neoforged.fml.loading.moddiscovery.ModFileInfo/LOADING]: Found valid mod file travelersbackpack-neoforge-26.2-11.3.3.jar with {travelersbackpack} mods - versions {11.3.3}
[25Sep2026 03:51:23.580] [main/DEBUG] [net.neoforged.fml.loading.moddiscovery.ModFile/LOADING]: Loading mod file /workspaces/SERVER-DISLEXICO-04/servidor_minecraft/mods/travelersbackpack-neoforge-26.2-11.3.3.jar with languages [LanguageSpec[languageName=null, acceptedVersions=null]]
[25Sep2026 03:51:23.580] [main/DEBUG] [net.neoforged.fml.loading.moddiscovery.ModFile/LOADING]: Found mixin config MixinConfig[config=travelersbackpack.mixins.json, requiredMods=[], behaviorVersion=null]
[25Sep2026 03:51:23.763] [main/DEBUG] [net.neoforged.fml.loading.moddiscovery.ModFile/LOADING]: Loading mod file /workspaces/SERVER-DISLEXICO-04/servidor_minecraft/.cache/jij/f0d8e8908624eb4478bb131e9f887366680d2e239741195e548fa5c906963b90/kotlin-reflect-2.4.0.jar with languages []
[25Sep2026 03:51:23.791] [main/DEBUG] [net.neoforged.fml.loading.moddiscovery.ModFile/LOADING]: Loading mod file /workspaces/SERVER-DISLEXICO-04/servidor_minecraft/.cache/jij/ccb14ff83fabcb11458b798dbc9824748ccdffeec79c9aba789e6ed1cda86b1c/kotlin-stdlib-2.4.0.jar with languages []
[25Sep2026 03:51:23.793] [main/DEBUG] [net.neoforged.fml.loading.moddiscovery.ModFile/LOADING]: Loading mod file /workspaces/SERVER-DISLEXICO-04/servidor_minecraft/.cache/jij/5072265564b6b0296f9c7b21fee65edee760c5697436f5ae7427033fa58fc034/kotlin-stdlib-jdk7-2.4.0.jar with languages []
[25Sep2026 03:51:23.795] [main/DEBUG] [net.neoforged.fml.loading.moddiscovery.ModFile/LOADING]: Loading mod file /workspaces/SERVER-DISLEXICO-04/servidor_minecraft/.cache/jij/d96b4e297136b8a4b2b88c1adcdc64d92e90d52a417e4315cdcf964adede8aa2/kotlin-stdlib-jdk8-2.4.0.jar with languages []
[25Sep2026 03:51:23.814] [main/DEBUG] [net.neoforged.fml.loading.moddiscovery.ModFile/LOADING]: Loading mod file /workspaces/SERVER-DISLEXICO-04/servidor_minecraft/.cache/jij/d1d75aa01dffbb4d1c520e67e4c4e7f5f6174718e7cb4632412503f2f0e604fa/kotlinx-coroutines-core-jvm-1.11.0.jar with languages []
[25Sep2026 03:51:23.816] [main/DEBUG] [net.neoforged.fml.loading.moddiscovery.ModFile/LOADING]: Loading mod file /workspaces/SERVER-DISLEXICO-04/servidor_minecraft/.cache/jij/1238f179da55360725ec49b887225317f31ae89bd29b652cbe139ff59f5d45cb/kotlinx-coroutines-jdk8-1.11.0.jar with languages []
[25Sep2026 03:51:23.823] [main/DEBUG] [net.neoforged.fml.loading.moddiscovery.ModFile/LOADING]: Loading mod file /workspaces/SERVER-DISLEXICO-04/servidor_minecraft/.cache/jij/f4a801c647d4351327cd9e1ac4113e2be9ea37a64ab0abae269c25a52e28f35d/kotlinx-serialization-core-jvm-1.11.0.jar with languages []
[25Sep2026 03:51:23.830] [main/DEBUG] [net.neoforged.fml.loading.moddiscovery.ModFile/LOADING]: Loading mod file /workspaces/SERVER-DISLEXICO-04/servidor_minecraft/.cache/jij/563a25b4eb5c9128ae9c2479f3d1a5c44dcd176112b91cf03682e906eba5c935/kotlinx-serialization-json-jvm-1.11.0.jar with languages []
[25Sep2026 03:51:23.836] [main/DEBUG] [net.neoforged.fml.loading.moddiscovery.ModFileParser/LOADING]: Considering mod file candidate /workspaces/SERVER-DISLEXICO-04/servidor_minecraft/.cache/jij/33f235f6c834330a7ce20f45475656c01b9d8eca587d86a6b11ea38a94190ccc/kuma-api-neoforge-26.2.0.1.jar
[25Sep2026 03:51:23.838] [main/DEBUG] [net.neoforged.fml.loading.moddiscovery.ModFileInfo/LOADING]: Found valid mod file kuma-api-neoforge-26.2.0.1.jar with {kuma_api} mods - versions {26.2.0.1}
[25Sep2026 03:51:23.838] [main/DEBUG] [net.neoforged.fml.loading.moddiscovery.ModFile/LOADING]: Loading mod file /workspaces/SERVER-DISLEXICO-04/servidor_minecraft/.cache/jij/33f235f6c834330a7ce20f45475656c01b9d8eca587d86a6b11ea38a94190ccc/kuma-api-neoforge-26.2.0.1.jar with languages [LanguageSpec[languageName=javafml, acceptedVersions=[1,)]]
[25Sep2026 03:51:23.838] [main/DEBUG] [net.neoforged.fml.loading.moddiscovery.ModFile/LOADING]: Found mixin config MixinConfig[config=kuma_api.mixins.json, requiredMods=[], behaviorVersion=null]
[25Sep2026 03:51:23.838] [main/DEBUG] [net.neoforged.fml.loading.moddiscovery.ModFile/LOADING]: Found mixin config MixinConfig[config=kuma_api.neoforge.mixins.json, requiredMods=[], behaviorVersion=null]
[25Sep2026 03:51:23.844] [main/DEBUG] [net.neoforged.fml.loading.moddiscovery.ModFile/LOADING]: Loading mod file /workspaces/SERVER-DISLEXICO-04/servidor_minecraft/.cache/jij/e6b762f15e4891178dddd74e4d57318f518ce278000129efa41f85410b132ccc/pngj-2.1.0.jar with languages []
[25Sep2026 03:51:23.849] [main/DEBUG] [net.neoforged.fml.loading.moddiscovery.ModFileParser/LOADING]: Considering mod file candidate /workspaces/SERVER-DISLEXICO-04/servidor_minecraft/.cache/jij/1a5c40413dea54af68462ae2aa1698b8f2ea5301f33c6047d5ddf2c5dc84790c/journeymap-api-neoforge-26.2-2.0.0.jar
[25Sep2026 03:51:23.851] [main/DEBUG] [net.neoforged.fml.loading.moddiscovery.ModFileInfo/LOADING]: Found valid mod file journeymap-api-neoforge-26.2-2.0.0.jar with {journeymap_api} mods - versions {26.2-2.0.0}
[25Sep2026 03:51:23.852] [main/DEBUG] [net.neoforged.fml.loading.moddiscovery.ModFile/LOADING]: Loading mod file /workspaces/SERVER-DISLEXICO-04/servidor_minecraft/.cache/jij/1a5c40413dea54af68462ae2aa1698b8f2ea5301f33c6047d5ddf2c5dc84790c/journeymap-api-neoforge-26.2-2.0.0.jar with languages [LanguageSpec[languageName=javafml, acceptedVersions=[1,)]]
[25Sep2026 03:51:23.854] [main/DEBUG] [net.neoforged.fml.loading.moddiscovery.ModFileParser/LOADING]: Considering mod file candidate /workspaces/SERVER-DISLEXICO-04/servidor_minecraft/.cache/jij/baff43a1626eb3a929acbaba7051bd39c0ec546e625c0a35411ab479c38bfa49/common-networking-neoforge-26.2-1.1.0.jar
[25Sep2026 03:51:23.855] [main/DEBUG] [net.neoforged.fml.loading.moddiscovery.ModFileInfo/LOADING]: Found valid mod file common-networking-neoforge-26.2-1.1.0.jar with {commonnetworking} mods - versions {26.2-1.1.0}
[25Sep2026 03:51:23.855] [main/DEBUG] [net.neoforged.fml.loading.moddiscovery.ModFile/LOADING]: Loading mod file /workspaces/SERVER-DISLEXICO-04/servidor_minecraft/.cache/jij/baff43a1626eb3a929acbaba7051bd39c0ec546e625c0a35411ab479c38bfa49/common-networking-neoforge-26.2-1.1.0.jar with languages [LanguageSpec[languageName=javafml, acceptedVersions=[2,)]]
[25Sep2026 03:51:23.869] [main/DEBUG] [net.neoforged.fml.loading.moddiscovery.ModFile/LOADING]: Loading mod file /workspaces/SERVER-DISLEXICO-04/servidor_minecraft/.cache/jij/6a464b1c603b716033f3561a0632a7cc7be17c9d75af1cab7f1db5fe98c3888a/mixinextras-neoforge-0.5.4.jar with languages []
[25Sep2026 03:51:23.871] [main/DEBUG] [net.neoforged.fml.loading.moddiscovery.ModFile/LOADING]: Loading mod file /workspaces/SERVER-DISLEXICO-04/servidor_minecraft/.cache/jij/4bd11d695a422e55e665ef3bba8b23bb62b7bcb77d98175ba2fff7db44ad1965/net.neoforged.neoforge-coremods-26.2.0.75.jar with languages []
[25Sep2026 03:51:23.913] [main/INFO] [net.neoforged.fml.loading.moddiscovery.locators.JarInJarDependencyLocator/]: Found 14 dependencies adding them to mods collection
[25Sep2026 03:51:23.917] [main/INFO] [net.neoforged.fml.loading.moddiscovery.ModDiscoverer/]: 
     Mod List:
		Name Version (Mod Id)

		Balm 26.2.0.8 (balm)
		Biomes O' Plenty 26.2.0.0.24 (biomesoplenty)
		Collective 8.39 (collective)
		Common Networking 26.2-1.1.0 (commonnetworking)
		Corail Tombstone 9.9.3 (tombstone)
		CreativeCore 2.14.16 (creativecore)
		Dungeon Crawl 2.3.17 (dungeoncrawl)
		Explorify 1.6.5 (explorify)
		FallingTree 25 (fallingtree)
		GlitchCore 26.2.0.0.0 (glitchcore)
		Inventory Profiles Next 2.3.7 (inventoryprofilesnext)
		Journeymap 26.2-6.0.8 (journeymap)
		JourneyMap API 26.2-2.0.0 (journeymap_api)
		Just Enough Items 30.32.0.221 (jei)
		Just Hammers 26.2.0.1 (justhammers)
		KumaAPI 26.2.0.1 (kuma_api)
		libIPN 6.8.3 (libipn)
		Minecraft 26.2 (minecraft)
		NeoForge 26.2.0.75 (neoforge)
		PlayerRevive 2.1.2 (playerrevive)
		Replanting Crops 5.6 (replantingcrops)
		Repurposed Structures 7.7.6+26.2-neoforge (repurposed_structures)
		Rotten Flesh Smelt To Leather 1.7.8 (rottenfleshtoleather)
		TerraBlender 26.2.0.0.2 (terrablender)
		TrashSlot 26.2.0.2 (trashslot)
		Traveler's Backpack 11.3.3 (travelersbackpack)
[25Sep2026 03:51:23.925] [main/DEBUG] [net.neoforged.fml.loading.ModSorter/]: Configured system mods: [minecraft, neoforge]
[25Sep2026 03:51:23.925] [main/DEBUG] [net.neoforged.fml.loading.ModSorter/]: Found system mod: minecraft
[25Sep2026 03:51:23.925] [main/DEBUG] [net.neoforged.fml.loading.ModSorter/]: Found system mod: neoforge
[25Sep2026 03:51:23.932] [main/DEBUG] [net.neoforged.fml.loading.ModSorter/LOADING]: Found 46 mod requirements (46 mandatory, 0 optional)
[25Sep2026 03:51:23.934] [main/DEBUG] [net.neoforged.fml.loading.ModSorter/LOADING]: Found 0 mod requirements missing (0 mandatory, 0 optional)
[25Sep2026 03:51:24.274] [main/INFO] [mixin/]: SpongePowered MIXIN Subsystem Version=0.8.7 Source=file:/workspaces/SERVER-DISLEXICO-04/servidor_minecraft/libraries/net/fabricmc/sponge-mixin/0.17.3+mixin.0.8.7/sponge-mixin-0.17.3+mixin.0.8.7.jar Service=FML Env=SERVER
[25Sep2026 03:51:24.328] [main/DEBUG] [mixin/]: Initialising Mixin Platform Manager
[25Sep2026 03:51:24.330] [main/DEBUG] [mixin/]: Adding mixin platform agents for container ContainerHandleVirtual(fml:18c85)
[25Sep2026 03:51:24.331] [main/DEBUG] [mixin/]: Instancing new MixinPlatformAgentDefault for ContainerHandleVirtual(fml:18c85)
[25Sep2026 03:51:24.331] [main/DEBUG] [mixin/]: MixinPlatformAgentDefault accepted container ContainerHandleVirtual(fml:18c85)
[25Sep2026 03:51:24.331] [main/DEBUG] [mixin/]: Instancing new MixinPlatformAgentDefault for ContainerHandleVirtual(fml:18c85)
[25Sep2026 03:51:24.331] [main/DEBUG] [mixin/]: MixinPlatformAgentDefault accepted container ContainerHandleVirtual(fml:18c85)
[25Sep2026 03:51:24.332] [main/DEBUG] [mixin/]: Processing prepare() for PlatformAgent[MixinPlatformAgentDefault:ContainerHandleVirtual(fml:18c85)]
[25Sep2026 03:51:24.332] [main/DEBUG] [mixin/]: Processing prepare() for PlatformAgent[MixinPlatformAgentDefault:ContainerHandleVirtual(fml:18c85)]
[25Sep2026 03:51:24.333] [main/INFO] [net.neoforged.fml.loading.FMLLoader/]: Loading FML Plugins:
[25Sep2026 03:51:24.333] [main/INFO] [net.neoforged.fml.loading.FMLLoader/]:  - mods/libIPN-neoforge-26.2-6.8.3.jar > kotlinx-serialization-core-jvm-1.11.0.jar
[25Sep2026 03:51:24.334] [main/INFO] [net.neoforged.fml.loading.FMLLoader/]:  - mods/libIPN-neoforge-26.2-6.8.3.jar > kotlinx-coroutines-jdk8-1.11.0.jar
[25Sep2026 03:51:24.334] [main/INFO] [net.neoforged.fml.loading.FMLLoader/]:  - mods/libIPN-neoforge-26.2-6.8.3.jar > kotlinx-serialization-json-jvm-1.11.0.jar
[25Sep2026 03:51:24.334] [main/INFO] [net.neoforged.fml.loading.FMLLoader/]:  - mods/journeymap-neoforge-26.2-6.0.8.jar > pngj-2.1.0.jar
[25Sep2026 03:51:24.335] [main/INFO] [net.neoforged.fml.loading.FMLLoader/]:  - mods/libIPN-neoforge-26.2-6.8.3.jar > kotlin-stdlib-2.4.0.jar
[25Sep2026 03:51:24.335] [main/INFO] [net.neoforged.fml.loading.FMLLoader/]:  - mods/libIPN-neoforge-26.2-6.8.3.jar > kotlinx-coroutines-core-jvm-1.11.0.jar
[25Sep2026 03:51:24.336] [main/INFO] [net.neoforged.fml.loading.FMLLoader/]:  - mods/libIPN-neoforge-26.2-6.8.3.jar > kotlin-reflect-2.4.0.jar
[25Sep2026 03:51:24.336] [main/INFO] [net.neoforged.fml.loading.FMLLoader/]:  - ~libraries/net/neoforged/neoforge/26.2.0.75/neoforge-26.2.0.75-universal.jar > net.neoforged.neoforge-coremods-26.2.0.75.jar
[25Sep2026 03:51:24.336] [main/INFO] [net.neoforged.fml.loading.FMLLoader/]:  - mods/libIPN-neoforge-26.2-6.8.3.jar > kotlin-stdlib-jdk8-2.4.0.jar
[25Sep2026 03:51:24.337] [main/INFO] [net.neoforged.fml.loading.FMLLoader/]:  - mods/libIPN-neoforge-26.2-6.8.3.jar > kotlin-stdlib-jdk7-2.4.0.jar
[25Sep2026 03:51:24.342] [main/DEBUG] [net.neoforged.fml.util.ServiceLoaderUtil/CORE]: Found 2 implementations of IModLanguageLoader:
[25Sep2026 03:51:24.342] [main/DEBUG] [net.neoforged.fml.util.ServiceLoaderUtil/CORE]: 	net.neoforged.fml.javafmlmod.FMLJavaModLanguageProvider from libraries/net/neoforged/fancymodloader/loader/11.0.16/loader-11.0.16.jar
[25Sep2026 03:51:24.342] [main/DEBUG] [net.neoforged.fml.util.ServiceLoaderUtil/CORE]: 	net.neoforged.fml.mclanguageprovider.MinecraftModLanguageProvider from libraries/net/neoforged/fancymodloader/loader/11.0.16/loader-11.0.16.jar
[25Sep2026 03:51:24.344] [main/DEBUG] [net.neoforged.fml.loading.LanguageProviderLoader/CORE]: Found language provider javafml, version 11.0
[25Sep2026 03:51:24.344] [main/DEBUG] [net.neoforged.fml.loading.LanguageProviderLoader/CORE]: Found language provider minecraft, version 11.0
[25Sep2026 03:51:24.345] [main/WARN] [net.neoforged.fml.loading.LanguageProviderLoader/]: Mod jar(mods/Explorify v1.6.5.mod.jar) is using the deprecated 'lowcodefml' language loader. This warning can be fixed by simply removing the modLoader and loaderVersion settings from neoforge.mods.toml.
[25Sep2026 03:51:24.348] [main/DEBUG] [net.neoforged.fml.loading.FMLLoader/]: Adding Access Transformer META-INF/accesstransformer.cfg in jar(mods/repurposed_structures-7.7.6+26.2-neoforge.jar)
[25Sep2026 03:51:24.358] [main/DEBUG] [net.neoforged.fml.loading.FMLLoader/]: Adding Access Transformer META-INF/accesstransformer.cfg in jar(mods/libIPN-neoforge-26.2-6.8.3.jar)
[25Sep2026 03:51:24.376] [main/DEBUG] [net.neoforged.fml.loading.FMLLoader/]: Adding Access Transformer META-INF/accesstransformer.cfg in jar(mods/TerraBlender-neoforge-26.2-26.2.0.0.2.jar)
[25Sep2026 03:51:24.382] [main/DEBUG] [net.neoforged.fml.loading.FMLLoader/]: Adding Access Transformer META-INF/accesstransformer.cfg in jar(mods/just-hammers-neoforge-26.2.0.1.jar)
[25Sep2026 03:51:24.383] [main/DEBUG] [net.neoforged.fml.loading.FMLLoader/]: Adding Access Transformer META-INF/accesstransformer.cfg in jar(mods/jei-26.2-neoforge-30.32.0.221.jar)
[25Sep2026 03:51:24.394] [main/DEBUG] [net.neoforged.fml.loading.FMLLoader/]: Adding Access Transformer META-INF/accesstransformer.cfg in jar(mods/collective-26.2.0-8.39.jar)
[25Sep2026 03:51:24.397] [main/DEBUG] [net.neoforged.fml.loading.FMLLoader/]: Adding Access Transformer META-INF/accesstransformer.cfg in jar(mods/journeymap-neoforge-26.2-6.0.8.jar)
[25Sep2026 03:51:24.402] [main/DEBUG] [net.neoforged.fml.loading.FMLLoader/]: Adding Access Transformer META-INF/accesstransformer.cfg in jar(~libraries/net/neoforged/neoforge/26.2.0.75/neoforge-26.2.0.75-universal.jar)
[25Sep2026 03:51:24.447] [main/DEBUG] [net.neoforged.fml.loading.FMLLoader/]: Adding Access Transformer META-INF/accesstransformergenerated.cfg in jar(~libraries/net/neoforged/neoforge/26.2.0.75/neoforge-26.2.0.75-universal.jar)
[25Sep2026 03:51:24.477] [main/DEBUG] [net.neoforged.fml.loading.FMLLoader/]: Adding Access Transformer META-INF/accesstransformer.cfg in jar(mods/travelersbackpack-neoforge-26.2-11.3.3.jar)
[25Sep2026 03:51:24.479] [main/DEBUG] [net.neoforged.fml.loading.FMLLoader/]: Adding Access Transformer META-INF/accesstransformer.cfg in jar(mods/tombstone-neoforge-26.2-9.9.3.jar)
[25Sep2026 03:51:24.482] [main/DEBUG] [net.neoforged.fml.loading.FMLLoader/]: Adding Access Transformer META-INF/accesstransformer.cfg in jar(mods/DungeonCrawl-NeoForge-26.2-2.3.17.jar)
[25Sep2026 03:51:24.483] [main/DEBUG] [net.neoforged.fml.loading.FMLLoader/]: Adding Access Transformer META-INF/accesstransformer.cfg in jar(mods/GlitchCore-neoforge-26.2-26.2.0.0.0.jar)
[25Sep2026 03:51:24.485] [main/DEBUG] [net.neoforged.fml.loading.FMLLoader/]: Adding Access Transformer META-INF/accesstransformer.cfg in jar(mods/BiomesOPlenty-neoforge-26.2-26.2.0.0.24.jar)
[25Sep2026 03:51:24.489] [main/DEBUG] [net.neoforged.fml.loading.FMLLoader/]: Adding Access Transformer META-INF/accesstransformer.cfg in jar(mods/InventoryProfilesNext-neoforge-26.2-2.3.7.jar)
[25Sep2026 03:51:24.492] [main/DEBUG] [net.neoforged.fml.loading.FMLLoader/]: Adding Access Transformer META-INF/accesstransformer.cfg in jar(mods/balm-neoforge-26.2-26.2.0.8.jar)
[25Sep2026 03:51:24.499] [main/DEBUG] [net.neoforged.fml.util.ServiceLoaderUtil/CORE]: Found 4 implementations of ClassProcessor:
[25Sep2026 03:51:24.499] [main/DEBUG] [net.neoforged.fml.util.ServiceLoaderUtil/CORE]: 	[built-in] net.neoforged.fml.common.asm.AccessTransformerService from libraries/net/neoforged/fancymodloader/loader/11.0.16/loader-11.0.16.jar
[25Sep2026 03:51:24.499] [main/DEBUG] [net.neoforged.fml.util.ServiceLoaderUtil/CORE]: 	[built-in] net.neoforged.fml.common.asm.enumextension.RuntimeEnumExtender from libraries/net/neoforged/fancymodloader/loader/11.0.16/loader-11.0.16.jar
[25Sep2026 03:51:24.499] [main/DEBUG] [net.neoforged.fml.util.ServiceLoaderUtil/CORE]: 	[built-in] net.neoforged.fml.common.asm.SimpleProcessorsGroup from libraries/net/neoforged/fancymodloader/loader/11.0.16/loader-11.0.16.jar
[25Sep2026 03:51:24.499] [main/DEBUG] [net.neoforged.fml.util.ServiceLoaderUtil/CORE]: 	[built-in] net.neoforged.fml.loading.mixin.FMLMixinClassProcessor from libraries/net/neoforged/fancymodloader/loader/11.0.16/loader-11.0.16.jar
[25Sep2026 03:51:24.501] [main/DEBUG] [net.neoforged.fml.util.ServiceLoaderUtil/CORE]: Found 1 implementations of ClassProcessorProvider:
[25Sep2026 03:51:24.501] [main/DEBUG] [net.neoforged.fml.util.ServiceLoaderUtil/CORE]: 	net.neoforged.neoforge.coremods.NeoForgeCoreMod from ~libraries/net/neoforged/neoforge/26.2.0.75/neoforge-26.2.0.75-universal.jar > net.neoforged.neoforge-coremods-26.2.0.75.jar
[25Sep2026 03:51:24.624] [main/INFO] [net.neoforged.fml.loading.FMLLoader/]: Building game content classloader:
 - balm (jar(mods/balm-neoforge-26.2-26.2.0.8.jar))
 - biomesoplenty (jar(mods/BiomesOPlenty-neoforge-26.2-26.2.0.0.24.jar))
 - collective (jar(mods/collective-26.2.0-8.39.jar))
 - commonnetworking (jar(mods/journeymap-neoforge-26.2-6.0.8.jar > common-networking-neoforge-26.2-1.1.0.jar))
 - creativecore (jar(mods/CreativeCore_NEOFORGE_v2.14.16_mc26.2.jar))
 - dungeoncrawl (jar(mods/DungeonCrawl-NeoForge-26.2-2.3.17.jar))
 - explorify (jar(mods/Explorify v1.6.5.mod.jar))
 - fallingtree (jar(mods/FallingTree-26.2-25.jar))
 - glitchcore (jar(mods/GlitchCore-neoforge-26.2-26.2.0.0.0.jar))
 - inventoryprofilesnext (jar(mods/InventoryProfilesNext-neoforge-26.2-2.3.7.jar))
 - jei (jar(mods/jei-26.2-neoforge-30.32.0.221.jar))
 - journeymap (jar(mods/journeymap-neoforge-26.2-6.0.8.jar))
 - journeymap_api (jar(mods/journeymap-neoforge-26.2-6.0.8.jar > journeymap-api-neoforge-26.2-2.0.0.jar))
 - justhammers (jar(mods/just-hammers-neoforge-26.2.0.1.jar))
 - kuma_api (jar(mods/balm-neoforge-26.2-26.2.0.8.jar > kuma-api-neoforge-26.2.0.1.jar))
 - libipn (jar(mods/libIPN-neoforge-26.2-6.8.3.jar))
 - minecraft (jar(~libraries/net/neoforged/minecraft-server-patched/26.2.0.75/minecraft-server-patched-26.2.0.75.jar))
 - mixinextras.neoforge (jar(~libraries/net/neoforged/neoforge/26.2.0.75/neoforge-26.2.0.75-universal.jar > mixinextras-neoforge-0.5.4.jar))
 - neoforge (jar(~libraries/net/neoforged/neoforge/26.2.0.75/neoforge-26.2.0.75-universal.jar))
 - net.neoforged.fml.generated (empty(VirtualJar/net.neoforged.fml.generated))
 - playerrevive (jar(mods/PlayerRevive_NEOFORGE_v2.1.2_mc26.2.jar))
 - replantingcrops (jar(mods/replantingcrops-26.2.0-5.6.jar))
 - repurposed_structures (jar(mods/repurposed_structures-7.7.6+26.2-neoforge.jar))
 - rottenfleshtoleather (jar(mods/rottenfleshtoleather NeoForge 26.2-1.7.8.jar))
 - terrablender (jar(mods/TerraBlender-neoforge-26.2-26.2.0.0.2.jar))
 - tombstone (jar(mods/tombstone-neoforge-26.2-9.9.3.jar))
 - trashslot (jar(mods/trashslot-neoforge-26.2-26.2.0.2.jar))
 - travelersbackpack (jar(mods/travelersbackpack-neoforge-26.2-11.3.3.jar))
[25Sep2026 03:51:24.706] [main/INFO] [net.neoforged.fml.loading.FMLLoader/]: Built game content classloader in 169ms
[25Sep2026 03:51:24.797] [main/DEBUG] [mixin/]: Compatibility level JAVA_25 specified by repurposed_structures-neoforge.mixins.json is higher than the maximum level supported by this version of mixin (JAVA_13).
[25Sep2026 03:51:24.807] [main/INFO] [mixin/]: Compatibility level set to JAVA_25
[25Sep2026 03:51:24.813] [main/DEBUG] [mixin/]: Compatibility level JAVA_17 specified by kuma_api.mixins.json is lower than the default level supported by the current mixin service (JAVA_21).
[25Sep2026 03:51:24.815] [main/DEBUG] [mixin/]: Compatibility level JAVA_17 specified by kuma_api.mixins.json is higher than the maximum level supported by this version of mixin (JAVA_13).
[25Sep2026 03:51:24.816] [main/DEBUG] [mixin/]: Compatibility level JAVA_21 specified by kuma_api.neoforge.mixins.json is higher than the maximum level supported by this version of mixin (JAVA_13).
[25Sep2026 03:51:24.817] [main/DEBUG] [mixin/]: Compatibility level JAVA_17 specified by terrablender.mixins.json is lower than the default level supported by the current mixin service (JAVA_21).
[25Sep2026 03:51:24.817] [main/DEBUG] [mixin/]: Compatibility level JAVA_17 specified by terrablender.mixins.json is higher than the maximum level supported by this version of mixin (JAVA_13).
[25Sep2026 03:51:24.818] [main/DEBUG] [mixin/]: Compatibility level JAVA_17 specified by terrablender.neoforge.mixins.json is lower than the default level supported by the current mixin service (JAVA_21).
[25Sep2026 03:51:24.821] [main/DEBUG] [mixin/]: Compatibility level JAVA_17 specified by terrablender.neoforge.mixins.json is higher than the maximum level supported by this version of mixin (JAVA_13).
[25Sep2026 03:51:24.824] [main/DEBUG] [mixin/]: Compatibility level JAVA_17 specified by trashslot.mixins.json is lower than the default level supported by the current mixin service (JAVA_21).
[25Sep2026 03:51:24.824] [main/DEBUG] [mixin/]: Compatibility level JAVA_17 specified by trashslot.mixins.json is higher than the maximum level supported by this version of mixin (JAVA_13).
[25Sep2026 03:51:24.828] [main/DEBUG] [mixin/]: Compatibility level JAVA_17 specified by trashslot.neoforge.mixins.json is lower than the default level supported by the current mixin service (JAVA_21).
[25Sep2026 03:51:24.829] [main/DEBUG] [mixin/]: Compatibility level JAVA_17 specified by trashslot.neoforge.mixins.json is higher than the maximum level supported by this version of mixin (JAVA_13).
[25Sep2026 03:51:24.829] [main/DEBUG] [mixin/]: Compatibility level JAVA_17 specified by justhammers.mixins.json is lower than the default level supported by the current mixin service (JAVA_21).
[25Sep2026 03:51:24.829] [main/DEBUG] [mixin/]: Compatibility level JAVA_17 specified by justhammers.mixins.json is higher than the maximum level supported by this version of mixin (JAVA_13).
[25Sep2026 03:51:24.831] [main/DEBUG] [mixin/]: Compatibility level JAVA_21 specified by creativecore.mixins.json is higher than the maximum level supported by this version of mixin (JAVA_13).
[25Sep2026 03:51:24.832] [main/DEBUG] [mixin/]: Compatibility level JAVA_21 specified by creativecore.forge.mixins.json is higher than the maximum level supported by this version of mixin (JAVA_13).
[25Sep2026 03:51:24.838] [main/DEBUG] [mixin/]: Compatibility level JAVA_17 specified by journeymap.mixins.json is lower than the default level supported by the current mixin service (JAVA_21).
[25Sep2026 03:51:24.838] [main/DEBUG] [mixin/]: Compatibility level JAVA_17 specified by journeymap.mixins.json is higher than the maximum level supported by this version of mixin (JAVA_13).
[25Sep2026 03:51:24.839] [main/DEBUG] [mixin/]: Compatibility level JAVA_17 specified by journeymap.neoforge.mixins.json is lower than the default level supported by the current mixin service (JAVA_21).
[25Sep2026 03:51:24.840] [main/DEBUG] [mixin/]: Compatibility level JAVA_17 specified by journeymap.neoforge.mixins.json is higher than the maximum level supported by this version of mixin (JAVA_13).
[25Sep2026 03:51:24.841] [main/DEBUG] [mixin/]: Compatibility level JAVA_21 specified by travelersbackpack.mixins.json is higher than the maximum level supported by this version of mixin (JAVA_13).
[25Sep2026 03:51:24.842] [main/DEBUG] [mixin/]: Compatibility level JAVA_21 specified by tombstone.mixins.json is higher than the maximum level supported by this version of mixin (JAVA_13).
[25Sep2026 03:51:24.847] [main/DEBUG] [mixin/]: Compatibility level JAVA_17 specified by glitchcore.mixins.json is lower than the default level supported by the current mixin service (JAVA_21).
[25Sep2026 03:51:24.847] [main/DEBUG] [mixin/]: Compatibility level JAVA_17 specified by glitchcore.mixins.json is higher than the maximum level supported by this version of mixin (JAVA_13).
[25Sep2026 03:51:24.848] [main/DEBUG] [mixin/]: Compatibility level JAVA_17 specified by glitchcore.neoforge.mixins.json is lower than the default level supported by the current mixin service (JAVA_21).
[25Sep2026 03:51:24.848] [main/DEBUG] [mixin/]: Compatibility level JAVA_17 specified by glitchcore.neoforge.mixins.json is higher than the maximum level supported by this version of mixin (JAVA_13).
[25Sep2026 03:51:24.849] [main/DEBUG] [mixin/]: Compatibility level JAVA_17 specified by biomesoplenty.mixins.json is lower than the default level supported by the current mixin service (JAVA_21).
[25Sep2026 03:51:24.849] [main/DEBUG] [mixin/]: Compatibility level JAVA_17 specified by biomesoplenty.mixins.json is higher than the maximum level supported by this version of mixin (JAVA_13).
[25Sep2026 03:51:24.851] [main/DEBUG] [mixin/]: Compatibility level JAVA_17 specified by biomesoplenty.neoforge.mixins.json is lower than the default level supported by the current mixin service (JAVA_21).
[25Sep2026 03:51:24.851] [main/DEBUG] [mixin/]: Compatibility level JAVA_17 specified by biomesoplenty.neoforge.mixins.json is higher than the maximum level supported by this version of mixin (JAVA_13).
[25Sep2026 03:51:24.852] [main/DEBUG] [mixin/]: Compatibility level JAVA_21 specified by mixins.ipnext.json is higher than the maximum level supported by this version of mixin (JAVA_13).
[25Sep2026 03:51:24.857] [main/DEBUG] [mixin/]: Compatibility level JAVA_17 specified by balm.mixins.json is lower than the default level supported by the current mixin service (JAVA_21).
[25Sep2026 03:51:24.857] [main/DEBUG] [mixin/]: Compatibility level JAVA_17 specified by balm.mixins.json is higher than the maximum level supported by this version of mixin (JAVA_13).
[25Sep2026 03:51:24.858] [main/DEBUG] [mixin/]: Compatibility level JAVA_17 specified by balm.api.mixins.json is lower than the default level supported by the current mixin service (JAVA_21).
[25Sep2026 03:51:24.858] [main/DEBUG] [mixin/]: Compatibility level JAVA_17 specified by balm.api.mixins.json is higher than the maximum level supported by this version of mixin (JAVA_13).
[25Sep2026 03:51:24.858] [main/DEBUG] [mixin/]: Compatibility level JAVA_21 specified by balm.neoforge.mixins.json is higher than the maximum level supported by this version of mixin (JAVA_13).
[25Sep2026 03:51:24.859] [main/DEBUG] [mixin/]: Compatibility level JAVA_17 specified by playerrevive.mixins.json is lower than the default level supported by the current mixin service (JAVA_21).
[25Sep2026 03:51:24.859] [main/DEBUG] [mixin/]: Compatibility level JAVA_17 specified by playerrevive.mixins.json is higher than the maximum level supported by this version of mixin (JAVA_13).
[25Sep2026 03:51:24.873] [main/DEBUG] [mixin/]: Processing launch tasks for PlatformAgent[MixinPlatformAgentDefault:ContainerHandleVirtual(fml:18c85)]
[25Sep2026 03:51:24.873] [main/DEBUG] [mixin/]: Processing launch tasks for PlatformAgent[MixinPlatformAgentDefault:ContainerHandleVirtual(fml:18c85)]
[25Sep2026 03:51:24.873] [main/DEBUG] [mixin/]: Adding agents for Mixin Container jar(mods/libIPN-neoforge-26.2-6.8.3.jar) > jar(mods/libIPN-neoforge-26.2-6.8.3.jar > kotlinx-serialization-core-jvm-1.11.0.jar)
[25Sep2026 03:51:24.874] [main/DEBUG] [mixin/]: Adding mixin platform agents for container jar(mods/libIPN-neoforge-26.2-6.8.3.jar) > jar(mods/libIPN-neoforge-26.2-6.8.3.jar > kotlinx-serialization-core-jvm-1.11.0.jar)
[25Sep2026 03:51:24.874] [main/DEBUG] [mixin/]: Instancing new MixinPlatformAgentDefault for jar(mods/libIPN-neoforge-26.2-6.8.3.jar) > jar(mods/libIPN-neoforge-26.2-6.8.3.jar > kotlinx-serialization-core-jvm-1.11.0.jar)
[25Sep2026 03:51:24.874] [main/DEBUG] [mixin/]: MixinPlatformAgentDefault accepted container jar(mods/libIPN-neoforge-26.2-6.8.3.jar) > jar(mods/libIPN-neoforge-26.2-6.8.3.jar > kotlinx-serialization-core-jvm-1.11.0.jar)
[25Sep2026 03:51:24.874] [main/DEBUG] [mixin/]: Instancing new MixinPlatformAgentDefault for jar(mods/libIPN-neoforge-26.2-6.8.3.jar) > jar(mods/libIPN-neoforge-26.2-6.8.3.jar > kotlinx-serialization-core-jvm-1.11.0.jar)
[25Sep2026 03:51:24.874] [main/DEBUG] [mixin/]: MixinPlatformAgentDefault accepted container jar(mods/libIPN-neoforge-26.2-6.8.3.jar) > jar(mods/libIPN-neoforge-26.2-6.8.3.jar > kotlinx-serialization-core-jvm-1.11.0.jar)
[25Sep2026 03:51:24.874] [main/DEBUG] [mixin/]: Processing prepare() for PlatformAgent[MixinPlatformAgentDefault:jar(mods/libIPN-neoforge-26.2-6.8.3.jar) > jar(mods/libIPN-neoforge-26.2-6.8.3.jar > kotlinx-serialization-core-jvm-1.11.0.jar)]
[25Sep2026 03:51:24.874] [main/DEBUG] [mixin/]: Processing prepare() for PlatformAgent[MixinPlatformAgentDefault:jar(mods/libIPN-neoforge-26.2-6.8.3.jar) > jar(mods/libIPN-neoforge-26.2-6.8.3.jar > kotlinx-serialization-core-jvm-1.11.0.jar)]
[25Sep2026 03:51:24.874] [main/DEBUG] [mixin/]: Adding agents for Mixin Container jar(mods/libIPN-neoforge-26.2-6.8.3.jar) > jar(mods/libIPN-neoforge-26.2-6.8.3.jar > kotlinx-coroutines-jdk8-1.11.0.jar)
[25Sep2026 03:51:24.875] [main/DEBUG] [mixin/]: Adding mixin platform agents for container jar(mods/libIPN-neoforge-26.2-6.8.3.jar) > jar(mods/libIPN-neoforge-26.2-6.8.3.jar > kotlinx-coroutines-jdk8-1.11.0.jar)
[25Sep2026 03:51:24.875] [main/DEBUG] [mixin/]: Instancing new MixinPlatformAgentDefault for jar(mods/libIPN-neoforge-26.2-6.8.3.jar) > jar(mods/libIPN-neoforge-26.2-6.8.3.jar > kotlinx-coroutines-jdk8-1.11.0.jar)
[25Sep2026 03:51:24.875] [main/DEBUG] [mixin/]: MixinPlatformAgentDefault accepted container jar(mods/libIPN-neoforge-26.2-6.8.3.jar) > jar(mods/libIPN-neoforge-26.2-6.8.3.jar > kotlinx-coroutines-jdk8-1.11.0.jar)
[25Sep2026 03:51:24.875] [main/DEBUG] [mixin/]: Instancing new MixinPlatformAgentDefault for jar(mods/libIPN-neoforge-26.2-6.8.3.jar) > jar(mods/libIPN-neoforge-26.2-6.8.3.jar > kotlinx-coroutines-jdk8-1.11.0.jar)
[25Sep2026 03:51:24.881] [main/DEBUG] [mixin/]: MixinPlatformAgentDefault accepted container jar(mods/libIPN-neoforge-26.2-6.8.3.jar) > jar(mods/libIPN-neoforge-26.2-6.8.3.jar > kotlinx-coroutines-jdk8-1.11.0.jar)
[25Sep2026 03:51:24.881] [main/DEBUG] [mixin/]: Processing prepare() for PlatformAgent[MixinPlatformAgentDefault:jar(mods/libIPN-neoforge-26.2-6.8.3.jar) > jar(mods/libIPN-neoforge-26.2-6.8.3.jar > kotlinx-coroutines-jdk8-1.11.0.jar)]
[25Sep2026 03:51:24.881] [main/DEBUG] [mixin/]: Processing prepare() for PlatformAgent[MixinPlatformAgentDefault:jar(mods/libIPN-neoforge-26.2-6.8.3.jar) > jar(mods/libIPN-neoforge-26.2-6.8.3.jar > kotlinx-coroutines-jdk8-1.11.0.jar)]
[25Sep2026 03:51:24.882] [main/DEBUG] [mixin/]: Adding agents for Mixin Container jar(mods/libIPN-neoforge-26.2-6.8.3.jar) > jar(mods/libIPN-neoforge-26.2-6.8.3.jar > kotlinx-serialization-json-jvm-1.11.0.jar)
[25Sep2026 03:51:24.882] [main/DEBUG] [mixin/]: Adding mixin platform agents for container jar(mods/libIPN-neoforge-26.2-6.8.3.jar) > jar(mods/libIPN-neoforge-26.2-6.8.3.jar > kotlinx-serialization-json-jvm-1.11.0.jar)
[25Sep2026 03:51:24.882] [main/DEBUG] [mixin/]: Instancing new MixinPlatformAgentDefault for jar(mods/libIPN-neoforge-26.2-6.8.3.jar) > jar(mods/libIPN-neoforge-26.2-6.8.3.jar > kotlinx-serialization-json-jvm-1.11.0.jar)
[25Sep2026 03:51:24.882] [main/DEBUG] [mixin/]: MixinPlatformAgentDefault accepted container jar(mods/libIPN-neoforge-26.2-6.8.3.jar) > jar(mods/libIPN-neoforge-26.2-6.8.3.jar > kotlinx-serialization-json-jvm-1.11.0.jar)
[25Sep2026 03:51:24.882] [main/DEBUG] [mixin/]: Instancing new MixinPlatformAgentDefault for jar(mods/libIPN-neoforge-26.2-6.8.3.jar) > jar(mods/libIPN-neoforge-26.2-6.8.3.jar > kotlinx-serialization-json-jvm-1.11.0.jar)
[25Sep2026 03:51:24.882] [main/DEBUG] [mixin/]: MixinPlatformAgentDefault accepted container jar(mods/libIPN-neoforge-26.2-6.8.3.jar) > jar(mods/libIPN-neoforge-26.2-6.8.3.jar > kotlinx-serialization-json-jvm-1.11.0.jar)
[25Sep2026 03:51:24.882] [main/DEBUG] [mixin/]: Processing prepare() for PlatformAgent[MixinPlatformAgentDefault:jar(mods/libIPN-neoforge-26.2-6.8.3.jar) > jar(mods/libIPN-neoforge-26.2-6.8.3.jar > kotlinx-serialization-json-jvm-1.11.0.jar)]
[25Sep2026 03:51:24.882] [main/DEBUG] [mixin/]: Processing prepare() for PlatformAgent[MixinPlatformAgentDefault:jar(mods/libIPN-neoforge-26.2-6.8.3.jar) > jar(mods/libIPN-neoforge-26.2-6.8.3.jar > kotlinx-serialization-json-jvm-1.11.0.jar)]
[25Sep2026 03:51:24.883] [main/DEBUG] [mixin/]: Adding agents for Mixin Container jar(mods/journeymap-neoforge-26.2-6.0.8.jar) > jar(mods/journeymap-neoforge-26.2-6.0.8.jar > pngj-2.1.0.jar)
[25Sep2026 03:51:24.883] [main/DEBUG] [mixin/]: Adding mixin platform agents for container jar(mods/journeymap-neoforge-26.2-6.0.8.jar) > jar(mods/journeymap-neoforge-26.2-6.0.8.jar > pngj-2.1.0.jar)
[25Sep2026 03:51:24.883] [main/DEBUG] [mixin/]: Instancing new MixinPlatformAgentDefault for jar(mods/journeymap-neoforge-26.2-6.0.8.jar) > jar(mods/journeymap-neoforge-26.2-6.0.8.jar > pngj-2.1.0.jar)
[25Sep2026 03:51:24.883] [main/DEBUG] [mixin/]: MixinPlatformAgentDefault accepted container jar(mods/journeymap-neoforge-26.2-6.0.8.jar) > jar(mods/journeymap-neoforge-26.2-6.0.8.jar > pngj-2.1.0.jar)
[25Sep2026 03:51:24.883] [main/DEBUG] [mixin/]: Instancing new MixinPlatformAgentDefault for jar(mods/journeymap-neoforge-26.2-6.0.8.jar) > jar(mods/journeymap-neoforge-26.2-6.0.8.jar > pngj-2.1.0.jar)
[25Sep2026 03:51:24.883] [main/DEBUG] [mixin/]: MixinPlatformAgentDefault accepted container jar(mods/journeymap-neoforge-26.2-6.0.8.jar) > jar(mods/journeymap-neoforge-26.2-6.0.8.jar > pngj-2.1.0.jar)
[25Sep2026 03:51:24.883] [main/DEBUG] [mixin/]: Processing prepare() for PlatformAgent[MixinPlatformAgentDefault:jar(mods/journeymap-neoforge-26.2-6.0.8.jar) > jar(mods/journeymap-neoforge-26.2-6.0.8.jar > pngj-2.1.0.jar)]
[25Sep2026 03:51:24.883] [main/DEBUG] [mixin/]: Processing prepare() for PlatformAgent[MixinPlatformAgentDefault:jar(mods/journeymap-neoforge-26.2-6.0.8.jar) > jar(mods/journeymap-neoforge-26.2-6.0.8.jar > pngj-2.1.0.jar)]
[25Sep2026 03:51:24.883] [main/DEBUG] [mixin/]: Adding agents for Mixin Container jar(mods/libIPN-neoforge-26.2-6.8.3.jar) > jar(mods/libIPN-neoforge-26.2-6.8.3.jar > kotlin-stdlib-2.4.0.jar)
[25Sep2026 03:51:24.884] [main/DEBUG] [mixin/]: Adding mixin platform agents for container jar(mods/libIPN-neoforge-26.2-6.8.3.jar) > jar(mods/libIPN-neoforge-26.2-6.8.3.jar > kotlin-stdlib-2.4.0.jar)
[25Sep2026 03:51:24.884] [main/DEBUG] [mixin/]: Instancing new MixinPlatformAgentDefault for jar(mods/libIPN-neoforge-26.2-6.8.3.jar) > jar(mods/libIPN-neoforge-26.2-6.8.3.jar > kotlin-stdlib-2.4.0.jar)
[25Sep2026 03:51:24.884] [main/DEBUG] [mixin/]: MixinPlatformAgentDefault accepted container jar(mods/libIPN-neoforge-26.2-6.8.3.jar) > jar(mods/libIPN-neoforge-26.2-6.8.3.jar > kotlin-stdlib-2.4.0.jar)
[25Sep2026 03:51:24.884] [main/DEBUG] [mixin/]: Instancing new MixinPlatformAgentDefault for jar(mods/libIPN-neoforge-26.2-6.8.3.jar) > jar(mods/libIPN-neoforge-26.2-6.8.3.jar > kotlin-stdlib-2.4.0.jar)
[25Sep2026 03:51:24.890] [main/DEBUG] [mixin/]: MixinPlatformAgentDefault accepted container jar(mods/libIPN-neoforge-26.2-6.8.3.jar) > jar(mods/libIPN-neoforge-26.2-6.8.3.jar > kotlin-stdlib-2.4.0.jar)
[25Sep2026 03:51:24.890] [main/DEBUG] [mixin/]: Processing prepare() for PlatformAgent[MixinPlatformAgentDefault:jar(mods/libIPN-neoforge-26.2-6.8.3.jar) > jar(mods/libIPN-neoforge-26.2-6.8.3.jar > kotlin-stdlib-2.4.0.jar)]
[25Sep2026 03:51:24.890] [main/DEBUG] [mixin/]: Processing prepare() for PlatformAgent[MixinPlatformAgentDefault:jar(mods/libIPN-neoforge-26.2-6.8.3.jar) > jar(mods/libIPN-neoforge-26.2-6.8.3.jar > kotlin-stdlib-2.4.0.jar)]
[25Sep2026 03:51:24.891] [main/DEBUG] [mixin/]: Adding agents for Mixin Container jar(mods/libIPN-neoforge-26.2-6.8.3.jar) > jar(mods/libIPN-neoforge-26.2-6.8.3.jar > kotlinx-coroutines-core-jvm-1.11.0.jar)
[25Sep2026 03:51:24.891] [main/DEBUG] [mixin/]: Adding mixin platform agents for container jar(mods/libIPN-neoforge-26.2-6.8.3.jar) > jar(mods/libIPN-neoforge-26.2-6.8.3.jar > kotlinx-coroutines-core-jvm-1.11.0.jar)
[25Sep2026 03:51:24.891] [main/DEBUG] [mixin/]: Instancing new MixinPlatformAgentDefault for jar(mods/libIPN-neoforge-26.2-6.8.3.jar) > jar(mods/libIPN-neoforge-26.2-6.8.3.jar > kotlinx-coroutines-core-jvm-1.11.0.jar)
[25Sep2026 03:51:24.891] [main/DEBUG] [mixin/]: MixinPlatformAgentDefault accepted container jar(mods/libIPN-neoforge-26.2-6.8.3.jar) > jar(mods/libIPN-neoforge-26.2-6.8.3.jar > kotlinx-coroutines-core-jvm-1.11.0.jar)
[25Sep2026 03:51:24.891] [main/DEBUG] [mixin/]: Instancing new MixinPlatformAgentDefault for jar(mods/libIPN-neoforge-26.2-6.8.3.jar) > jar(mods/libIPN-neoforge-26.2-6.8.3.jar > kotlinx-coroutines-core-jvm-1.11.0.jar)
[25Sep2026 03:51:24.891] [main/DEBUG] [mixin/]: MixinPlatformAgentDefault accepted container jar(mods/libIPN-neoforge-26.2-6.8.3.jar) > jar(mods/libIPN-neoforge-26.2-6.8.3.jar > kotlinx-coroutines-core-jvm-1.11.0.jar)
[25Sep2026 03:51:24.891] [main/DEBUG] [mixin/]: Processing prepare() for PlatformAgent[MixinPlatformAgentDefault:jar(mods/libIPN-neoforge-26.2-6.8.3.jar) > jar(mods/libIPN-neoforge-26.2-6.8.3.jar > kotlinx-coroutines-core-jvm-1.11.0.jar)]
[25Sep2026 03:51:24.891] [main/DEBUG] [mixin/]: Processing prepare() for PlatformAgent[MixinPlatformAgentDefault:jar(mods/libIPN-neoforge-26.2-6.8.3.jar) > jar(mods/libIPN-neoforge-26.2-6.8.3.jar > kotlinx-coroutines-core-jvm-1.11.0.jar)]
[25Sep2026 03:51:24.892] [main/DEBUG] [mixin/]: Adding agents for Mixin Container jar(mods/libIPN-neoforge-26.2-6.8.3.jar) > jar(mods/libIPN-neoforge-26.2-6.8.3.jar > kotlin-reflect-2.4.0.jar)
[25Sep2026 03:51:24.892] [main/DEBUG] [mixin/]: Adding mixin platform agents for container jar(mods/libIPN-neoforge-26.2-6.8.3.jar) > jar(mods/libIPN-neoforge-26.2-6.8.3.jar > kotlin-reflect-2.4.0.jar)
[25Sep2026 03:51:24.892] [main/DEBUG] [mixin/]: Instancing new MixinPlatformAgentDefault for jar(mods/libIPN-neoforge-26.2-6.8.3.jar) > jar(mods/libIPN-neoforge-26.2-6.8.3.jar > kotlin-reflect-2.4.0.jar)
[25Sep2026 03:51:24.892] [main/DEBUG] [mixin/]: MixinPlatformAgentDefault accepted container jar(mods/libIPN-neoforge-26.2-6.8.3.jar) > jar(mods/libIPN-neoforge-26.2-6.8.3.jar > kotlin-reflect-2.4.0.jar)
[25Sep2026 03:51:24.892] [main/DEBUG] [mixin/]: Instancing new MixinPlatformAgentDefault for jar(mods/libIPN-neoforge-26.2-6.8.3.jar) > jar(mods/libIPN-neoforge-26.2-6.8.3.jar > kotlin-reflect-2.4.0.jar)
[25Sep2026 03:51:24.892] [main/DEBUG] [mixin/]: MixinPlatformAgentDefault accepted container jar(mods/libIPN-neoforge-26.2-6.8.3.jar) > jar(mods/libIPN-neoforge-26.2-6.8.3.jar > kotlin-reflect-2.4.0.jar)
[25Sep2026 03:51:24.892] [main/DEBUG] [mixin/]: Processing prepare() for PlatformAgent[MixinPlatformAgentDefault:jar(mods/libIPN-neoforge-26.2-6.8.3.jar) > jar(mods/libIPN-neoforge-26.2-6.8.3.jar > kotlin-reflect-2.4.0.jar)]
[25Sep2026 03:51:24.892] [main/DEBUG] [mixin/]: Processing prepare() for PlatformAgent[MixinPlatformAgentDefault:jar(mods/libIPN-neoforge-26.2-6.8.3.jar) > jar(mods/libIPN-neoforge-26.2-6.8.3.jar > kotlin-reflect-2.4.0.jar)]
[25Sep2026 03:51:24.893] [main/DEBUG] [mixin/]: Adding agents for Mixin Container jar(~libraries/net/neoforged/neoforge/26.2.0.75/neoforge-26.2.0.75-universal.jar) > jar(~libraries/net/neoforged/neoforge/26.2.0.75/neoforge-26.2.0.75-universal.jar > net.neoforged.neoforge-coremods-26.2.0.75.jar)
[25Sep2026 03:51:24.893] [main/DEBUG] [mixin/]: Adding mixin platform agents for container jar(~libraries/net/neoforged/neoforge/26.2.0.75/neoforge-26.2.0.75-universal.jar) > jar(~libraries/net/neoforged/neoforge/26.2.0.75/neoforge-26.2.0.75-universal.jar > net.neoforged.neoforge-coremods-26.2.0.75.jar)
[25Sep2026 03:51:24.893] [main/DEBUG] [mixin/]: Instancing new MixinPlatformAgentDefault for jar(~libraries/net/neoforged/neoforge/26.2.0.75/neoforge-26.2.0.75-universal.jar) > jar(~libraries/net/neoforged/neoforge/26.2.0.75/neoforge-26.2.0.75-universal.jar > net.neoforged.neoforge-coremods-26.2.0.75.jar)
[25Sep2026 03:51:24.893] [main/DEBUG] [mixin/]: MixinPlatformAgentDefault accepted container jar(~libraries/net/neoforged/neoforge/26.2.0.75/neoforge-26.2.0.75-universal.jar) > jar(~libraries/net/neoforged/neoforge/26.2.0.75/neoforge-26.2.0.75-universal.jar > net.neoforged.neoforge-coremods-26.2.0.75.jar)
[25Sep2026 03:51:24.896] [main/DEBUG] [mixin/]: Instancing new MixinPlatformAgentDefault for jar(~libraries/net/neoforged/neoforge/26.2.0.75/neoforge-26.2.0.75-universal.jar) > jar(~libraries/net/neoforged/neoforge/26.2.0.75/neoforge-26.2.0.75-universal.jar > net.neoforged.neoforge-coremods-26.2.0.75.jar)
[25Sep2026 03:51:24.896] [main/DEBUG] [mixin/]: MixinPlatformAgentDefault accepted container jar(~libraries/net/neoforged/neoforge/26.2.0.75/neoforge-26.2.0.75-universal.jar) > jar(~libraries/net/neoforged/neoforge/26.2.0.75/neoforge-26.2.0.75-universal.jar > net.neoforged.neoforge-coremods-26.2.0.75.jar)
[25Sep2026 03:51:24.896] [main/DEBUG] [mixin/]: Processing prepare() for PlatformAgent[MixinPlatformAgentDefault:jar(~libraries/net/neoforged/neoforge/26.2.0.75/neoforge-26.2.0.75-universal.jar) > jar(~libraries/net/neoforged/neoforge/26.2.0.75/neoforge-26.2.0.75-universal.jar > net.neoforged.neoforge-coremods-26.2.0.75.jar)]
[25Sep2026 03:51:24.897] [main/DEBUG] [mixin/]: Processing prepare() for PlatformAgent[MixinPlatformAgentDefault:jar(~libraries/net/neoforged/neoforge/26.2.0.75/neoforge-26.2.0.75-universal.jar) > jar(~libraries/net/neoforged/neoforge/26.2.0.75/neoforge-26.2.0.75-universal.jar > net.neoforged.neoforge-coremods-26.2.0.75.jar)]
[25Sep2026 03:51:24.897] [main/DEBUG] [mixin/]: Adding agents for Mixin Container jar(mods/libIPN-neoforge-26.2-6.8.3.jar) > jar(mods/libIPN-neoforge-26.2-6.8.3.jar > kotlin-stdlib-jdk8-2.4.0.jar)
[25Sep2026 03:51:24.897] [main/DEBUG] [mixin/]: Adding mixin platform agents for container jar(mods/libIPN-neoforge-26.2-6.8.3.jar) > jar(mods/libIPN-neoforge-26.2-6.8.3.jar > kotlin-stdlib-jdk8-2.4.0.jar)
[25Sep2026 03:51:24.897] [main/DEBUG] [mixin/]: Instancing new MixinPlatformAgentDefault for jar(mods/libIPN-neoforge-26.2-6.8.3.jar) > jar(mods/libIPN-neoforge-26.2-6.8.3.jar > kotlin-stdlib-jdk8-2.4.0.jar)
[25Sep2026 03:51:24.897] [main/DEBUG] [mixin/]: MixinPlatformAgentDefault accepted container jar(mods/libIPN-neoforge-26.2-6.8.3.jar) > jar(mods/libIPN-neoforge-26.2-6.8.3.jar > kotlin-stdlib-jdk8-2.4.0.jar)
[25Sep2026 03:51:24.897] [main/DEBUG] [mixin/]: Instancing new MixinPlatformAgentDefault for jar(mods/libIPN-neoforge-26.2-6.8.3.jar) > jar(mods/libIPN-neoforge-26.2-6.8.3.jar > kotlin-stdlib-jdk8-2.4.0.jar)
[25Sep2026 03:51:24.897] [main/DEBUG] [mixin/]: MixinPlatformAgentDefault accepted container jar(mods/libIPN-neoforge-26.2-6.8.3.jar) > jar(mods/libIPN-neoforge-26.2-6.8.3.jar > kotlin-stdlib-jdk8-2.4.0.jar)
[25Sep2026 03:51:24.897] [main/DEBUG] [mixin/]: Processing prepare() for PlatformAgent[MixinPlatformAgentDefault:jar(mods/libIPN-neoforge-26.2-6.8.3.jar) > jar(mods/libIPN-neoforge-26.2-6.8.3.jar > kotlin-stdlib-jdk8-2.4.0.jar)]
[25Sep2026 03:51:24.897] [main/DEBUG] [mixin/]: Processing prepare() for PlatformAgent[MixinPlatformAgentDefault:jar(mods/libIPN-neoforge-26.2-6.8.3.jar) > jar(mods/libIPN-neoforge-26.2-6.8.3.jar > kotlin-stdlib-jdk8-2.4.0.jar)]
[25Sep2026 03:51:24.897] [main/DEBUG] [mixin/]: Adding agents for Mixin Container jar(mods/libIPN-neoforge-26.2-6.8.3.jar) > jar(mods/libIPN-neoforge-26.2-6.8.3.jar > kotlin-stdlib-jdk7-2.4.0.jar)
[25Sep2026 03:51:24.898] [main/DEBUG] [mixin/]: Adding mixin platform agents for container jar(mods/libIPN-neoforge-26.2-6.8.3.jar) > jar(mods/libIPN-neoforge-26.2-6.8.3.jar > kotlin-stdlib-jdk7-2.4.0.jar)
[25Sep2026 03:51:24.898] [main/DEBUG] [mixin/]: Instancing new MixinPlatformAgentDefault for jar(mods/libIPN-neoforge-26.2-6.8.3.jar) > jar(mods/libIPN-neoforge-26.2-6.8.3.jar > kotlin-stdlib-jdk7-2.4.0.jar)
[25Sep2026 03:51:24.898] [main/DEBUG] [mixin/]: MixinPlatformAgentDefault accepted container jar(mods/libIPN-neoforge-26.2-6.8.3.jar) > jar(mods/libIPN-neoforge-26.2-6.8.3.jar > kotlin-stdlib-jdk7-2.4.0.jar)
[25Sep2026 03:51:24.898] [main/DEBUG] [mixin/]: Instancing new MixinPlatformAgentDefault for jar(mods/libIPN-neoforge-26.2-6.8.3.jar) > jar(mods/libIPN-neoforge-26.2-6.8.3.jar > kotlin-stdlib-jdk7-2.4.0.jar)
[25Sep2026 03:51:24.898] [main/DEBUG] [mixin/]: MixinPlatformAgentDefault accepted container jar(mods/libIPN-neoforge-26.2-6.8.3.jar) > jar(mods/libIPN-neoforge-26.2-6.8.3.jar > kotlin-stdlib-jdk7-2.4.0.jar)
[25Sep2026 03:51:24.901] [main/DEBUG] [mixin/]: Processing prepare() for PlatformAgent[MixinPlatformAgentDefault:jar(mods/libIPN-neoforge-26.2-6.8.3.jar) > jar(mods/libIPN-neoforge-26.2-6.8.3.jar > kotlin-stdlib-jdk7-2.4.0.jar)]
[25Sep2026 03:51:24.901] [main/DEBUG] [mixin/]: Processing prepare() for PlatformAgent[MixinPlatformAgentDefault:jar(mods/libIPN-neoforge-26.2-6.8.3.jar) > jar(mods/libIPN-neoforge-26.2-6.8.3.jar > kotlin-stdlib-jdk7-2.4.0.jar)]
[25Sep2026 03:51:24.901] [main/DEBUG] [mixin/]: Adding agents for Mixin Container jar(~libraries/net/neoforged/neoforge/26.2.0.75/neoforge-26.2.0.75-universal.jar) > jar(~libraries/net/neoforged/neoforge/26.2.0.75/neoforge-26.2.0.75-universal.jar > mixinextras-neoforge-0.5.4.jar)
[25Sep2026 03:51:24.902] [main/DEBUG] [mixin/]: Adding mixin platform agents for container jar(~libraries/net/neoforged/neoforge/26.2.0.75/neoforge-26.2.0.75-universal.jar) > jar(~libraries/net/neoforged/neoforge/26.2.0.75/neoforge-26.2.0.75-universal.jar > mixinextras-neoforge-0.5.4.jar)
[25Sep2026 03:51:24.902] [main/DEBUG] [mixin/]: Instancing new MixinPlatformAgentDefault for jar(~libraries/net/neoforged/neoforge/26.2.0.75/neoforge-26.2.0.75-universal.jar) > jar(~libraries/net/neoforged/neoforge/26.2.0.75/neoforge-26.2.0.75-universal.jar > mixinextras-neoforge-0.5.4.jar)
[25Sep2026 03:51:24.902] [main/DEBUG] [mixin/]: MixinPlatformAgentDefault accepted container jar(~libraries/net/neoforged/neoforge/26.2.0.75/neoforge-26.2.0.75-universal.jar) > jar(~libraries/net/neoforged/neoforge/26.2.0.75/neoforge-26.2.0.75-universal.jar > mixinextras-neoforge-0.5.4.jar)
[25Sep2026 03:51:24.902] [main/DEBUG] [mixin/]: Instancing new MixinPlatformAgentDefault for jar(~libraries/net/neoforged/neoforge/26.2.0.75/neoforge-26.2.0.75-universal.jar) > jar(~libraries/net/neoforged/neoforge/26.2.0.75/neoforge-26.2.0.75-universal.jar > mixinextras-neoforge-0.5.4.jar)
[25Sep2026 03:51:24.902] [main/DEBUG] [mixin/]: MixinPlatformAgentDefault accepted container jar(~libraries/net/neoforged/neoforge/26.2.0.75/neoforge-26.2.0.75-universal.jar) > jar(~libraries/net/neoforged/neoforge/26.2.0.75/neoforge-26.2.0.75-universal.jar > mixinextras-neoforge-0.5.4.jar)
[25Sep2026 03:51:24.902] [main/DEBUG] [mixin/]: Processing prepare() for PlatformAgent[MixinPlatformAgentDefault:jar(~libraries/net/neoforged/neoforge/26.2.0.75/neoforge-26.2.0.75-universal.jar) > jar(~libraries/net/neoforged/neoforge/26.2.0.75/neoforge-26.2.0.75-universal.jar > mixinextras-neoforge-0.5.4.jar)]
[25Sep2026 03:51:24.902] [main/DEBUG] [mixin/]: Registering mixin config: mixinextras.init.mixins.json source=jar(~libraries/net/neoforged/neoforge/26.2.0.75/neoforge-26.2.0.75-universal.jar) > jar(~libraries/net/neoforged/neoforge/26.2.0.75/neoforge-26.2.0.75-universal.jar > mixinextras-neoforge-0.5.4.jar)
[25Sep2026 03:51:24.904] [main/DEBUG] [mixin/]: Processing prepare() for PlatformAgent[MixinPlatformAgentDefault:jar(~libraries/net/neoforged/neoforge/26.2.0.75/neoforge-26.2.0.75-universal.jar) > jar(~libraries/net/neoforged/neoforge/26.2.0.75/neoforge-26.2.0.75-universal.jar > mixinextras-neoforge-0.5.4.jar)]
[25Sep2026 03:51:24.904] [main/DEBUG] [mixin/]: Registering mixin config: mixinextras.init.mixins.json source=jar(~libraries/net/neoforged/neoforge/26.2.0.75/neoforge-26.2.0.75-universal.jar) > jar(~libraries/net/neoforged/neoforge/26.2.0.75/neoforge-26.2.0.75-universal.jar > mixinextras-neoforge-0.5.4.jar)
[25Sep2026 03:51:24.905] [main/DEBUG] [mixin/]: inject() running with 12 agents
[25Sep2026 03:51:24.905] [main/DEBUG] [mixin/]: Processing inject() for PlatformAgent[MixinPlatformAgentDefault:ContainerHandleVirtual(fml:18c85)]
[25Sep2026 03:51:24.905] [main/DEBUG] [mixin/]: Processing inject() for PlatformAgent[MixinPlatformAgentDefault:ContainerHandleVirtual(fml:18c85)]
[25Sep2026 03:51:24.905] [main/DEBUG] [mixin/]: Processing inject() for PlatformAgent[MixinPlatformAgentDefault:jar(mods/libIPN-neoforge-26.2-6.8.3.jar) > jar(mods/libIPN-neoforge-26.2-6.8.3.jar > kotlinx-serialization-core-jvm-1.11.0.jar)]
[25Sep2026 03:51:24.905] [main/DEBUG] [mixin/]: Processing inject() for PlatformAgent[MixinPlatformAgentDefault:jar(mods/libIPN-neoforge-26.2-6.8.3.jar) > jar(mods/libIPN-neoforge-26.2-6.8.3.jar > kotlinx-serialization-core-jvm-1.11.0.jar)]
[25Sep2026 03:51:24.905] [main/DEBUG] [mixin/]: Processing inject() for PlatformAgent[MixinPlatformAgentDefault:jar(mods/libIPN-neoforge-26.2-6.8.3.jar) > jar(mods/libIPN-neoforge-26.2-6.8.3.jar > kotlinx-coroutines-jdk8-1.11.0.jar)]
[25Sep2026 03:51:24.905] [main/DEBUG] [mixin/]: Processing inject() for PlatformAgent[MixinPlatformAgentDefault:jar(mods/libIPN-neoforge-26.2-6.8.3.jar) > jar(mods/libIPN-neoforge-26.2-6.8.3.jar > kotlinx-coroutines-jdk8-1.11.0.jar)]
[25Sep2026 03:51:24.905] [main/DEBUG] [mixin/]: Processing inject() for PlatformAgent[MixinPlatformAgentDefault:jar(mods/libIPN-neoforge-26.2-6.8.3.jar) > jar(mods/libIPN-neoforge-26.2-6.8.3.jar > kotlinx-serialization-json-jvm-1.11.0.jar)]
[25Sep2026 03:51:24.905] [main/DEBUG] [mixin/]: Processing inject() for PlatformAgent[MixinPlatformAgentDefault:jar(mods/libIPN-neoforge-26.2-6.8.3.jar) > jar(mods/libIPN-neoforge-26.2-6.8.3.jar > kotlinx-serialization-json-jvm-1.11.0.jar)]
[25Sep2026 03:51:24.906] [main/DEBUG] [mixin/]: Processing inject() for PlatformAgent[MixinPlatformAgentDefault:jar(mods/journeymap-neoforge-26.2-6.0.8.jar) > jar(mods/journeymap-neoforge-26.2-6.0.8.jar > pngj-2.1.0.jar)]
[25Sep2026 03:51:24.906] [main/DEBUG] [mixin/]: Processing inject() for PlatformAgent[MixinPlatformAgentDefault:jar(mods/journeymap-neoforge-26.2-6.0.8.jar) > jar(mods/journeymap-neoforge-26.2-6.0.8.jar > pngj-2.1.0.jar)]
[25Sep2026 03:51:24.906] [main/DEBUG] [mixin/]: Processing inject() for PlatformAgent[MixinPlatformAgentDefault:jar(mods/libIPN-neoforge-26.2-6.8.3.jar) > jar(mods/libIPN-neoforge-26.2-6.8.3.jar > kotlin-stdlib-2.4.0.jar)]
[25Sep2026 03:51:24.906] [main/DEBUG] [mixin/]: Processing inject() for PlatformAgent[MixinPlatformAgentDefault:jar(mods/libIPN-neoforge-26.2-6.8.3.jar) > jar(mods/libIPN-neoforge-26.2-6.8.3.jar > kotlin-stdlib-2.4.0.jar)]
[25Sep2026 03:51:24.906] [main/DEBUG] [mixin/]: Processing inject() for PlatformAgent[MixinPlatformAgentDefault:jar(mods/libIPN-neoforge-26.2-6.8.3.jar) > jar(mods/libIPN-neoforge-26.2-6.8.3.jar > kotlinx-coroutines-core-jvm-1.11.0.jar)]
[25Sep2026 03:51:24.911] [main/DEBUG] [mixin/]: Processing inject() for PlatformAgent[MixinPlatformAgentDefault:jar(mods/libIPN-neoforge-26.2-6.8.3.jar) > jar(mods/libIPN-neoforge-26.2-6.8.3.jar > kotlinx-coroutines-core-jvm-1.11.0.jar)]
[25Sep2026 03:51:24.911] [main/DEBUG] [mixin/]: Processing inject() for PlatformAgent[MixinPlatformAgentDefault:jar(mods/libIPN-neoforge-26.2-6.8.3.jar) > jar(mods/libIPN-neoforge-26.2-6.8.3.jar > kotlin-reflect-2.4.0.jar)]
[25Sep2026 03:51:24.911] [main/DEBUG] [mixin/]: Processing inject() for PlatformAgent[MixinPlatformAgentDefault:jar(mods/libIPN-neoforge-26.2-6.8.3.jar) > jar(mods/libIPN-neoforge-26.2-6.8.3.jar > kotlin-reflect-2.4.0.jar)]
[25Sep2026 03:51:24.912] [main/DEBUG] [mixin/]: Processing inject() for PlatformAgent[MixinPlatformAgentDefault:jar(~libraries/net/neoforged/neoforge/26.2.0.75/neoforge-26.2.0.75-universal.jar) > jar(~libraries/net/neoforged/neoforge/26.2.0.75/neoforge-26.2.0.75-universal.jar > net.neoforged.neoforge-coremods-26.2.0.75.jar)]
[25Sep2026 03:51:24.912] [main/DEBUG] [mixin/]: Processing inject() for PlatformAgent[MixinPlatformAgentDefault:jar(~libraries/net/neoforged/neoforge/26.2.0.75/neoforge-26.2.0.75-universal.jar) > jar(~libraries/net/neoforged/neoforge/26.2.0.75/neoforge-26.2.0.75-universal.jar > net.neoforged.neoforge-coremods-26.2.0.75.jar)]
[25Sep2026 03:51:24.912] [main/DEBUG] [mixin/]: Processing inject() for PlatformAgent[MixinPlatformAgentDefault:jar(mods/libIPN-neoforge-26.2-6.8.3.jar) > jar(mods/libIPN-neoforge-26.2-6.8.3.jar > kotlin-stdlib-jdk8-2.4.0.jar)]
[25Sep2026 03:51:24.912] [main/DEBUG] [mixin/]: Processing inject() for PlatformAgent[MixinPlatformAgentDefault:jar(mods/libIPN-neoforge-26.2-6.8.3.jar) > jar(mods/libIPN-neoforge-26.2-6.8.3.jar > kotlin-stdlib-jdk8-2.4.0.jar)]
[25Sep2026 03:51:24.912] [main/DEBUG] [mixin/]: Processing inject() for PlatformAgent[MixinPlatformAgentDefault:jar(mods/libIPN-neoforge-26.2-6.8.3.jar) > jar(mods/libIPN-neoforge-26.2-6.8.3.jar > kotlin-stdlib-jdk7-2.4.0.jar)]
[25Sep2026 03:51:24.912] [main/DEBUG] [mixin/]: Processing inject() for PlatformAgent[MixinPlatformAgentDefault:jar(mods/libIPN-neoforge-26.2-6.8.3.jar) > jar(mods/libIPN-neoforge-26.2-6.8.3.jar > kotlin-stdlib-jdk7-2.4.0.jar)]
[25Sep2026 03:51:24.912] [main/DEBUG] [mixin/]: Processing inject() for PlatformAgent[MixinPlatformAgentDefault:jar(~libraries/net/neoforged/neoforge/26.2.0.75/neoforge-26.2.0.75-universal.jar) > jar(~libraries/net/neoforged/neoforge/26.2.0.75/neoforge-26.2.0.75-universal.jar > mixinextras-neoforge-0.5.4.jar)]
[25Sep2026 03:51:24.912] [main/DEBUG] [mixin/]: Processing inject() for PlatformAgent[MixinPlatformAgentDefault:jar(~libraries/net/neoforged/neoforge/26.2.0.75/neoforge-26.2.0.75-universal.jar) > jar(~libraries/net/neoforged/neoforge/26.2.0.75/neoforge-26.2.0.75-universal.jar > mixinextras-neoforge-0.5.4.jar)]
[25Sep2026 03:51:24.918] [main/DEBUG] [mixin/]: Preparing mixins for MixinEnvironment[DEFAULT]
[25Sep2026 03:51:24.927] [main/DEBUG] [mixin/]: Selecting config repurposed_structures-neoforge.mixins.json
[25Sep2026 03:51:24.932] [main/DEBUG] [mixin/]: Selecting config repurposed_structures-common.mixins.json
[25Sep2026 03:51:24.933] [main/DEBUG] [mixin/]: Selecting config kuma_api.mixins.json
[25Sep2026 03:51:24.939] [main/WARN] [mixin/]: Reference map 'kuma_api.refmap.json' for kuma_api.mixins.json could not be read. If this is a development environment you can ignore this message
[25Sep2026 03:51:24.939] [main/DEBUG] [mixin/]: Selecting config kuma_api.neoforge.mixins.json
[25Sep2026 03:51:24.942] [main/DEBUG] [mixin/]: Selecting config terrablender.mixins.json
[25Sep2026 03:51:24.942] [main/DEBUG] [mixin/]: Selecting config terrablender.neoforge.mixins.json
[25Sep2026 03:51:24.943] [main/WARN] [mixin/]: Reference map 'terrablender.refmap.json' for terrablender.neoforge.mixins.json could not be read. If this is a development environment you can ignore this message
[25Sep2026 03:51:24.943] [main/DEBUG] [mixin/]: Selecting config trashslot.mixins.json
[25Sep2026 03:51:24.943] [main/DEBUG] [mixin/]: Selecting config trashslot.neoforge.mixins.json
[25Sep2026 03:51:24.943] [main/DEBUG] [mixin/]: Selecting config justhammers.mixins.json
[25Sep2026 03:51:24.943] [main/DEBUG] [mixin/]: Selecting config creativecore.mixins.json
[25Sep2026 03:51:24.943] [main/WARN] [mixin/]: Reference map 'creativecore.mixins.refmap.json' for creativecore.mixins.json could not be read. If this is a development environment you can ignore this message
[25Sep2026 03:51:24.944] [main/DEBUG] [mixin/]: Selecting config creativecore.forge.mixins.json
[25Sep2026 03:51:24.944] [main/WARN] [mixin/]: Reference map 'creativecore.mixins.refmap.json' for creativecore.forge.mixins.json could not be read. If this is a development environment you can ignore this message
[25Sep2026 03:51:24.944] [main/DEBUG] [mixin/]: Selecting config collective_neoforge.mixins.json
[25Sep2026 03:51:24.954] [main/DEBUG] [mixin/]: Selecting config journeymap.mixins.json
[25Sep2026 03:51:24.954] [main/DEBUG] [mixin/]: Selecting config journeymap.neoforge.mixins.json
[25Sep2026 03:51:24.955] [main/DEBUG] [mixin/]: Selecting config neoforge.mixins.json
[25Sep2026 03:51:24.955] [main/DEBUG] [mixin/]: Selecting config travelersbackpack.mixins.json
[25Sep2026 03:51:24.955] [main/DEBUG] [mixin/]: Selecting config tombstone.mixins.json
[25Sep2026 03:51:24.955] [main/WARN] [mixin/]: Reference map 'mixins.tombstone.refmap.json' for tombstone.mixins.json could not be read. If this is a development environment you can ignore this message
[25Sep2026 03:51:24.955] [main/DEBUG] [mixin/]: Selecting config glitchcore.mixins.json
[25Sep2026 03:51:24.955] [main/WARN] [mixin/]: Reference map 'glitchcore.refmap.json' for glitchcore.mixins.json could not be read. If this is a development environment you can ignore this message
[25Sep2026 03:51:24.956] [main/DEBUG] [mixin/]: Selecting config glitchcore.neoforge.mixins.json
[25Sep2026 03:51:24.956] [main/WARN] [mixin/]: Reference map 'glitchcore.refmap.json' for glitchcore.neoforge.mixins.json could not be read. If this is a development environment you can ignore this message
[25Sep2026 03:51:24.956] [main/DEBUG] [mixin/]: Selecting config biomesoplenty.mixins.json
[25Sep2026 03:51:24.956] [main/WARN] [mixin/]: Reference map 'biomesoplenty.refmap.json' for biomesoplenty.mixins.json could not be read. If this is a development environment you can ignore this message
[25Sep2026 03:51:24.956] [main/DEBUG] [mixin/]: Selecting config biomesoplenty.neoforge.mixins.json
[25Sep2026 03:51:24.959] [main/WARN] [mixin/]: Reference map 'biomesoplenty.refmap.json' for biomesoplenty.neoforge.mixins.json could not be read. If this is a development environment you can ignore this message
[25Sep2026 03:51:24.959] [main/DEBUG] [mixin/]: Selecting config mixins.ipnext.json
[25Sep2026 03:51:24.969] [main/WARN] [mixin/]: Reference map 'ipnext.refmap.json' for mixins.ipnext.json could not be read. If this is a development environment you can ignore this message
[25Sep2026 03:51:24.970] [main/DEBUG] [mixin/]: Selecting config balm.mixins.json
[25Sep2026 03:51:24.970] [main/DEBUG] [mixin/]: Selecting config balm.api.mixins.json
[25Sep2026 03:51:24.970] [main/DEBUG] [mixin/]: Selecting config balm.neoforge.mixins.json
[25Sep2026 03:51:24.970] [main/DEBUG] [mixin/]: Selecting config playerrevive.mixins.json
[25Sep2026 03:51:24.970] [main/WARN] [mixin/]: Reference map 'playerrevive.mixin.refmap.json' for playerrevive.mixins.json could not be read. If this is a development environment you can ignore this message
[25Sep2026 03:51:24.970] [main/DEBUG] [mixin/]: Selecting config replantingcrops_neoforge.mixins.json
[25Sep2026 03:51:24.970] [main/DEBUG] [mixin/]: Selecting config mixinextras.init.mixins.json
[25Sep2026 03:51:25.070] [main/DEBUG] [MixinExtras|Service/]: com.llamalad7.mixinextras.service.MixinExtrasServiceImpl(version=0.5.4) is taking over from null
[25Sep2026 03:51:25.140] [main/DEBUG] [mixin/]: Registering new injector for @Inject with org.spongepowered.asm.mixin.injection.struct.CallbackInjectionInfo
[25Sep2026 03:51:25.141] [main/DEBUG] [mixin/]: Registering new injector for @ModifyArg with org.spongepowered.asm.mixin.injection.struct.ModifyArgInjectionInfo
[25Sep2026 03:51:25.142] [main/DEBUG] [mixin/]: Registering new injector for @ModifyArgs with org.spongepowered.asm.mixin.injection.struct.ModifyArgsInjectionInfo
[25Sep2026 03:51:25.146] [main/DEBUG] [mixin/]: Registering new injector for @Redirect with org.spongepowered.asm.mixin.injection.struct.RedirectInjectionInfo
[25Sep2026 03:51:25.149] [main/DEBUG] [mixin/]: Registering new injector for @ModifyVariable with org.spongepowered.asm.mixin.injection.struct.ModifyVariableInjectionInfo
[25Sep2026 03:51:25.150] [main/DEBUG] [mixin/]: Registering new injector for @ModifyConstant with org.spongepowered.asm.mixin.injection.struct.ModifyConstantInjectionInfo
[25Sep2026 03:51:25.171] [main/DEBUG] [mixin/]: Preparing repurposed_structures-neoforge.mixins.json (0)
[25Sep2026 03:51:25.174] [main/DEBUG] [mixin/]: Preparing repurposed_structures-common.mixins.json (24)
[25Sep2026 03:51:25.457] [main/DEBUG] [mixin/]: Preparing kuma_api.mixins.json (7)
[25Sep2026 03:51:25.458] [main/DEBUG] [mixin/]: Preparing kuma_api.neoforge.mixins.json (0)
[25Sep2026 03:51:25.458] [main/DEBUG] [mixin/]: Preparing terrablender.mixins.json (11)
[25Sep2026 03:51:25.499] [main/DEBUG] [mixin/]: Preparing terrablender.neoforge.mixins.json (0)
[25Sep2026 03:51:25.499] [main/DEBUG] [mixin/]: Preparing trashslot.mixins.json (0)
[25Sep2026 03:51:25.500] [main/DEBUG] [mixin/]: Preparing trashslot.neoforge.mixins.json (0)
[25Sep2026 03:51:25.500] [main/DEBUG] [mixin/]: Preparing justhammers.mixins.json (1)
[25Sep2026 03:51:25.502] [main/DEBUG] [mixin/]: Preparing creativecore.mixins.json (11)
[25Sep2026 03:51:25.515] [main/DEBUG] [mixin/]: Preparing creativecore.forge.mixins.json (3)
[25Sep2026 03:51:25.524] [main/DEBUG] [mixin/]: Preparing collective_neoforge.mixins.json (14)
[25Sep2026 03:51:25.571] [main/DEBUG] [mixin/]: Preparing journeymap.mixins.json (38)
[25Sep2026 03:51:25.574] [main/WARN] [mixin/]: Error loading class: net/minecraft/client/renderer/entity/SalmonRenderer (java.lang.ClassNotFoundException: net.minecraft.client.renderer.entity.SalmonRenderer)
[25Sep2026 03:51:25.575] [main/WARN] [mixin/]: @Mixin target net.minecraft.client.renderer.entity.SalmonRenderer was not found journeymap.mixins.json:client.SalmonRendererAccessor from mod journeymap
[25Sep2026 03:51:25.596] [main/DEBUG] [mixin/]: Preparing journeymap.neoforge.mixins.json (2)
[25Sep2026 03:51:25.596] [main/DEBUG] [mixin/]: Preparing neoforge.mixins.json (2)
[25Sep2026 03:51:25.612] [main/DEBUG] [mixin/]: Preparing travelersbackpack.mixins.json (4)
[25Sep2026 03:51:25.673] [main/DEBUG] [mixin/]: Preparing tombstone.mixins.json (28)
[25Sep2026 03:51:25.752] [main/DEBUG] [mixin/]: Preparing glitchcore.mixins.json (5)
[25Sep2026 03:51:25.753] [main/DEBUG] [mixin/]: Preparing glitchcore.neoforge.mixins.json (7)
[25Sep2026 03:51:25.758] [main/DEBUG] [mixin/]: Preparing biomesoplenty.mixins.json (0)
[25Sep2026 03:51:25.758] [main/DEBUG] [mixin/]: Preparing biomesoplenty.neoforge.mixins.json (2)
[25Sep2026 03:51:25.761] [main/DEBUG] [mixin/]: Preparing mixins.ipnext.json (17)
[25Sep2026 03:51:25.761] [main/DEBUG] [mixin/]: Preparing balm.mixins.json (12)
[25Sep2026 03:51:25.790] [main/DEBUG] [mixin/]: Preparing balm.api.mixins.json (8)
[25Sep2026 03:51:25.793] [main/DEBUG] [mixin/]: Preparing balm.neoforge.mixins.json (4)
[25Sep2026 03:51:25.795] [main/DEBUG] [mixin/]: Preparing playerrevive.mixins.json (5)
[25Sep2026 03:51:25.798] [main/DEBUG] [mixin/]: Preparing replantingcrops_neoforge.mixins.json (0)
[25Sep2026 03:51:25.798] [main/DEBUG] [mixin/]: Preparing mixinextras.init.mixins.json (0)
[25Sep2026 03:51:25.825] [main/DEBUG] [mixin/]: Inner class glitchcore/neoforge/mixin/impl/MixinPacketHandler$1 in glitchcore/neoforge/mixin/impl/MixinPacketHandler on glitchcore/network/PacketHandler gets unique name glitchcore/network/PacketHandler$Anonymous$bea9914f861f3bb88249739ffeb67def
[25Sep2026 03:51:25.833] [main/DEBUG] [mixin/]: Prepared 105 mixins in 0.907 sec (8.6ms avg) (0ms load, 0ms transform, 0ms plugin)
[25Sep2026 03:51:25.855] [main/DEBUG] [io.netty.util.internal.logging.InternalLoggerFactory/]: Using SLF4J as the default logging framework
[25Sep2026 03:51:25.857] [main/DEBUG] [io.netty.util.ResourceLeakDetector/]: -Dio.netty.leakDetection.level: simple
[25Sep2026 03:51:25.857] [main/DEBUG] [io.netty.util.ResourceLeakDetector/]: -Dio.netty.leakDetection.targetRecords: 4
[25Sep2026 03:51:26.269] [main/INFO] [MixinExtras|Service/]: Initializing MixinExtras via com.llamalad7.mixinextras.service.MixinExtrasServiceImpl(version=0.5.4).
[25Sep2026 03:51:26.270] [main/DEBUG] [mixin/]: Registering new injector for @SugarWrapper with com.llamalad7.mixinextras.sugar.impl.SugarWrapperInjectionInfo
[25Sep2026 03:51:26.274] [main/DEBUG] [mixin/]: Registering new injector for @FactoryRedirectWrapper with com.llamalad7.mixinextras.wrapper.factory.FactoryRedirectWrapperInjectionInfo
[25Sep2026 03:51:26.275] [main/DEBUG] [mixin/]: Registering new injector for @ExpressionInjectorWrapper with com.llamalad7.mixinextras.expression.impl.wrapper.ExpressionInjectorWrapperInjectionInfo
[25Sep2026 03:51:26.305] [main/DEBUG] [mixin/]: Mixing ComponentSerializationMixin from creativecore.mixins.json into net.minecraft.network.chat.ComponentSerialization
[25Sep2026 03:51:26.309] [main/DEBUG] [mixin/]: creativecore.mixins.json:ComponentSerializationMixin from mod creativecore: Class version 69 required is higher than the class version supported by the current version of Mixin (JAVA_21 supports class version 65)
[25Sep2026 03:51:26.347] [main/DEBUG] [mixin/]: creativecore.mixins.json:ComponentSerializationMixin from mod creativecore->@Inject::register(Lnet/minecraft/util/ExtraCodecs$LateBoundIdMapper;Lorg/spongepowered/asm/mixin/injection/callback/CallbackInfo;)V doesn't use it's CallbackInfo
[25Sep2026 03:51:26.563] [main/DEBUG] [oshi.util.FileUtil/]: Reading file /proc/self/auxv
[25Sep2026 03:51:26.564] [main/DEBUG] [oshi.util.FileUtil/]: Reading file /proc/self/auxv
[25Sep2026 03:51:26.570] [main/DEBUG] [oshi.util.FileUtil/]: Reading file /proc/stat
[25Sep2026 03:51:26.577] [main/DEBUG] [oshi.util.FileUtil/]: Reading file /sys/devices/system/cpu/cpu0/topology/core_id
[25Sep2026 03:51:26.579] [main/DEBUG] [oshi.util.FileUtil/]: Reading file /sys/devices/system/cpu/cpu0/topology/core_id
[25Sep2026 03:51:26.579] [main/DEBUG] [oshi.util.FileUtil/]: Reading file /sys/devices/system/cpu/cpu0/topology/physical_package_id
[25Sep2026 03:51:26.580] [main/DEBUG] [oshi.util.FileUtil/]: Reading file /sys/devices/system/cpu/cpu0/topology/physical_package_id
[25Sep2026 03:51:26.580] [main/DEBUG] [oshi.util.FileUtil/]: Reading file /sys/devices/system/cpu/cpu0/cpu_capacity
[25Sep2026 03:51:26.582] [main/DEBUG] [oshi.util.FileUtil/]: Reading file /sys/devices/system/cpu/cpu0/cache/index2/level
[25Sep2026 03:51:26.584] [main/DEBUG] [oshi.util.FileUtil/]: Reading file /sys/devices/system/cpu/cpu0/cache/index2/level
[25Sep2026 03:51:26.584] [main/DEBUG] [oshi.util.FileUtil/]: Reading file /sys/devices/system/cpu/cpu0/cache/index2/type
[25Sep2026 03:51:26.584] [main/DEBUG] [oshi.util.FileUtil/]: Reading file /sys/devices/system/cpu/cpu0/cache/index2/type
[25Sep2026 03:51:26.585] [main/DEBUG] [oshi.util.FileUtil/]: Reading file /sys/devices/system/cpu/cpu0/cache/index2/ways_of_associativity
[25Sep2026 03:51:26.587] [main/DEBUG] [oshi.util.FileUtil/]: Reading file /sys/devices/system/cpu/cpu0/cache/index2/ways_of_associativity
[25Sep2026 03:51:26.587] [main/DEBUG] [oshi.util.FileUtil/]: Reading file /sys/devices/system/cpu/cpu0/cache/index2/coherency_line_size
[25Sep2026 03:51:26.587] [main/DEBUG] [oshi.util.FileUtil/]: Reading file /sys/devices/system/cpu/cpu0/cache/index2/coherency_line_size
[25Sep2026 03:51:26.588] [main/DEBUG] [oshi.util.FileUtil/]: Reading file /sys/devices/system/cpu/cpu0/cache/index2/size
[25Sep2026 03:51:26.588] [main/DEBUG] [oshi.util.FileUtil/]: Reading file /sys/devices/system/cpu/cpu0/cache/index2/size
[25Sep2026 03:51:26.588] [main/DEBUG] [oshi.util.FileUtil/]: Reading file /sys/devices/system/cpu/cpu0/cache/index0/level
[25Sep2026 03:51:26.588] [main/DEBUG] [oshi.util.FileUtil/]: Reading file /sys/devices/system/cpu/cpu0/cache/index0/level
[25Sep2026 03:51:26.589] [main/DEBUG] [oshi.util.FileUtil/]: Reading file /sys/devices/system/cpu/cpu0/cache/index0/type
[25Sep2026 03:51:26.589] [main/DEBUG] [oshi.util.FileUtil/]: Reading file /sys/devices/system/cpu/cpu0/cache/index0/type
[25Sep2026 03:51:26.589] [main/DEBUG] [oshi.util.FileUtil/]: Reading file /sys/devices/system/cpu/cpu0/cache/index0/ways_of_associativity
[25Sep2026 03:51:26.590] [main/DEBUG] [oshi.util.FileUtil/]: Reading file /sys/devices/system/cpu/cpu0/cache/index0/ways_of_associativity
[25Sep2026 03:51:26.590] [main/DEBUG] [oshi.util.FileUtil/]: Reading file /sys/devices/system/cpu/cpu0/cache/index0/coherency_line_size
[25Sep2026 03:51:26.590] [main/DEBUG] [oshi.util.FileUtil/]: Reading file /sys/devices/system/cpu/cpu0/cache/index0/coherency_line_size
[25Sep2026 03:51:26.591] [main/DEBUG] [oshi.util.FileUtil/]: Reading file /sys/devices/system/cpu/cpu0/cache/index0/size
[25Sep2026 03:51:26.593] [main/DEBUG] [oshi.util.FileUtil/]: Reading file /sys/devices/system/cpu/cpu0/cache/index0/size
[25Sep2026 03:51:26.593] [main/DEBUG] [oshi.util.FileUtil/]: Reading file /sys/devices/system/cpu/cpu0/cache/index3/level
[25Sep2026 03:51:26.593] [main/DEBUG] [oshi.util.FileUtil/]: Reading file /sys/devices/system/cpu/cpu0/cache/index3/level
[25Sep2026 03:51:26.593] [main/DEBUG] [oshi.util.FileUtil/]: Reading file /sys/devices/system/cpu/cpu0/cache/index3/type
[25Sep2026 03:51:26.593] [main/DEBUG] [oshi.util.FileUtil/]: Reading file /sys/devices/system/cpu/cpu0/cache/index3/type
[25Sep2026 03:51:26.594] [main/DEBUG] [oshi.util.FileUtil/]: Reading file /sys/devices/system/cpu/cpu0/cache/index3/ways_of_associativity
[25Sep2026 03:51:26.594] [main/DEBUG] [oshi.util.FileUtil/]: Reading file /sys/devices/system/cpu/cpu0/cache/index3/ways_of_associativity
[25Sep2026 03:51:26.594] [main/DEBUG] [oshi.util.FileUtil/]: Reading file /sys/devices/system/cpu/cpu0/cache/index3/coherency_line_size
[25Sep2026 03:51:26.594] [main/DEBUG] [oshi.util.FileUtil/]: Reading file /sys/devices/system/cpu/cpu0/cache/index3/coherency_line_size
[25Sep2026 03:51:26.594] [main/DEBUG] [oshi.util.FileUtil/]: Reading file /sys/devices/system/cpu/cpu0/cache/index3/size
[25Sep2026 03:51:26.594] [main/DEBUG] [oshi.util.FileUtil/]: Reading file /sys/devices/system/cpu/cpu0/cache/index3/size
[25Sep2026 03:51:26.594] [main/DEBUG] [oshi.util.FileUtil/]: Reading file /sys/devices/system/cpu/cpu0/cache/index1/level
[25Sep2026 03:51:26.594] [main/DEBUG] [oshi.util.FileUtil/]: Reading file /sys/devices/system/cpu/cpu0/cache/index1/level
[25Sep2026 03:51:26.594] [main/DEBUG] [oshi.util.FileUtil/]: Reading file /sys/devices/system/cpu/cpu0/cache/index1/type
[25Sep2026 03:51:26.595] [main/DEBUG] [oshi.util.FileUtil/]: Reading file /sys/devices/system/cpu/cpu0/cache/index1/type
[25Sep2026 03:51:26.595] [main/DEBUG] [oshi.util.FileUtil/]: Reading file /sys/devices/system/cpu/cpu0/cache/index1/ways_of_associativity
[25Sep2026 03:51:26.595] [main/DEBUG] [oshi.util.FileUtil/]: Reading file /sys/devices/system/cpu/cpu0/cache/index1/ways_of_associativity
[25Sep2026 03:51:26.595] [main/DEBUG] [oshi.util.FileUtil/]: Reading file /sys/devices/system/cpu/cpu0/cache/index1/coherency_line_size
[25Sep2026 03:51:26.595] [main/DEBUG] [oshi.util.FileUtil/]: Reading file /sys/devices/system/cpu/cpu0/cache/index1/coherency_line_size
[25Sep2026 03:51:26.595] [main/DEBUG] [oshi.util.FileUtil/]: Reading file /sys/devices/system/cpu/cpu0/cache/index1/size
[25Sep2026 03:51:26.595] [main/DEBUG] [oshi.util.FileUtil/]: Reading file /sys/devices/system/cpu/cpu0/cache/index1/size
[25Sep2026 03:51:26.596] [main/DEBUG] [oshi.util.FileUtil/]: Reading file /sys/devices/system/cpu/cpu1/topology/core_id
[25Sep2026 03:51:26.596] [main/DEBUG] [oshi.util.FileUtil/]: Reading file /sys/devices/system/cpu/cpu1/topology/core_id
[25Sep2026 03:51:26.596] [main/DEBUG] [oshi.util.FileUtil/]: Reading file /sys/devices/system/cpu/cpu1/topology/physical_package_id
[25Sep2026 03:51:26.596] [main/DEBUG] [oshi.util.FileUtil/]: Reading file /sys/devices/system/cpu/cpu1/topology/physical_package_id
[25Sep2026 03:51:26.597] [main/DEBUG] [oshi.util.FileUtil/]: Reading file /sys/devices/system/cpu/cpu1/cpu_capacity
[25Sep2026 03:51:26.597] [main/DEBUG] [oshi.util.FileUtil/]: Reading file /sys/devices/system/cpu/cpu1/cache/index2/level
[25Sep2026 03:51:26.597] [main/DEBUG] [oshi.util.FileUtil/]: Reading file /sys/devices/system/cpu/cpu1/cache/index2/level
[25Sep2026 03:51:26.597] [main/DEBUG] [oshi.util.FileUtil/]: Reading file /sys/devices/system/cpu/cpu1/cache/index2/type
[25Sep2026 03:51:26.597] [main/DEBUG] [oshi.util.FileUtil/]: Reading file /sys/devices/system/cpu/cpu1/cache/index2/type
[25Sep2026 03:51:26.597] [main/DEBUG] [oshi.util.FileUtil/]: Reading file /sys/devices/system/cpu/cpu1/cache/index2/ways_of_associativity
[25Sep2026 03:51:26.597] [main/DEBUG] [oshi.util.FileUtil/]: Reading file /sys/devices/system/cpu/cpu1/cache/index2/ways_of_associativity
[25Sep2026 03:51:26.598] [main/DEBUG] [oshi.util.FileUtil/]: Reading file /sys/devices/system/cpu/cpu1/cache/index2/coherency_line_size
[25Sep2026 03:51:26.598] [main/DEBUG] [oshi.util.FileUtil/]: Reading file /sys/devices/system/cpu/cpu1/cache/index2/coherency_line_size
[25Sep2026 03:51:26.598] [main/DEBUG] [oshi.util.FileUtil/]: Reading file /sys/devices/system/cpu/cpu1/cache/index2/size
[25Sep2026 03:51:26.598] [main/DEBUG] [oshi.util.FileUtil/]: Reading file /sys/devices/system/cpu/cpu1/cache/index2/size
[25Sep2026 03:51:26.598] [main/DEBUG] [oshi.util.FileUtil/]: Reading file /sys/devices/system/cpu/cpu1/cache/index0/level
[25Sep2026 03:51:26.598] [main/DEBUG] [oshi.util.FileUtil/]: Reading file /sys/devices/system/cpu/cpu1/cache/index0/level
[25Sep2026 03:51:26.598] [main/DEBUG] [oshi.util.FileUtil/]: Reading file /sys/devices/system/cpu/cpu1/cache/index0/type
[25Sep2026 03:51:26.598] [main/DEBUG] [oshi.util.FileUtil/]: Reading file /sys/devices/system/cpu/cpu1/cache/index0/type
[25Sep2026 03:51:26.598] [main/DEBUG] [oshi.util.FileUtil/]: Reading file /sys/devices/system/cpu/cpu1/cache/index0/ways_of_associativity
[25Sep2026 03:51:26.598] [main/DEBUG] [oshi.util.FileUtil/]: Reading file /sys/devices/system/cpu/cpu1/cache/index0/ways_of_associativity
[25Sep2026 03:51:26.599] [main/DEBUG] [oshi.util.FileUtil/]: Reading file /sys/devices/system/cpu/cpu1/cache/index0/coherency_line_size
[25Sep2026 03:51:26.599] [main/DEBUG] [oshi.util.FileUtil/]: Reading file /sys/devices/system/cpu/cpu1/cache/index0/coherency_line_size
[25Sep2026 03:51:26.599] [main/DEBUG] [oshi.util.FileUtil/]: Reading file /sys/devices/system/cpu/cpu1/cache/index0/size
[25Sep2026 03:51:26.599] [main/DEBUG] [oshi.util.FileUtil/]: Reading file /sys/devices/system/cpu/cpu1/cache/index0/size
[25Sep2026 03:51:26.599] [main/DEBUG] [oshi.util.FileUtil/]: Reading file /sys/devices/system/cpu/cpu1/cache/index3/level
[25Sep2026 03:51:26.599] [main/DEBUG] [oshi.util.FileUtil/]: Reading file /sys/devices/system/cpu/cpu1/cache/index3/level
[25Sep2026 03:51:26.599] [main/DEBUG] [oshi.util.FileUtil/]: Reading file /sys/devices/system/cpu/cpu1/cache/index3/type
[25Sep2026 03:51:26.599] [main/DEBUG] [oshi.util.FileUtil/]: Reading file /sys/devices/system/cpu/cpu1/cache/index3/type
[25Sep2026 03:51:26.600] [main/DEBUG] [oshi.util.FileUtil/]: Reading file /sys/devices/system/cpu/cpu1/cache/index3/ways_of_associativity
[25Sep2026 03:51:26.600] [main/DEBUG] [oshi.util.FileUtil/]: Reading file /sys/devices/system/cpu/cpu1/cache/index3/ways_of_associativity
[25Sep2026 03:51:26.600] [main/DEBUG] [oshi.util.FileUtil/]: Reading file /sys/devices/system/cpu/cpu1/cache/index3/coherency_line_size
[25Sep2026 03:51:26.600] [main/DEBUG] [oshi.util.FileUtil/]: Reading file /sys/devices/system/cpu/cpu1/cache/index3/coherency_line_size
[25Sep2026 03:51:26.600] [main/DEBUG] [oshi.util.FileUtil/]: Reading file /sys/devices/system/cpu/cpu1/cache/index3/size
[25Sep2026 03:51:26.600] [main/DEBUG] [oshi.util.FileUtil/]: Reading file /sys/devices/system/cpu/cpu1/cache/index3/size
[25Sep2026 03:51:26.600] [main/DEBUG] [oshi.util.FileUtil/]: Reading file /sys/devices/system/cpu/cpu1/cache/index1/level
[25Sep2026 03:51:26.600] [main/DEBUG] [oshi.util.FileUtil/]: Reading file /sys/devices/system/cpu/cpu1/cache/index1/level
[25Sep2026 03:51:26.600] [main/DEBUG] [oshi.util.FileUtil/]: Reading file /sys/devices/system/cpu/cpu1/cache/index1/type
[25Sep2026 03:51:26.600] [main/DEBUG] [oshi.util.FileUtil/]: Reading file /sys/devices/system/cpu/cpu1/cache/index1/type
[25Sep2026 03:51:26.601] [main/DEBUG] [oshi.util.FileUtil/]: Reading file /sys/devices/system/cpu/cpu1/cache/index1/ways_of_associativity
[25Sep2026 03:51:26.601] [main/DEBUG] [oshi.util.FileUtil/]: Reading file /sys/devices/system/cpu/cpu1/cache/index1/ways_of_associativity
[25Sep2026 03:51:26.601] [main/DEBUG] [oshi.util.FileUtil/]: Reading file /sys/devices/system/cpu/cpu1/cache/index1/coherency_line_size
[25Sep2026 03:51:26.601] [main/DEBUG] [oshi.util.FileUtil/]: Reading file /sys/devices/system/cpu/cpu1/cache/index1/coherency_line_size
[25Sep2026 03:51:26.601] [main/DEBUG] [oshi.util.FileUtil/]: Reading file /sys/devices/system/cpu/cpu1/cache/index1/size
[25Sep2026 03:51:26.601] [main/DEBUG] [oshi.util.FileUtil/]: Reading file /sys/devices/system/cpu/cpu1/cache/index1/size
[25Sep2026 03:51:26.601] [main/DEBUG] [oshi.util.FileUtil/]: Reading file /sys/devices/system/cpu/cpu2/topology/core_id
[25Sep2026 03:51:26.602] [main/DEBUG] [oshi.util.FileUtil/]: Reading file /sys/devices/system/cpu/cpu2/topology/core_id
[25Sep2026 03:51:26.602] [main/DEBUG] [oshi.util.FileUtil/]: Reading file /sys/devices/system/cpu/cpu2/topology/physical_package_id
[25Sep2026 03:51:26.602] [main/DEBUG] [oshi.util.FileUtil/]: Reading file /sys/devices/system/cpu/cpu2/topology/physical_package_id
[25Sep2026 03:51:26.602] [main/DEBUG] [oshi.util.FileUtil/]: Reading file /sys/devices/system/cpu/cpu2/cpu_capacity
[25Sep2026 03:51:26.602] [main/DEBUG] [oshi.util.FileUtil/]: Reading file /sys/devices/system/cpu/cpu2/cache/index2/level
[25Sep2026 03:51:26.602] [main/DEBUG] [oshi.util.FileUtil/]: Reading file /sys/devices/system/cpu/cpu2/cache/index2/level
[25Sep2026 03:51:26.602] [main/DEBUG] [oshi.util.FileUtil/]: Reading file /sys/devices/system/cpu/cpu2/cache/index2/type
[25Sep2026 03:51:26.602] [main/DEBUG] [oshi.util.FileUtil/]: Reading file /sys/devices/system/cpu/cpu2/cache/index2/type
[25Sep2026 03:51:26.603] [main/DEBUG] [oshi.util.FileUtil/]: Reading file /sys/devices/system/cpu/cpu2/cache/index2/ways_of_associativity
[25Sep2026 03:51:26.603] [main/DEBUG] [oshi.util.FileUtil/]: Reading file /sys/devices/system/cpu/cpu2/cache/index2/ways_of_associativity
[25Sep2026 03:51:26.603] [main/DEBUG] [oshi.util.FileUtil/]: Reading file /sys/devices/system/cpu/cpu2/cache/index2/coherency_line_size
[25Sep2026 03:51:26.603] [main/DEBUG] [oshi.util.FileUtil/]: Reading file /sys/devices/system/cpu/cpu2/cache/index2/coherency_line_size
[25Sep2026 03:51:26.603] [main/DEBUG] [oshi.util.FileUtil/]: Reading file /sys/devices/system/cpu/cpu2/cache/index2/size
[25Sep2026 03:51:26.603] [main/DEBUG] [oshi.util.FileUtil/]: Reading file /sys/devices/system/cpu/cpu2/cache/index2/size
[25Sep2026 03:51:26.603] [main/DEBUG] [oshi.util.FileUtil/]: Reading file /sys/devices/system/cpu/cpu2/cache/index0/level
[25Sep2026 03:51:26.603] [main/DEBUG] [oshi.util.FileUtil/]: Reading file /sys/devices/system/cpu/cpu2/cache/index0/level
[25Sep2026 03:51:26.604] [main/DEBUG] [oshi.util.FileUtil/]: Reading file /sys/devices/system/cpu/cpu2/cache/index0/type
[25Sep2026 03:51:26.604] [main/DEBUG] [oshi.util.FileUtil/]: Reading file /sys/devices/system/cpu/cpu2/cache/index0/type
[25Sep2026 03:51:26.604] [main/DEBUG] [oshi.util.FileUtil/]: Reading file /sys/devices/system/cpu/cpu2/cache/index0/ways_of_associativity
[25Sep2026 03:51:26.604] [main/DEBUG] [oshi.util.FileUtil/]: Reading file /sys/devices/system/cpu/cpu2/cache/index0/ways_of_associativity
[25Sep2026 03:51:26.604] [main/DEBUG] [oshi.util.FileUtil/]: Reading file /sys/devices/system/cpu/cpu2/cache/index0/coherency_line_size
[25Sep2026 03:51:26.604] [main/DEBUG] [oshi.util.FileUtil/]: Reading file /sys/devices/system/cpu/cpu2/cache/index0/coherency_line_size
[25Sep2026 03:51:26.604] [main/DEBUG] [oshi.util.FileUtil/]: Reading file /sys/devices/system/cpu/cpu2/cache/index0/size
[25Sep2026 03:51:26.604] [main/DEBUG] [oshi.util.FileUtil/]: Reading file /sys/devices/system/cpu/cpu2/cache/index0/size
[25Sep2026 03:51:26.604] [main/DEBUG] [oshi.util.FileUtil/]: Reading file /sys/devices/system/cpu/cpu2/cache/index3/level
[25Sep2026 03:51:26.605] [main/DEBUG] [oshi.util.FileUtil/]: Reading file /sys/devices/system/cpu/cpu2/cache/index3/level
[25Sep2026 03:51:26.605] [main/DEBUG] [oshi.util.FileUtil/]: Reading file /sys/devices/system/cpu/cpu2/cache/index3/type
[25Sep2026 03:51:26.605] [main/DEBUG] [oshi.util.FileUtil/]: Reading file /sys/devices/system/cpu/cpu2/cache/index3/type
[25Sep2026 03:51:26.605] [main/DEBUG] [oshi.util.FileUtil/]: Reading file /sys/devices/system/cpu/cpu2/cache/index3/ways_of_associativity
[25Sep2026 03:51:26.605] [main/DEBUG] [oshi.util.FileUtil/]: Reading file /sys/devices/system/cpu/cpu2/cache/index3/ways_of_associativity
[25Sep2026 03:51:26.605] [main/DEBUG] [oshi.util.FileUtil/]: Reading file /sys/devices/system/cpu/cpu2/cache/index3/coherency_line_size
[25Sep2026 03:51:26.605] [main/DEBUG] [oshi.util.FileUtil/]: Reading file /sys/devices/system/cpu/cpu2/cache/index3/coherency_line_size
[25Sep2026 03:51:26.605] [main/DEBUG] [oshi.util.FileUtil/]: Reading file /sys/devices/system/cpu/cpu2/cache/index3/size
[25Sep2026 03:51:26.605] [main/DEBUG] [oshi.util.FileUtil/]: Reading file /sys/devices/system/cpu/cpu2/cache/index3/size
[25Sep2026 03:51:26.606] [main/DEBUG] [oshi.util.FileUtil/]: Reading file /sys/devices/system/cpu/cpu2/cache/index1/level
[25Sep2026 03:51:26.606] [main/DEBUG] [oshi.util.FileUtil/]: Reading file /sys/devices/system/cpu/cpu2/cache/index1/level
[25Sep2026 03:51:26.606] [main/DEBUG] [oshi.util.FileUtil/]: Reading file /sys/devices/system/cpu/cpu2/cache/index1/type
[25Sep2026 03:51:26.606] [main/DEBUG] [oshi.util.FileUtil/]: Reading file /sys/devices/system/cpu/cpu2/cache/index1/type
[25Sep2026 03:51:26.606] [main/DEBUG] [oshi.util.FileUtil/]: Reading file /sys/devices/system/cpu/cpu2/cache/index1/ways_of_associativity
[25Sep2026 03:51:26.606] [main/DEBUG] [oshi.util.FileUtil/]: Reading file /sys/devices/system/cpu/cpu2/cache/index1/ways_of_associativity
[25Sep2026 03:51:26.606] [main/DEBUG] [oshi.util.FileUtil/]: Reading file /sys/devices/system/cpu/cpu2/cache/index1/coherency_line_size
[25Sep2026 03:51:26.606] [main/DEBUG] [oshi.util.FileUtil/]: Reading file /sys/devices/system/cpu/cpu2/cache/index1/coherency_line_size
[25Sep2026 03:51:26.606] [main/DEBUG] [oshi.util.FileUtil/]: Reading file /sys/devices/system/cpu/cpu2/cache/index1/size
[25Sep2026 03:51:26.606] [main/DEBUG] [oshi.util.FileUtil/]: Reading file /sys/devices/system/cpu/cpu2/cache/index1/size
[25Sep2026 03:51:26.607] [main/DEBUG] [oshi.util.FileUtil/]: Reading file /sys/devices/system/cpu/cpu3/topology/core_id
[25Sep2026 03:51:26.607] [main/DEBUG] [oshi.util.FileUtil/]: Reading file /sys/devices/system/cpu/cpu3/topology/core_id
[25Sep2026 03:51:26.607] [main/DEBUG] [oshi.util.FileUtil/]: Reading file /sys/devices/system/cpu/cpu3/topology/physical_package_id
[25Sep2026 03:51:26.607] [main/DEBUG] [oshi.util.FileUtil/]: Reading file /sys/devices/system/cpu/cpu3/topology/physical_package_id
[25Sep2026 03:51:26.607] [main/DEBUG] [oshi.util.FileUtil/]: Reading file /sys/devices/system/cpu/cpu3/cpu_capacity
[25Sep2026 03:51:26.607] [main/DEBUG] [oshi.util.FileUtil/]: Reading file /sys/devices/system/cpu/cpu3/cache/index2/level
[25Sep2026 03:51:26.607] [main/DEBUG] [oshi.util.FileUtil/]: Reading file /sys/devices/system/cpu/cpu3/cache/index2/level
[25Sep2026 03:51:26.608] [main/DEBUG] [oshi.util.FileUtil/]: Reading file /sys/devices/system/cpu/cpu3/cache/index2/type
[25Sep2026 03:51:26.608] [main/DEBUG] [oshi.util.FileUtil/]: Reading file /sys/devices/system/cpu/cpu3/cache/index2/type
[25Sep2026 03:51:26.608] [main/DEBUG] [oshi.util.FileUtil/]: Reading file /sys/devices/system/cpu/cpu3/cache/index2/ways_of_associativity
[25Sep2026 03:51:26.608] [main/DEBUG] [oshi.util.FileUtil/]: Reading file /sys/devices/system/cpu/cpu3/cache/index2/ways_of_associativity
[25Sep2026 03:51:26.608] [main/DEBUG] [oshi.util.FileUtil/]: Reading file /sys/devices/system/cpu/cpu3/cache/index2/coherency_line_size
[25Sep2026 03:51:26.608] [main/DEBUG] [oshi.util.FileUtil/]: Reading file /sys/devices/system/cpu/cpu3/cache/index2/coherency_line_size
[25Sep2026 03:51:26.608] [main/DEBUG] [oshi.util.FileUtil/]: Reading file /sys/devices/system/cpu/cpu3/cache/index2/size
[25Sep2026 03:51:26.608] [main/DEBUG] [oshi.util.FileUtil/]: Reading file /sys/devices/system/cpu/cpu3/cache/index2/size
[25Sep2026 03:51:26.609] [main/DEBUG] [oshi.util.FileUtil/]: Reading file /sys/devices/system/cpu/cpu3/cache/index0/level
[25Sep2026 03:51:26.609] [main/DEBUG] [oshi.util.FileUtil/]: Reading file /sys/devices/system/cpu/cpu3/cache/index0/level
[25Sep2026 03:51:26.609] [main/DEBUG] [oshi.util.FileUtil/]: Reading file /sys/devices/system/cpu/cpu3/cache/index0/type
[25Sep2026 03:51:26.609] [main/DEBUG] [oshi.util.FileUtil/]: Reading file /sys/devices/system/cpu/cpu3/cache/index0/type
[25Sep2026 03:51:26.609] [main/DEBUG] [oshi.util.FileUtil/]: Reading file /sys/devices/system/cpu/cpu3/cache/index0/ways_of_associativity
[25Sep2026 03:51:26.609] [main/DEBUG] [oshi.util.FileUtil/]: Reading file /sys/devices/system/cpu/cpu3/cache/index0/ways_of_associativity
[25Sep2026 03:51:26.609] [main/DEBUG] [oshi.util.FileUtil/]: Reading file /sys/devices/system/cpu/cpu3/cache/index0/coherency_line_size
[25Sep2026 03:51:26.609] [main/DEBUG] [oshi.util.FileUtil/]: Reading file /sys/devices/system/cpu/cpu3/cache/index0/coherency_line_size
[25Sep2026 03:51:26.610] [main/DEBUG] [oshi.util.FileUtil/]: Reading file /sys/devices/system/cpu/cpu3/cache/index0/size
[25Sep2026 03:51:26.610] [main/DEBUG] [oshi.util.FileUtil/]: Reading file /sys/devices/system/cpu/cpu3/cache/index0/size
[25Sep2026 03:51:26.610] [main/DEBUG] [oshi.util.FileUtil/]: Reading file /sys/devices/system/cpu/cpu3/cache/index3/level
[25Sep2026 03:51:26.610] [main/DEBUG] [oshi.util.FileUtil/]: Reading file /sys/devices/system/cpu/cpu3/cache/index3/level
[25Sep2026 03:51:26.610] [main/DEBUG] [oshi.util.FileUtil/]: Reading file /sys/devices/system/cpu/cpu3/cache/index3/type
[25Sep2026 03:51:26.610] [main/DEBUG] [oshi.util.FileUtil/]: Reading file /sys/devices/system/cpu/cpu3/cache/index3/type
[25Sep2026 03:51:26.610] [main/DEBUG] [oshi.util.FileUtil/]: Reading file /sys/devices/system/cpu/cpu3/cache/index3/ways_of_associativity
[25Sep2026 03:51:26.610] [main/DEBUG] [oshi.util.FileUtil/]: Reading file /sys/devices/system/cpu/cpu3/cache/index3/ways_of_associativity
[25Sep2026 03:51:26.610] [main/DEBUG] [oshi.util.FileUtil/]: Reading file /sys/devices/system/cpu/cpu3/cache/index3/coherency_line_size
[25Sep2026 03:51:26.610] [main/DEBUG] [oshi.util.FileUtil/]: Reading file /sys/devices/system/cpu/cpu3/cache/index3/coherency_line_size
[25Sep2026 03:51:26.611] [main/DEBUG] [oshi.util.FileUtil/]: Reading file /sys/devices/system/cpu/cpu3/cache/index3/size
[25Sep2026 03:51:26.611] [main/DEBUG] [oshi.util.FileUtil/]: Reading file /sys/devices/system/cpu/cpu3/cache/index3/size
[25Sep2026 03:51:26.611] [main/DEBUG] [oshi.util.FileUtil/]: Reading file /sys/devices/system/cpu/cpu3/cache/index1/level
[25Sep2026 03:51:26.611] [main/DEBUG] [oshi.util.FileUtil/]: Reading file /sys/devices/system/cpu/cpu3/cache/index1/level
[25Sep2026 03:51:26.611] [main/DEBUG] [oshi.util.FileUtil/]: Reading file /sys/devices/system/cpu/cpu3/cache/index1/type
[25Sep2026 03:51:26.611] [main/DEBUG] [oshi.util.FileUtil/]: Reading file /sys/devices/system/cpu/cpu3/cache/index1/type
[25Sep2026 03:51:26.611] [main/DEBUG] [oshi.util.FileUtil/]: Reading file /sys/devices/system/cpu/cpu3/cache/index1/ways_of_associativity
[25Sep2026 03:51:26.611] [main/DEBUG] [oshi.util.FileUtil/]: Reading file /sys/devices/system/cpu/cpu3/cache/index1/ways_of_associativity
[25Sep2026 03:51:26.611] [main/DEBUG] [oshi.util.FileUtil/]: Reading file /sys/devices/system/cpu/cpu3/cache/index1/coherency_line_size
[25Sep2026 03:51:26.611] [main/DEBUG] [oshi.util.FileUtil/]: Reading file /sys/devices/system/cpu/cpu3/cache/index1/coherency_line_size
[25Sep2026 03:51:26.612] [main/DEBUG] [oshi.util.FileUtil/]: Reading file /sys/devices/system/cpu/cpu3/cache/index1/size
[25Sep2026 03:51:26.612] [main/DEBUG] [oshi.util.FileUtil/]: Reading file /sys/devices/system/cpu/cpu3/cache/index1/size
[25Sep2026 03:51:26.614] [main/DEBUG] [oshi.util.FileUtil/]: Reading file /proc/cpuinfo
[25Sep2026 03:51:26.615] [main/DEBUG] [oshi.util.FileUtil/]: Reading file /proc/cpuinfo
[25Sep2026 03:51:26.633] [main/DEBUG] [oshi.util.FileUtil/]: Reading file /proc/self/auxv
[25Sep2026 03:51:26.652] [main/DEBUG] [oshi.util.FileUtil/]: Reading file /proc/meminfo
[25Sep2026 03:51:26.656] [main/DEBUG] [oshi.util.FileUtil/]: Reading file /proc/meminfo
[25Sep2026 03:51:26.661] [main/DEBUG] [oshi.util.FileUtil/]: Reading file /etc/os-release
[25Sep2026 03:51:26.663] [main/DEBUG] [oshi.software.os.linux.LinuxOperatingSystem/]: os-release: NAME="Ubuntu"
[25Sep2026 03:51:26.664] [main/DEBUG] [oshi.software.os.linux.LinuxOperatingSystem/]: os-release: VERSION_ID="24.04"
[25Sep2026 03:51:26.664] [main/DEBUG] [oshi.software.os.linux.LinuxOperatingSystem/]: os-release: VERSION="24.04.5 LTS (Noble Numbat)"
[25Sep2026 03:51:26.664] [main/DEBUG] [oshi.util.FileUtil/]: Reading file /proc/version
[25Sep2026 03:51:26.668] [main/DEBUG] [oshi.util.FileUtil/]: Reading file /proc/3839/io
[25Sep2026 03:51:26.668] [main/DEBUG] [oshi.util.FileUtil/]: Reading file /proc/3839/io
[25Sep2026 03:51:26.669] [main/DEBUG] [oshi.util.FileUtil/]: Reading file /proc/3839/status
[25Sep2026 03:51:26.669] [main/DEBUG] [oshi.util.FileUtil/]: Reading file /proc/3839/status
[25Sep2026 03:51:26.669] [main/DEBUG] [oshi.util.FileUtil/]: Reading file /proc/3839/stat
[25Sep2026 03:51:26.669] [main/DEBUG] [oshi.util.FileUtil/]: Reading file /proc/3839/stat
[25Sep2026 03:51:26.670] [main/DEBUG] [oshi.util.FileUtil/]: Reading file /proc/self/stat
[25Sep2026 03:51:26.670] [main/DEBUG] [oshi.util.FileUtil/]: Reading file /proc/self/stat
[25Sep2026 03:51:26.725] [main/DEBUG] [mixin/]: Mixing MixinBuiltInRegistries from terrablender.mixins.json into net.minecraft.core.registries.BuiltInRegistries
[25Sep2026 03:51:26.725] [main/DEBUG] [mixin/]: terrablender.mixins.json:MixinBuiltInRegistries from mod terrablender: Class version 69 required is higher than the class version supported by the current version of Mixin (JAVA_17 supports class version 61)
[25Sep2026 03:51:26.726] [main/DEBUG] [mixin/]: Renaming synthetic method lambda$registerSimple$0(Lnet/minecraft/core/registries/BuiltInRegistries$RegistryBootstrap;Lnet/minecraft/core/Registry;)Ljava/lang/Object; to mdc4de4a$terrablender$lambda$registerSimple$0$0 in terrablender.mixins.json:MixinBuiltInRegistries from mod terrablender
[25Sep2026 03:51:26.728] [main/DEBUG] [mixin/]: terrablender.mixins.json:MixinBuiltInRegistries from mod terrablender->@Inject::registerSimple(Lnet/minecraft/resources/ResourceKey;Lnet/minecraft/core/registries/BuiltInRegistries$RegistryBootstrap;Lorg/spongepowered/asm/mixin/injection/callback/CallbackInfoReturnable;)V does use it's CallbackInfoReturnable
[25Sep2026 03:51:26.739] [main/DEBUG] [mixin/]: Mixing MappedRegistryAccessor from neoforge.mixins.json into net.minecraft.core.MappedRegistry
[25Sep2026 03:51:26.897] [main/DEBUG] [mixin/]: Mixing BlockStateBaseAccessor from balm.mixins.json into net.minecraft.world.level.block.state.BlockBehaviour$BlockStateBase
[25Sep2026 03:51:26.899] [main/DEBUG] [mixin/]: balm.mixins.json:BlockStateBaseAccessor from mod balm: Class version 69 required is higher than the class version supported by the current version of Mixin (JAVA_17 supports class version 61)
[25Sep2026 03:51:26.901] [main/DEBUG] [mixin/]: Mixing BlockStateBaseMixin from balm.mixins.json into net.minecraft.world.level.block.state.BlockBehaviour$BlockStateBase
[25Sep2026 03:51:26.901] [main/DEBUG] [mixin/]: balm.mixins.json:BlockStateBaseMixin from mod balm: Class version 69 required is higher than the class version supported by the current version of Mixin (JAVA_17 supports class version 61)
[25Sep2026 03:51:26.903] [main/DEBUG] [mixin/]: balm.mixins.json:BlockStateBaseMixin from mod balm->@Inject::getDestroyProgress(Lnet/minecraft/world/entity/player/Player;Lnet/minecraft/world/level/BlockGetter;Lnet/minecraft/core/BlockPos;Lorg/spongepowered/asm/mixin/injection/callback/CallbackInfoReturnable;)V does use it's CallbackInfoReturnable
[25Sep2026 03:51:26.928] [main/DEBUG] [mixin/]: Mixing entities.EntityAccessor from repurposed_structures-common.mixins.json into net.minecraft.world.entity.Entity
[25Sep2026 03:51:26.929] [main/DEBUG] [mixin/]: Mixing EntityMixin from balm.neoforge.mixins.json into net.minecraft.world.entity.Entity
[25Sep2026 03:51:26.929] [main/DEBUG] [mixin/]: balm.neoforge.mixins.json:EntityMixin from mod balm: Class version 69 required is higher than the class version supported by the current version of Mixin (JAVA_21 supports class version 65)
[25Sep2026 03:51:26.931] [main/DEBUG] [mixin/]: Renaming synthetic method lambda$load$1(Lnet/minecraft/world/level/storage/ValueInput;)Ljava/util/Optional; to mdc4de4a$balm$lambda$load$1$0 in balm.neoforge.mixins.json:EntityMixin from mod balm
[25Sep2026 03:51:26.931] [main/DEBUG] [mixin/]: Renaming synthetic method lambda$load$0(Lnet/minecraft/world/level/storage/ValueInput;)Ljava/util/Optional; to mdc4de4a$balm$lambda$load$0$1 in balm.neoforge.mixins.json:EntityMixin from mod balm
[25Sep2026 03:51:26.932] [main/DEBUG] [mixin/]: Mixing EntityMixin from collective_neoforge.mixins.json into net.minecraft.world.entity.Entity
[25Sep2026 03:51:26.934] [main/DEBUG] [mixin/]: Mixing EntityMixin from tombstone.mixins.json into net.minecraft.world.entity.Entity
[25Sep2026 03:51:26.934] [main/DEBUG] [mixin/]: tombstone.mixins.json:EntityMixin from mod tombstone: Class version 69 required is higher than the class version supported by the current version of Mixin (JAVA_21 supports class version 65)
[25Sep2026 03:51:26.934] [main/DEBUG] [mixin/]: Renaming synthetic method lambda$methodDeflection$0(Lnet/minecraft/world/entity/projectile/Projectile;Lnet/minecraft/world/entity/Entity;Lnet/minecraft/util/RandomSource;)V to mdc4de4a$tombstone$lambda$methodDeflection$0$2 in tombstone.mixins.json:EntityMixin from mod tombstone
[25Sep2026 03:51:26.947] [main/DEBUG] [mixin/]: balm.neoforge.mixins.json:EntityMixin from mod balm->@Inject::load(Lnet/minecraft/world/level/storage/ValueInput;Lorg/spongepowered/asm/mixin/injection/callback/CallbackInfo;)V doesn't use it's CallbackInfo
[25Sep2026 03:51:26.947] [main/DEBUG] [mixin/]: balm.neoforge.mixins.json:EntityMixin from mod balm->@Inject::load(Lnet/minecraft/world/level/storage/ValueInput;Lorg/spongepowered/asm/mixin/injection/callback/CallbackInfo;)V has 0 override(s) in child classes
[25Sep2026 03:51:26.948] [main/DEBUG] [mixin/]: balm.neoforge.mixins.json:EntityMixin from mod balm->@Inject::load(Lnet/minecraft/world/level/storage/ValueInput;Lorg/spongepowered/asm/mixin/injection/callback/CallbackInfo;)V won't be passed a CallbackInfo as a result
[25Sep2026 03:51:26.948] [main/DEBUG] [mixin/]: collective_neoforge.mixins.json:EntityMixin from mod collective->@Inject::Entity_saveWithoutId(Lnet/minecraft/world/level/storage/ValueOutput;Lorg/spongepowered/asm/mixin/injection/callback/CallbackInfo;)V doesn't use it's CallbackInfo
[25Sep2026 03:51:26.948] [main/DEBUG] [mixin/]: collective_neoforge.mixins.json:EntityMixin from mod collective->@Inject::Entity_saveWithoutId(Lnet/minecraft/world/level/storage/ValueOutput;Lorg/spongepowered/asm/mixin/injection/callback/CallbackInfo;)V has 0 override(s) in child classes
[25Sep2026 03:51:26.948] [main/DEBUG] [mixin/]: collective_neoforge.mixins.json:EntityMixin from mod collective->@Inject::Entity_saveWithoutId(Lnet/minecraft/world/level/storage/ValueOutput;Lorg/spongepowered/asm/mixin/injection/callback/CallbackInfo;)V won't be passed a CallbackInfo as a result
[25Sep2026 03:51:26.948] [main/DEBUG] [mixin/]: collective_neoforge.mixins.json:EntityMixin from mod collective->@Inject::Entity_load(Lnet/minecraft/world/level/storage/ValueInput;Lorg/spongepowered/asm/mixin/injection/callback/CallbackInfo;)V doesn't use it's CallbackInfo
[25Sep2026 03:51:26.948] [main/DEBUG] [mixin/]: collective_neoforge.mixins.json:EntityMixin from mod collective->@Inject::Entity_load(Lnet/minecraft/world/level/storage/ValueInput;Lorg/spongepowered/asm/mixin/injection/callback/CallbackInfo;)V has 0 override(s) in child classes
[25Sep2026 03:51:26.948] [main/DEBUG] [mixin/]: collective_neoforge.mixins.json:EntityMixin from mod collective->@Inject::Entity_load(Lnet/minecraft/world/level/storage/ValueInput;Lorg/spongepowered/asm/mixin/injection/callback/CallbackInfo;)V won't be passed a CallbackInfo as a result
[25Sep2026 03:51:26.949] [main/DEBUG] [mixin/]: tombstone.mixins.json:EntityMixin from mod tombstone->@Inject::methodIsAlliedTo(Lnet/minecraft/world/entity/Entity;Lorg/spongepowered/asm/mixin/injection/callback/CallbackInfoReturnable;)V does use it's CallbackInfoReturnable
[25Sep2026 03:51:26.949] [main/DEBUG] [mixin/]: tombstone.mixins.json:EntityMixin from mod tombstone->@Inject::methodIsInvisibleTo(Lnet/minecraft/world/entity/player/Player;Lorg/spongepowered/asm/mixin/injection/callback/CallbackInfoReturnable;)V does use it's CallbackInfoReturnable
[25Sep2026 03:51:26.949] [main/DEBUG] [mixin/]: tombstone.mixins.json:EntityMixin from mod tombstone->@Inject::methodDeflection(Lnet/minecraft/world/entity/projectile/Projectile;Lorg/spongepowered/asm/mixin/injection/callback/CallbackInfoReturnable;)V does use it's CallbackInfoReturnable
[25Sep2026 03:51:26.949] [main/DEBUG] [mixin/]: tombstone.mixins.json:EntityMixin from mod tombstone->@Inject::methodOnInsideBlock(Lnet/minecraft/world/level/block/state/BlockState;Lorg/spongepowered/asm/mixin/injection/callback/CallbackInfo;)V doesn't use it's CallbackInfo
[25Sep2026 03:51:26.949] [main/DEBUG] [mixin/]: tombstone.mixins.json:EntityMixin from mod tombstone->@Inject::methodOnInsideBlock(Lnet/minecraft/world/level/block/state/BlockState;Lorg/spongepowered/asm/mixin/injection/callback/CallbackInfo;)V has 0 override(s) in child classes
[25Sep2026 03:51:26.949] [main/DEBUG] [mixin/]: tombstone.mixins.json:EntityMixin from mod tombstone->@Inject::methodOnInsideBlock(Lnet/minecraft/world/level/block/state/BlockState;Lorg/spongepowered/asm/mixin/injection/callback/CallbackInfo;)V won't be passed a CallbackInfo as a result
[25Sep2026 03:51:27.021] [main/DEBUG] [mixin/]: Mixing LivingEntityMixin from balm.mixins.json into net.minecraft.world.entity.LivingEntity
[25Sep2026 03:51:27.021] [main/DEBUG] [mixin/]: balm.mixins.json:LivingEntityMixin from mod balm: Class version 69 required is higher than the class version supported by the current version of Mixin (JAVA_17 supports class version 61)
[25Sep2026 03:51:27.021] [main/DEBUG] [mixin/]: Mixing LivingEntityMixin from balm.neoforge.mixins.json into net.minecraft.world.entity.LivingEntity
[25Sep2026 03:51:27.022] [main/DEBUG] [mixin/]: balm.neoforge.mixins.json:LivingEntityMixin from mod balm: Class version 69 required is higher than the class version supported by the current version of Mixin (JAVA_21 supports class version 65)
[25Sep2026 03:51:27.022] [main/DEBUG] [mixin/]: Mixing LivingEntityMixin from tombstone.mixins.json into net.minecraft.world.entity.LivingEntity
[25Sep2026 03:51:27.022] [main/DEBUG] [mixin/]: tombstone.mixins.json:LivingEntityMixin from mod tombstone: Class version 69 required is higher than the class version supported by the current version of Mixin (JAVA_21 supports class version 65)
[25Sep2026 03:51:27.040] [main/DEBUG] [mixin/]: tombstone.mixins.json:LivingEntityMixin from mod tombstone->@Inject::methodCanAttack(Lnet/minecraft/world/entity/LivingEntity;Lorg/spongepowered/asm/mixin/injection/callback/CallbackInfoReturnable;)V does use it's CallbackInfoReturnable
[25Sep2026 03:51:27.040] [main/DEBUG] [mixin/]: tombstone.mixins.json:LivingEntityMixin from mod tombstone->@Inject::methodResolvePlayerResponsibleForDamage(Lnet/minecraft/world/damagesource/DamageSource;Lorg/spongepowered/asm/mixin/injection/callback/CallbackInfoReturnable;)V does use it's CallbackInfoReturnable
[25Sep2026 03:51:27.040] [main/DEBUG] [mixin/]: tombstone.mixins.json:LivingEntityMixin from mod tombstone->@Inject::methodGetDefaultDimensions(Lnet/minecraft/world/entity/Pose;Lorg/spongepowered/asm/mixin/injection/callback/CallbackInfoReturnable;)V does use it's CallbackInfoReturnable
[25Sep2026 03:51:27.118] [main/DEBUG] [mixin/]: Mixing PlayerMixin from travelersbackpack.mixins.json into net.minecraft.world.entity.player.Player
[25Sep2026 03:51:27.118] [main/DEBUG] [mixin/]: travelersbackpack.mixins.json:PlayerMixin from mod travelersbackpack: Class version 69 required is higher than the class version supported by the current version of Mixin (JAVA_21 supports class version 65)
[25Sep2026 03:51:27.121] [main/DEBUG] [mixin/]: Mixing PlayerMixin from playerrevive.mixins.json into net.minecraft.world.entity.player.Player
[25Sep2026 03:51:27.121] [main/DEBUG] [mixin/]: playerrevive.mixins.json:PlayerMixin from mod playerrevive: Class version 69 required is higher than the class version supported by the current version of Mixin (JAVA_17 supports class version 61)
[25Sep2026 03:51:27.127] [main/DEBUG] [mixin/]: travelersbackpack.mixins.json:PlayerMixin from mod travelersbackpack->@Inject::getFlyingSpeed(Lorg/spongepowered/asm/mixin/injection/callback/CallbackInfoReturnable;)V does use it's CallbackInfoReturnable
[25Sep2026 03:51:27.127] [main/DEBUG] [mixin/]: travelersbackpack.mixins.json:PlayerMixin from mod travelersbackpack->@Inject::getFlyingSpeed(Lorg/spongepowered/asm/mixin/injection/callback/CallbackInfoReturnable;)V does use it's CallbackInfoReturnable
[25Sep2026 03:51:27.127] [main/DEBUG] [mixin/]: playerrevive.mixins.json:PlayerMixin from mod playerrevive->@Inject::isBleeding(Lorg/spongepowered/asm/mixin/injection/callback/CallbackInfoReturnable;)V does use it's CallbackInfoReturnable
[25Sep2026 03:51:27.168] [main/DEBUG] [mixin/]: Mixing ServerLevelMixin from tombstone.mixins.json into net.minecraft.server.level.ServerLevel
[25Sep2026 03:51:27.172] [main/DEBUG] [mixin/]: tombstone.mixins.json:ServerLevelMixin from mod tombstone: Class version 69 required is higher than the class version supported by the current version of Mixin (JAVA_21 supports class version 65)
[25Sep2026 03:51:27.173] [main/DEBUG] [mixin/]: Mixing MixinServerLevel from glitchcore.mixins.json into net.minecraft.server.level.ServerLevel
[25Sep2026 03:51:27.173] [main/DEBUG] [mixin/]: glitchcore.mixins.json:MixinServerLevel from mod glitchcore: Class version 69 required is higher than the class version supported by the current version of Mixin (JAVA_17 supports class version 61)
[25Sep2026 03:51:27.173] [main/DEBUG] [mixin/]: Mixing ServerLevelMixin from collective_neoforge.mixins.json into net.minecraft.server.level.ServerLevel
[25Sep2026 03:51:27.175] [main/DEBUG] [mixin/]: tombstone.mixins.json:ServerLevelMixin from mod tombstone->@Inject::onAddEntity(Lnet/minecraft/world/entity/Entity;Lorg/spongepowered/asm/mixin/injection/callback/CallbackInfoReturnable;)V does use it's CallbackInfoReturnable
[25Sep2026 03:51:27.175] [main/DEBUG] [mixin/]: glitchcore.mixins.json:MixinServerLevel from mod glitchcore->@Inject::onAddPlayer(Lnet/minecraft/server/level/ServerPlayer;Lorg/spongepowered/asm/mixin/injection/callback/CallbackInfo;)V doesn't use it's CallbackInfo
[25Sep2026 03:51:27.175] [main/DEBUG] [mixin/]: glitchcore.mixins.json:MixinServerLevel from mod glitchcore->@Inject::onAddPlayer(Lnet/minecraft/server/level/ServerPlayer;Lorg/spongepowered/asm/mixin/injection/callback/CallbackInfo;)V has 0 override(s) in child classes
[25Sep2026 03:51:27.176] [main/DEBUG] [mixin/]: glitchcore.mixins.json:MixinServerLevel from mod glitchcore->@Inject::onAddPlayer(Lnet/minecraft/server/level/ServerPlayer;Lorg/spongepowered/asm/mixin/injection/callback/CallbackInfo;)V won't be passed a CallbackInfo as a result
[25Sep2026 03:51:27.176] [main/DEBUG] [mixin/]: collective_neoforge.mixins.json:ServerLevelMixin from mod collective->@Inject::serverLevel_close(Lorg/spongepowered/asm/mixin/injection/callback/CallbackInfo;)V doesn't use it's CallbackInfo
[25Sep2026 03:51:27.176] [main/DEBUG] [mixin/]: collective_neoforge.mixins.json:ServerLevelMixin from mod collective->@Inject::serverLevel_close(Lorg/spongepowered/asm/mixin/injection/callback/CallbackInfo;)V has 0 override(s) in child classes
[25Sep2026 03:51:27.176] [main/DEBUG] [mixin/]: collective_neoforge.mixins.json:ServerLevelMixin from mod collective->@Inject::serverLevel_close(Lorg/spongepowered/asm/mixin/injection/callback/CallbackInfo;)V won't be passed a CallbackInfo as a result
[25Sep2026 03:51:27.241] [main/DEBUG] [mixin/]: Mixing ShapesMixin from creativecore.mixins.json into net.minecraft.world.phys.shapes.Shapes
[25Sep2026 03:51:27.241] [main/DEBUG] [mixin/]: creativecore.mixins.json:ShapesMixin from mod creativecore: Class version 69 required is higher than the class version supported by the current version of Mixin (JAVA_21 supports class version 65)
[25Sep2026 03:51:27.247] [main/DEBUG] [mixin/]: creativecore.mixins.json:ShapesMixin from mod creativecore->@Inject::joinUnoptimized(Lnet/minecraft/world/phys/shapes/VoxelShape;Lnet/minecraft/world/phys/shapes/VoxelShape;Lnet/minecraft/world/phys/shapes/BooleanOp;Lorg/spongepowered/asm/mixin/injection/callback/CallbackInfoReturnable;)V does use it's CallbackInfoReturnable
[25Sep2026 03:51:27.247] [main/DEBUG] [mixin/]: creativecore.mixins.json:ShapesMixin from mod creativecore->@Inject::joinUnoptimized(Lnet/minecraft/world/phys/shapes/VoxelShape;Lnet/minecraft/world/phys/shapes/VoxelShape;Lnet/minecraft/world/phys/shapes/BooleanOp;Lorg/spongepowered/asm/mixin/injection/callback/CallbackInfoReturnable;)V does use it's CallbackInfoReturnable
[25Sep2026 03:51:27.247] [main/DEBUG] [mixin/]: creativecore.mixins.json:ShapesMixin from mod creativecore->@Inject::joinUnoptimized(Lnet/minecraft/world/phys/shapes/VoxelShape;Lnet/minecraft/world/phys/shapes/VoxelShape;Lnet/minecraft/world/phys/shapes/BooleanOp;Lorg/spongepowered/asm/mixin/injection/callback/CallbackInfoReturnable;)V does use it's CallbackInfoReturnable
[25Sep2026 03:51:27.247] [main/DEBUG] [mixin/]: creativecore.mixins.json:ShapesMixin from mod creativecore->@Inject::joinIsNotEmpty(Lnet/minecraft/world/phys/shapes/VoxelShape;Lnet/minecraft/world/phys/shapes/VoxelShape;Lnet/minecraft/world/phys/shapes/BooleanOp;Lorg/spongepowered/asm/mixin/injection/callback/CallbackInfoReturnable;)V does use it's CallbackInfoReturnable
[25Sep2026 03:51:27.247] [main/DEBUG] [mixin/]: creativecore.mixins.json:ShapesMixin from mod creativecore->@Inject::joinIsNotEmpty(Lnet/minecraft/world/phys/shapes/VoxelShape;Lnet/minecraft/world/phys/shapes/VoxelShape;Lnet/minecraft/world/phys/shapes/BooleanOp;Lorg/spongepowered/asm/mixin/injection/callback/CallbackInfoReturnable;)V does use it's CallbackInfoReturnable
[25Sep2026 03:51:27.248] [main/DEBUG] [mixin/]: creativecore.mixins.json:ShapesMixin from mod creativecore->@Inject::joinIsNotEmpty(Lnet/minecraft/world/phys/shapes/VoxelShape;Lnet/minecraft/world/phys/shapes/VoxelShape;Lnet/minecraft/world/phys/shapes/BooleanOp;Lorg/spongepowered/asm/mixin/injection/callback/CallbackInfoReturnable;)V does use it's CallbackInfoReturnable
[25Sep2026 03:51:27.255] [main/DEBUG] [mixin/]: Mixing VoxelShapeAccessor from creativecore.mixins.json into net.minecraft.world.phys.shapes.VoxelShape
[25Sep2026 03:51:27.256] [main/DEBUG] [mixin/]: creativecore.mixins.json:VoxelShapeAccessor from mod creativecore: Class version 69 required is higher than the class version supported by the current version of Mixin (JAVA_21 supports class version 65)
[25Sep2026 03:51:27.451] [main/DEBUG] [mixin/]: Mixing ChestBlockMixin from tombstone.mixins.json into net.minecraft.world.level.block.ChestBlock
[25Sep2026 03:51:27.459] [main/DEBUG] [mixin/]: tombstone.mixins.json:ChestBlockMixin from mod tombstone: Class version 69 required is higher than the class version supported by the current version of Mixin (JAVA_21 supports class version 65)
[25Sep2026 03:51:27.462] [main/DEBUG] [mixin/]: tombstone.mixins.json:ChestBlockMixin from mod tombstone->@Inject::methodGetTicker(Lnet/minecraft/world/level/Level;Lnet/minecraft/world/level/block/state/BlockState;Lnet/minecraft/world/level/block/entity/BlockEntityType;Lorg/spongepowered/asm/mixin/injection/callback/CallbackInfoReturnable;)V does use it's CallbackInfoReturnable
[25Sep2026 03:51:27.469] [main/DEBUG] [mixin/]: Mixing client.FlowerPotBlockInvoker from journeymap.mixins.json into net.minecraft.world.level.block.FlowerPotBlock
[25Sep2026 03:51:27.469] [main/DEBUG] [mixin/]: journeymap.mixins.json:client.FlowerPotBlockInvoker from mod journeymap: Class version 69 required is higher than the class version supported by the current version of Mixin (JAVA_17 supports class version 61)
[25Sep2026 03:51:27.511] [main/DEBUG] [mixin/]: Mixing StemBlockMixin from balm.mixins.json into net.minecraft.world.level.block.StemBlock
[25Sep2026 03:51:27.513] [main/DEBUG] [mixin/]: balm.mixins.json:StemBlockMixin from mod balm: Class version 69 required is higher than the class version supported by the current version of Mixin (JAVA_17 supports class version 61)
[25Sep2026 03:51:27.514] [main/DEBUG] [mixin/]: balm.mixins.json:StemBlockMixin from mod balm->@Inject::mayPlaceOn(Lnet/minecraft/world/level/block/state/BlockState;Lnet/minecraft/world/level/BlockGetter;Lnet/minecraft/core/BlockPos;Lorg/spongepowered/asm/mixin/injection/callback/CallbackInfoReturnable;)V does use it's CallbackInfoReturnable
[25Sep2026 03:51:27.565] [main/DEBUG] [mixin/]: Mixing EntityTypeMixin from tombstone.mixins.json into net.minecraft.world.entity.EntityType
[25Sep2026 03:51:27.565] [main/DEBUG] [mixin/]: tombstone.mixins.json:EntityTypeMixin from mod tombstone: Class version 69 required is higher than the class version supported by the current version of Mixin (JAVA_21 supports class version 65)
[25Sep2026 03:51:27.566] [main/DEBUG] [mixin/]: tombstone.mixins.json:EntityTypeMixin from mod tombstone->@Inject::methodCanSpawn(Lnet/minecraft/world/level/Level;Lorg/spongepowered/asm/mixin/injection/callback/CallbackInfoReturnable;)V does use it's CallbackInfoReturnable
[25Sep2026 03:51:27.662] [main/DEBUG] [mixin/]: Mixing BlockEntityMixin from collective_neoforge.mixins.json into net.minecraft.world.level.block.entity.BlockEntity
[25Sep2026 03:51:27.664] [main/DEBUG] [mixin/]: collective_neoforge.mixins.json:BlockEntityMixin from mod collective->@Inject::setLevel(Lnet/minecraft/world/level/Level;Lorg/spongepowered/asm/mixin/injection/callback/CallbackInfo;)V doesn't use it's CallbackInfo
[25Sep2026 03:51:27.664] [main/DEBUG] [mixin/]: collective_neoforge.mixins.json:BlockEntityMixin from mod collective->@Inject::setLevel(Lnet/minecraft/world/level/Level;Lorg/spongepowered/asm/mixin/injection/callback/CallbackInfo;)V has 0 override(s) in child classes
[25Sep2026 03:51:27.665] [main/DEBUG] [mixin/]: collective_neoforge.mixins.json:BlockEntityMixin from mod collective->@Inject::setLevel(Lnet/minecraft/world/level/Level;Lorg/spongepowered/asm/mixin/injection/callback/CallbackInfo;)V won't be passed a CallbackInfo as a result
[25Sep2026 03:51:27.665] [main/DEBUG] [mixin/]: collective_neoforge.mixins.json:BlockEntityMixin from mod collective->@Inject::setRemoved(Lorg/spongepowered/asm/mixin/injection/callback/CallbackInfo;)V doesn't use it's CallbackInfo
[25Sep2026 03:51:27.665] [main/DEBUG] [mixin/]: collective_neoforge.mixins.json:BlockEntityMixin from mod collective->@Inject::setRemoved(Lorg/spongepowered/asm/mixin/injection/callback/CallbackInfo;)V has 0 override(s) in child classes
[25Sep2026 03:51:27.665] [main/DEBUG] [mixin/]: collective_neoforge.mixins.json:BlockEntityMixin from mod collective->@Inject::setRemoved(Lorg/spongepowered/asm/mixin/injection/callback/CallbackInfo;)V won't be passed a CallbackInfo as a result
[25Sep2026 03:51:27.672] [main/DEBUG] [mixin/]: Mixing BrushableBlockEntityMixin from tombstone.mixins.json into net.minecraft.world.level.block.entity.BrushableBlockEntity
[25Sep2026 03:51:27.672] [main/DEBUG] [mixin/]: tombstone.mixins.json:BrushableBlockEntityMixin from mod tombstone: Class version 69 required is higher than the class version supported by the current version of Mixin (JAVA_21 supports class version 65)
[25Sep2026 03:51:27.674] [main/DEBUG] [mixin/]: tombstone.mixins.json:BrushableBlockEntityMixin from mod tombstone->@Inject::methodUnpackLootTable(Lnet/minecraft/server/level/ServerLevel;Lnet/minecraft/world/entity/LivingEntity;Lnet/minecraft/world/item/ItemInstance;Lorg/spongepowered/asm/mixin/injection/callback/CallbackInfo;)V does use it's CallbackInfo
[25Sep2026 03:51:27.956] [main/DEBUG] [mixin/]: Mixing MobMixin from tombstone.mixins.json into net.minecraft.world.entity.Mob
[25Sep2026 03:51:27.956] [main/DEBUG] [mixin/]: tombstone.mixins.json:MobMixin from mod tombstone: Class version 69 required is higher than the class version supported by the current version of Mixin (JAVA_21 supports class version 65)
[25Sep2026 03:51:27.957] [main/DEBUG] [mixin/]: Renaming synthetic method lambda$methodSetTarget$0(Lnet/minecraft/world/entity/LivingEntity;Lnet/minecraft/world/entity/EntityReference;)Ljava/lang/Boolean; to mdc4de4a$tombstone$lambda$methodSetTarget$0$0 in tombstone.mixins.json:MobMixin from mod tombstone
[25Sep2026 03:51:27.960] [main/DEBUG] [mixin/]: tombstone.mixins.json:MobMixin from mod tombstone->@Inject::methodIsSunBurnTick(Lorg/spongepowered/asm/mixin/injection/callback/CallbackInfoReturnable;)V does use it's CallbackInfoReturnable
[25Sep2026 03:51:27.960] [main/DEBUG] [mixin/]: tombstone.mixins.json:MobMixin from mod tombstone->@Inject::methodCheckDespawn(Lorg/spongepowered/asm/mixin/injection/callback/CallbackInfo;)V does use it's CallbackInfo
[25Sep2026 03:51:27.960] [main/DEBUG] [mixin/]: tombstone.mixins.json:MobMixin from mod tombstone->@Inject::methodTick(Lorg/spongepowered/asm/mixin/injection/callback/CallbackInfo;)V doesn't use it's CallbackInfo
[25Sep2026 03:51:27.960] [main/DEBUG] [mixin/]: tombstone.mixins.json:MobMixin from mod tombstone->@Inject::methodTick(Lorg/spongepowered/asm/mixin/injection/callback/CallbackInfo;)V has 0 override(s) in child classes
[25Sep2026 03:51:27.960] [main/DEBUG] [mixin/]: tombstone.mixins.json:MobMixin from mod tombstone->@Inject::methodTick(Lorg/spongepowered/asm/mixin/injection/callback/CallbackInfo;)V won't be passed a CallbackInfo as a result
[25Sep2026 03:51:27.961] [main/DEBUG] [mixin/]: tombstone.mixins.json:MobMixin from mod tombstone->@Inject::methodCanBeLeashed(Lorg/spongepowered/asm/mixin/injection/callback/CallbackInfoReturnable;)V does use it's CallbackInfoReturnable
[25Sep2026 03:51:27.961] [main/DEBUG] [mixin/]: tombstone.mixins.json:MobMixin from mod tombstone->@Inject::methodSetTarget(Lnet/minecraft/world/entity/LivingEntity;Lorg/spongepowered/asm/mixin/injection/callback/CallbackInfo;)V does use it's CallbackInfo
[25Sep2026 03:51:27.975] [main/DEBUG] [mixin/]: Mixing MonsterMixin from tombstone.mixins.json into net.minecraft.world.entity.monster.Monster
[25Sep2026 03:51:27.975] [main/DEBUG] [mixin/]: tombstone.mixins.json:MonsterMixin from mod tombstone: Class version 69 required is higher than the class version supported by the current version of Mixin (JAVA_21 supports class version 65)
[25Sep2026 03:51:27.977] [main/DEBUG] [mixin/]: tombstone.mixins.json:MonsterMixin from mod tombstone->@Inject::methodIsPreventingPlayerRest(Lnet/minecraft/server/level/ServerLevel;Lnet/minecraft/world/entity/player/Player;Lorg/spongepowered/asm/mixin/injection/callback/CallbackInfoReturnable;)V does use it's CallbackInfoReturnable
[25Sep2026 03:51:27.977] [main/DEBUG] [mixin/]: tombstone.mixins.json:MonsterMixin from mod tombstone->@Inject::methodGetWalkTargetValue(Lnet/minecraft/core/BlockPos;Lnet/minecraft/world/level/LevelReader;Lorg/spongepowered/asm/mixin/injection/callback/CallbackInfoReturnable;)V does use it's CallbackInfoReturnable
[25Sep2026 03:51:28.096] [main/DEBUG] [mixin/]: Mixing BlockEntityTypeAccessor from neoforge.mixins.json into net.minecraft.world.level.block.entity.BlockEntityType
[25Sep2026 03:51:28.133] [main/DEBUG] [mixin/]: Mixing AbstractContainerMenuMixin from travelersbackpack.mixins.json into net.minecraft.world.inventory.AbstractContainerMenu
[25Sep2026 03:51:28.134] [main/DEBUG] [mixin/]: travelersbackpack.mixins.json:AbstractContainerMenuMixin from mod travelersbackpack: Class version 69 required is higher than the class version supported by the current version of Mixin (JAVA_21 supports class version 65)
[25Sep2026 03:51:28.165] [main/DEBUG] [mixin/]: Mixing CropBlockMixin from balm.mixins.json into net.minecraft.world.level.block.CropBlock
[25Sep2026 03:51:28.166] [main/DEBUG] [mixin/]: balm.mixins.json:CropBlockMixin from mod balm: Class version 69 required is higher than the class version supported by the current version of Mixin (JAVA_17 supports class version 61)
[25Sep2026 03:51:28.167] [main/DEBUG] [mixin/]: balm.mixins.json:CropBlockMixin from mod balm->@Inject::mayPlaceOn(Lnet/minecraft/world/level/block/state/BlockState;Lnet/minecraft/world/level/BlockGetter;Lnet/minecraft/core/BlockPos;Lorg/spongepowered/asm/mixin/injection/callback/CallbackInfoReturnable;)V does use it's CallbackInfoReturnable
[25Sep2026 03:51:29.085] [main/DEBUG] [mixin/]: Mixing ItemStackMixin from travelersbackpack.mixins.json into net.minecraft.world.item.ItemStack
[25Sep2026 03:51:29.086] [main/DEBUG] [mixin/]: travelersbackpack.mixins.json:ItemStackMixin from mod travelersbackpack: Class version 69 required is higher than the class version supported by the current version of Mixin (JAVA_21 supports class version 65)
[25Sep2026 03:51:29.086] [main/DEBUG] [mixin/]: Mixing MixinItemStack from glitchcore.mixins.json into net.minecraft.world.item.ItemStack
[25Sep2026 03:51:29.086] [main/DEBUG] [mixin/]: glitchcore.mixins.json:MixinItemStack from mod glitchcore: Class version 69 required is higher than the class version supported by the current version of Mixin (JAVA_17 supports class version 61)
[25Sep2026 03:51:29.089] [main/DEBUG] [mixin/]: travelersbackpack.mixins.json:ItemStackMixin from mod travelersbackpack->@Inject::afterOverrideOtherStackedOnMe(Lnet/minecraft/world/item/ItemStack;Lnet/minecraft/world/inventory/Slot;Lnet/minecraft/world/inventory/ClickAction;Lnet/minecraft/world/entity/player/Player;Lnet/minecraft/world/entity/SlotAccess;Lorg/spongepowered/asm/mixin/injection/callback/CallbackInfoReturnable;)V does use it's CallbackInfoReturnable
[25Sep2026 03:51:29.089] [main/DEBUG] [mixin/]: glitchcore.mixins.json:MixinItemStack from mod glitchcore->@Inject::onUse(Lnet/minecraft/world/level/Level;Lnet/minecraft/world/entity/player/Player;Lnet/minecraft/world/InteractionHand;Lorg/spongepowered/asm/mixin/injection/callback/CallbackInfoReturnable;)V does use it's CallbackInfoReturnable
[25Sep2026 03:51:29.089] [main/DEBUG] [mixin/]: glitchcore.mixins.json:MixinItemStack from mod glitchcore->@Inject::onFinishUsingItemBegin(Lnet/minecraft/world/level/Level;Lnet/minecraft/world/entity/LivingEntity;Lorg/spongepowered/asm/mixin/injection/callback/CallbackInfoReturnable;)V doesn't use it's CallbackInfoReturnable
[25Sep2026 03:51:29.089] [main/DEBUG] [mixin/]: glitchcore.mixins.json:MixinItemStack from mod glitchcore->@Inject::onFinishUsingItem(Lnet/minecraft/world/level/Level;Lnet/minecraft/world/entity/LivingEntity;Lorg/spongepowered/asm/mixin/injection/callback/CallbackInfoReturnable;)V does use it's CallbackInfoReturnable
[25Sep2026 03:51:29.096] [main/DEBUG] [mixin/]: Mixing ItemStackExtensionMixin from tombstone.mixins.json into net.neoforged.neoforge.common.extensions.IItemStackExtension
[25Sep2026 03:51:29.096] [main/DEBUG] [mixin/]: tombstone.mixins.json:ItemStackExtensionMixin from mod tombstone: Class version 69 required is higher than the class version supported by the current version of Mixin (JAVA_21 supports class version 65)
[25Sep2026 03:51:29.097] [main/DEBUG] [mixin/]: tombstone.mixins.json:ItemStackExtensionMixin from mod tombstone->@Inject::methodIsPrimaryItemFor(Lnet/minecraft/core/Holder;Lorg/spongepowered/asm/mixin/injection/callback/CallbackInfoReturnable;)V does use it's CallbackInfoReturnable
[25Sep2026 03:51:29.097] [main/DEBUG] [mixin/]: tombstone.mixins.json:ItemStackExtensionMixin from mod tombstone->@Inject::methodSupportsEnchantment(Lnet/minecraft/core/Holder;Lorg/spongepowered/asm/mixin/injection/callback/CallbackInfoReturnable;)V does use it's CallbackInfoReturnable
[25Sep2026 03:51:29.104] [main/DEBUG] [mixin/]: Mixing MixinServerPlayer from glitchcore.neoforge.mixins.json into net.minecraft.server.level.ServerPlayer
[25Sep2026 03:51:29.104] [main/DEBUG] [mixin/]: glitchcore.neoforge.mixins.json:MixinServerPlayer from mod glitchcore: Class version 69 required is higher than the class version supported by the current version of Mixin (JAVA_17 supports class version 61)
[25Sep2026 03:51:29.104] [main/DEBUG] [mixin/]: Mixing ServerPlayerMixin from playerrevive.mixins.json into net.minecraft.server.level.ServerPlayer
[25Sep2026 03:51:29.104] [main/DEBUG] [mixin/]: playerrevive.mixins.json:ServerPlayerMixin from mod playerrevive: Class version 69 required is higher than the class version supported by the current version of Mixin (JAVA_17 supports class version 61)
[25Sep2026 03:51:29.105] [main/DEBUG] [mixin/]: Mixing ServerPlayerMixin from collective_neoforge.mixins.json into net.minecraft.server.level.ServerPlayer
[25Sep2026 03:51:29.105] [main/DEBUG] [mixin/]: Mixing ServerPlayerMixin from tombstone.mixins.json into net.minecraft.server.level.ServerPlayer
[25Sep2026 03:51:29.105] [main/DEBUG] [mixin/]: tombstone.mixins.json:ServerPlayerMixin from mod tombstone: Class version 69 required is higher than the class version supported by the current version of Mixin (JAVA_21 supports class version 65)
[25Sep2026 03:51:29.108] [main/DEBUG] [mixin/]: glitchcore.neoforge.mixins.json:MixinServerPlayer from mod glitchcore->@Inject::onTeleport(Lnet/minecraft/world/level/portal/TeleportTransition;Lorg/spongepowered/asm/mixin/injection/callback/CallbackInfoReturnable;)V doesn't use it's CallbackInfoReturnable
[25Sep2026 03:51:29.108] [main/DEBUG] [mixin/]: glitchcore.neoforge.mixins.json:MixinServerPlayer from mod glitchcore->@Inject::onTeleport(Lnet/minecraft/world/level/portal/TeleportTransition;Lorg/spongepowered/asm/mixin/injection/callback/CallbackInfoReturnable;)V has 0 override(s) in child classes
[25Sep2026 03:51:29.108] [main/DEBUG] [mixin/]: glitchcore.neoforge.mixins.json:MixinServerPlayer from mod glitchcore->@Inject::onTeleport(Lnet/minecraft/world/level/portal/TeleportTransition;Lorg/spongepowered/asm/mixin/injection/callback/CallbackInfoReturnable;)V won't be passed a CallbackInfoReturnable as a result
[25Sep2026 03:51:29.108] [main/DEBUG] [mixin/]: playerrevive.mixins.json:ServerPlayerMixin from mod playerrevive->@Inject::getPermissionLevel(Lorg/spongepowered/asm/mixin/injection/callback/CallbackInfoReturnable;)V does use it's CallbackInfoReturnable
[25Sep2026 03:51:29.109] [main/DEBUG] [mixin/]: collective_neoforge.mixins.json:ServerPlayerMixin from mod collective->@Inject::ServerPlayer_restoreFrom(Lnet/minecraft/server/level/ServerPlayer;ZLorg/spongepowered/asm/mixin/injection/callback/CallbackInfo;)V doesn't use it's CallbackInfo
[25Sep2026 03:51:29.109] [main/DEBUG] [mixin/]: collective_neoforge.mixins.json:ServerPlayerMixin from mod collective->@Inject::ServerPlayer_restoreFrom(Lnet/minecraft/server/level/ServerPlayer;ZLorg/spongepowered/asm/mixin/injection/callback/CallbackInfo;)V has 0 override(s) in child classes
[25Sep2026 03:51:29.109] [main/DEBUG] [mixin/]: collective_neoforge.mixins.json:ServerPlayerMixin from mod collective->@Inject::ServerPlayer_restoreFrom(Lnet/minecraft/server/level/ServerPlayer;ZLorg/spongepowered/asm/mixin/injection/callback/CallbackInfo;)V won't be passed a CallbackInfo as a result
[25Sep2026 03:51:29.109] [main/DEBUG] [mixin/]: tombstone.mixins.json:ServerPlayerMixin from mod tombstone->@Inject::methodMayInteract(Lnet/minecraft/server/level/ServerLevel;Lnet/minecraft/core/BlockPos;Lorg/spongepowered/asm/mixin/injection/callback/CallbackInfoReturnable;)V does use it's CallbackInfoReturnable
[25Sep2026 03:51:29.109] [main/DEBUG] [mixin/]: tombstone.mixins.json:ServerPlayerMixin from mod tombstone->@Inject::methodGiveExperiencePoints(ILorg/spongepowered/asm/mixin/injection/callback/CallbackInfo;)V does use it's CallbackInfo
[25Sep2026 03:51:29.800] [main/DEBUG] [mixin/]: Mixing ItemMixin from tombstone.mixins.json into net.minecraft.world.item.Item
[25Sep2026 03:51:29.800] [main/DEBUG] [mixin/]: tombstone.mixins.json:ItemMixin from mod tombstone: Class version 69 required is higher than the class version supported by the current version of Mixin (JAVA_21 supports class version 65)
[25Sep2026 03:51:29.801] [main/DEBUG] [mixin/]: tombstone.mixins.json:ItemMixin from mod tombstone->@Inject::methodGetItemDamageSource(Lnet/minecraft/world/entity/LivingEntity;Lorg/spongepowered/asm/mixin/injection/callback/CallbackInfoReturnable;)V does use it's CallbackInfoReturnable
[25Sep2026 03:51:30.049] [main/DEBUG] [mixin/]: Mixing PotionContentsMixin from tombstone.mixins.json into net.minecraft.world.item.alchemy.PotionContents
[25Sep2026 03:51:30.050] [main/DEBUG] [mixin/]: tombstone.mixins.json:PotionContentsMixin from mod tombstone: Class version 69 required is higher than the class version supported by the current version of Mixin (JAVA_21 supports class version 65)
[25Sep2026 03:51:30.050] [main/DEBUG] [mixin/]: Renaming synthetic method lambda$methodAddToTooltip$0(Ljava/util/function/Consumer;Lnet/minecraft/core/component/DataComponentGetter;Lnet/minecraft/world/item/Item$TooltipContext;Lorg/spongepowered/asm/mixin/injection/callback/CallbackInfo;Lnet/minecraft/world/entity/player/Player;)V to mdc4de4a$tombstone$lambda$methodAddToTooltip$0$0 in tombstone.mixins.json:PotionContentsMixin from mod tombstone
[25Sep2026 03:51:30.050] [main/DEBUG] [mixin/]: Renaming synthetic method lambda$methodOnConsume$0(Lnet/minecraft/server/level/ServerLevel;Lnet/minecraft/server/level/ServerPlayer;Lnet/minecraft/world/entity/LivingEntity;FLnet/minecraft/world/effect/MobEffectInstance;)V to mdc4de4a$tombstone$lambda$methodOnConsume$0$1 in tombstone.mixins.json:PotionContentsMixin from mod tombstone
[25Sep2026 03:51:30.050] [main/DEBUG] [mixin/]: Renaming synthetic method lambda$methodOnConsume$1(FLnet/minecraft/world/effect/MobEffectInstance;)Ljava/lang/Integer; to mdc4de4a$tombstone$lambda$methodOnConsume$1$2 in tombstone.mixins.json:PotionContentsMixin from mod tombstone
[25Sep2026 03:51:30.052] [main/DEBUG] [mixin/]: tombstone.mixins.json:PotionContentsMixin from mod tombstone->@Inject::methodOnConsume(Lnet/minecraft/world/level/Level;Lnet/minecraft/world/entity/LivingEntity;Lnet/minecraft/world/item/ItemStack;Lnet/minecraft/world/item/component/Consumable;Lorg/spongepowered/asm/mixin/injection/callback/CallbackInfo;)V does use it's CallbackInfo
[25Sep2026 03:51:30.052] [main/DEBUG] [mixin/]: tombstone.mixins.json:PotionContentsMixin from mod tombstone->@Inject::methodAddToTooltip(Lnet/minecraft/world/item/Item$TooltipContext;Ljava/util/function/Consumer;Lnet/minecraft/world/item/TooltipFlag;Lnet/minecraft/core/component/DataComponentGetter;Lorg/spongepowered/asm/mixin/injection/callback/CallbackInfo;)V does use it's CallbackInfo
[25Sep2026 03:51:30.095] [main/DEBUG] [mixin/]: Mixing LevelChunkMixin from tombstone.mixins.json into net.minecraft.world.level.chunk.LevelChunk
[25Sep2026 03:51:30.096] [main/DEBUG] [mixin/]: tombstone.mixins.json:LevelChunkMixin from mod tombstone: Class version 69 required is higher than the class version supported by the current version of Mixin (JAVA_21 supports class version 65)
[25Sep2026 03:51:30.096] [main/DEBUG] [mixin/]: Renaming synthetic method lambda$methodSetBlockState$0(Lnet/minecraft/world/level/Level;Lnet/minecraft/core/BlockPos;Lnet/minecraft/world/level/block/state/BlockState;Lnet/minecraft/world/level/block/state/BlockState;Lnet/minecraft/world/level/block/entity/BlockEntity;)V to mdc4de4a$tombstone$lambda$methodSetBlockState$0$0 in tombstone.mixins.json:LevelChunkMixin from mod tombstone
[25Sep2026 03:51:30.097] [main/DEBUG] [mixin/]: Renaming synthetic method lambda$methodSetBlockState$1(Lnet/minecraft/world/level/Level;Lnet/minecraft/core/BlockPos;Lnet/minecraft/world/level/block/state/BlockState;Lnet/minecraft/nbt/CompoundTag;Lnet/minecraft/world/level/block/state/BlockState;)V to mdc4de4a$tombstone$lambda$methodSetBlockState$1$1 in tombstone.mixins.json:LevelChunkMixin from mod tombstone
[25Sep2026 03:51:30.097] [main/DEBUG] [mixin/]: Renaming synthetic method lambda$methodSetBlockState$2(Lnet/minecraft/nbt/CompoundTag;Lnet/minecraft/world/level/Level;Lnet/minecraft/core/BlockPos;Lnet/minecraft/world/level/block/state/BlockState;Lnet/minecraft/world/level/block/state/BlockState;Lnet/minecraft/world/level/block/entity/BlockEntity;)V to mdc4de4a$tombstone$lambda$methodSetBlockState$2$2 in tombstone.mixins.json:LevelChunkMixin from mod tombstone
[25Sep2026 03:51:30.098] [main/DEBUG] [mixin/]: tombstone.mixins.json:LevelChunkMixin from mod tombstone->@Inject::methodSetBlockState(Lnet/minecraft/core/BlockPos;Lnet/minecraft/world/level/block/state/BlockState;ILorg/spongepowered/asm/mixin/injection/callback/CallbackInfoReturnable;)V doesn't use it's CallbackInfoReturnable
[25Sep2026 03:51:30.098] [main/DEBUG] [mixin/]: tombstone.mixins.json:LevelChunkMixin from mod tombstone->@Inject::methodSetBlockState(Lnet/minecraft/core/BlockPos;Lnet/minecraft/world/level/block/state/BlockState;ILorg/spongepowered/asm/mixin/injection/callback/CallbackInfoReturnable;)V has 0 override(s) in child classes
[25Sep2026 03:51:30.098] [main/DEBUG] [mixin/]: tombstone.mixins.json:LevelChunkMixin from mod tombstone->@Inject::methodSetBlockState(Lnet/minecraft/core/BlockPos;Lnet/minecraft/world/level/block/state/BlockState;ILorg/spongepowered/asm/mixin/injection/callback/CallbackInfoReturnable;)V won't be passed a CallbackInfoReturnable as a result
[25Sep2026 03:51:30.143] [main/DEBUG] [mixin/]: Mixing resources.LootContextAccessor from repurposed_structures-common.mixins.json into net.minecraft.world.level.storage.loot.LootContext
[25Sep2026 03:51:30.850] [main/DEBUG] [mixin/]: Mixing entities.BlockAttachedEntityMixin from repurposed_structures-common.mixins.json into net.minecraft.world.entity.decoration.BlockAttachedEntity
[25Sep2026 03:51:30.967] [main/DEBUG] [mixin/]: Mixing accessor.VillagerAccessor from tombstone.mixins.json into net.minecraft.world.entity.npc.villager.Villager
[25Sep2026 03:51:30.969] [main/DEBUG] [mixin/]: tombstone.mixins.json:accessor.VillagerAccessor from mod tombstone: Class version 69 required is higher than the class version supported by the current version of Mixin (JAVA_21 supports class version 65)
[25Sep2026 03:51:31.089] [main/DEBUG] [mixin/]: Mixing CombatTrackerAccessor from playerrevive.mixins.json into net.minecraft.world.damagesource.CombatTracker
[25Sep2026 03:51:31.089] [main/DEBUG] [mixin/]: playerrevive.mixins.json:CombatTrackerAccessor from mod playerrevive: Class version 69 required is higher than the class version supported by the current version of Mixin (JAVA_17 supports class version 61)
[25Sep2026 03:51:31.094] [main/DEBUG] [mixin/]: Mixing BrainMixin from tombstone.mixins.json into net.minecraft.world.entity.ai.Brain
[25Sep2026 03:51:31.094] [main/DEBUG] [mixin/]: tombstone.mixins.json:BrainMixin from mod tombstone: Class version 69 required is higher than the class version supported by the current version of Mixin (JAVA_21 supports class version 65)
[25Sep2026 03:51:31.095] [main/DEBUG] [mixin/]: tombstone.mixins.json:BrainMixin from mod tombstone->@Inject::methodTick(Lnet/minecraft/server/level/ServerLevel;Lnet/minecraft/world/entity/LivingEntity;Lorg/spongepowered/asm/mixin/injection/callback/CallbackInfo;)V does use it's CallbackInfo
[25Sep2026 03:51:31.148] [main/DEBUG] [mixin/]: Mixing entities.ShulkerEntityInvoker from repurposed_structures-common.mixins.json into net.minecraft.world.entity.monster.Shulker
[25Sep2026 03:51:31.165] [main/DEBUG] [mixin/]: Mixing BaseSpawnerMixin from collective_neoforge.mixins.json into net.minecraft.world.level.BaseSpawner
[25Sep2026 03:51:31.168] [main/DEBUG] [mixin/]: collective_neoforge.mixins.json:BaseSpawnerMixin from mod collective->@Inject::BaseSpawner_serverTick(Lnet/minecraft/server/level/ServerLevel;Lnet/minecraft/core/BlockPos;Lorg/spongepowered/asm/mixin/injection/callback/CallbackInfo;ZLnet/minecraft/util/RandomSource;Lnet/minecraft/world/level/SpawnData;ILnet/minecraft/util/ProblemReporter$ScopedCollector;Lnet/minecraft/world/level/storage/ValueInput;Ljava/util/Optional;Lnet/minecraft/world/phys/Vec3;Lnet/minecraft/core/BlockPos;Lnet/minecraft/world/entity/Entity;)V doesn't use it's CallbackInfo
[25Sep2026 03:51:31.168] [main/DEBUG] [mixin/]: collective_neoforge.mixins.json:BaseSpawnerMixin from mod collective->@Inject::BaseSpawner_serverTick(Lnet/minecraft/server/level/ServerLevel;Lnet/minecraft/core/BlockPos;Lorg/spongepowered/asm/mixin/injection/callback/CallbackInfo;ZLnet/minecraft/util/RandomSource;Lnet/minecraft/world/level/SpawnData;ILnet/minecraft/util/ProblemReporter$ScopedCollector;Lnet/minecraft/world/level/storage/ValueInput;Ljava/util/Optional;Lnet/minecraft/world/phys/Vec3;Lnet/minecraft/core/BlockPos;Lnet/minecraft/world/entity/Entity;)V has 0 override(s) in child classes
[25Sep2026 03:51:31.168] [main/DEBUG] [mixin/]: collective_neoforge.mixins.json:BaseSpawnerMixin from mod collective->@Inject::BaseSpawner_serverTick(Lnet/minecraft/server/level/ServerLevel;Lnet/minecraft/core/BlockPos;Lorg/spongepowered/asm/mixin/injection/callback/CallbackInfo;ZLnet/minecraft/util/RandomSource;Lnet/minecraft/world/level/SpawnData;ILnet/minecraft/util/ProblemReporter$ScopedCollector;Lnet/minecraft/world/level/storage/ValueInput;Ljava/util/Optional;Lnet/minecraft/world/phys/Vec3;Lnet/minecraft/core/BlockPos;Lnet/minecraft/world/entity/Entity;)V won't be passed a CallbackInfo as a result
[25Sep2026 03:51:31.282] [main/DEBUG] [mixin/]: Mixing BoneMealItemMixin from collective_neoforge.mixins.json into net.minecraft.world.item.BoneMealItem
[25Sep2026 03:51:31.283] [main/DEBUG] [mixin/]: collective_neoforge.mixins.json:BoneMealItemMixin from mod collective->@Inject::BoneMealItem_useOn(Lnet/minecraft/world/item/context/UseOnContext;Lorg/spongepowered/asm/mixin/injection/callback/CallbackInfoReturnable;)V does use it's CallbackInfoReturnable
[25Sep2026 03:51:31.283] [main/DEBUG] [mixin/]: collective_neoforge.mixins.json:BoneMealItemMixin from mod collective->@Inject::growCrop(Lnet/minecraft/world/item/ItemStack;Lnet/minecraft/world/level/Level;Lnet/minecraft/core/BlockPos;Lorg/spongepowered/asm/mixin/injection/callback/CallbackInfoReturnable;)V doesn't use it's CallbackInfoReturnable
[25Sep2026 03:51:31.306] [main/DEBUG] [mixin/]: Mixing TippedArrowItemMixin from tombstone.mixins.json into net.minecraft.world.item.TippedArrowItem
[25Sep2026 03:51:31.307] [main/DEBUG] [mixin/]: tombstone.mixins.json:TippedArrowItemMixin from mod tombstone: Class version 69 required is higher than the class version supported by the current version of Mixin (JAVA_21 supports class version 65)
[25Sep2026 03:51:31.307] [main/DEBUG] [mixin/]: tombstone.mixins.json:TippedArrowItemMixin from mod tombstone->@Inject::methodGetName(Lnet/minecraft/world/item/ItemStack;Lorg/spongepowered/asm/mixin/injection/callback/CallbackInfoReturnable;)V does use it's CallbackInfoReturnable
[25Sep2026 03:51:31.987] [main/DEBUG] [mixin/]: Mixing SlotAccessor from balm.api.mixins.json into net.minecraft.world.inventory.Slot
[25Sep2026 03:51:31.987] [main/DEBUG] [mixin/]: balm.api.mixins.json:SlotAccessor from mod balm: Class version 69 required is higher than the class version supported by the current version of Mixin (JAVA_17 supports class version 61)
[25Sep2026 03:51:32.466] [main/DEBUG] [mixin/]: Mixing features.LessJungleBushInStructuresMixin from repurposed_structures-common.mixins.json into net.minecraft.world.level.levelgen.feature.TreeFeature
[25Sep2026 03:51:32.468] [main/DEBUG] [mixin/]: Renaming synthetic method lambda$repurposedstructures_lessJungleBushInStructures$0(Lnet/minecraft/core/Registry;Lnet/minecraft/world/level/levelgen/structure/Structure;)Z to mdc4de4a$repurposed_structures$lambda$repurposedstructures_lessJungleBushInStructures$0$0 in repurposed_structures-common.mixins.json:features.LessJungleBushInStructuresMixin from mod repurposed_structures
[25Sep2026 03:51:32.470] [main/DEBUG] [mixin/]: repurposed_structures-common.mixins.json:features.LessJungleBushInStructuresMixin from mod repurposed_structures->@Inject::repurposedstructures_lessJungleBushInStructures(Lnet/minecraft/world/level/levelgen/feature/FeaturePlaceContext;Lorg/spongepowered/asm/mixin/injection/callback/CallbackInfoReturnable;)V does use it's CallbackInfoReturnable
[25Sep2026 03:51:32.473] [main/DEBUG] [mixin/]: Mixing features.NoFallsInStructuresMixin from repurposed_structures-common.mixins.json into net.minecraft.world.level.levelgen.feature.SpringFeature
[25Sep2026 03:51:32.473] [main/DEBUG] [mixin/]: Renaming synthetic method lambda$repurposedstructures_noLavaInStructures$1(Lnet/minecraft/core/Registry;Lnet/minecraft/world/level/levelgen/structure/Structure;)Z to mdc4de4a$repurposed_structures$lambda$repurposedstructures_noLavaInStructures$1$0 in repurposed_structures-common.mixins.json:features.NoFallsInStructuresMixin from mod repurposed_structures
[25Sep2026 03:51:32.474] [main/DEBUG] [mixin/]: Renaming synthetic method lambda$repurposedstructures_noLavaInStructures$0(Lnet/minecraft/core/Registry;Lnet/minecraft/world/level/levelgen/structure/Structure;)Z to mdc4de4a$repurposed_structures$lambda$repurposedstructures_noLavaInStructures$0$1 in repurposed_structures-common.mixins.json:features.NoFallsInStructuresMixin from mod repurposed_structures
[25Sep2026 03:51:32.475] [main/DEBUG] [mixin/]: repurposed_structures-common.mixins.json:features.NoFallsInStructuresMixin from mod repurposed_structures->@Inject::repurposedstructures_noLavaInStructures(Lnet/minecraft/world/level/levelgen/feature/FeaturePlaceContext;Lorg/spongepowered/asm/mixin/injection/callback/CallbackInfoReturnable;)V does use it's CallbackInfoReturnable
[25Sep2026 03:51:32.479] [main/DEBUG] [mixin/]: Mixing features.SmarterSnowPlacingInStructuresMixin from repurposed_structures-common.mixins.json into net.minecraft.world.level.levelgen.feature.SnowAndFreezeFeature
[25Sep2026 03:51:32.479] [main/DEBUG] [mixin/]: Renaming synthetic method lambda$repurposedstructures_smarterSnowPlacingInStructures$0(Lnet/minecraft/core/Registry;Lnet/minecraft/world/level/levelgen/structure/Structure;)Z to mdc4de4a$repurposed_structures$lambda$repurposedstructures_smarterSnowPlacingInStructures$0$0 in repurposed_structures-common.mixins.json:features.SmarterSnowPlacingInStructuresMixin from mod repurposed_structures
[25Sep2026 03:51:32.481] [main/DEBUG] [mixin/]: Mixing features.NoVinesInStructuresMixin from repurposed_structures-common.mixins.json into net.minecraft.world.level.levelgen.feature.VinesFeature
[25Sep2026 03:51:32.481] [main/DEBUG] [mixin/]: Renaming synthetic method lambda$repurposedstructures_noLavaInStructures$0(Lnet/minecraft/core/Registry;Lnet/minecraft/world/level/levelgen/structure/Structure;)Z to mdc4de4a$repurposed_structures$lambda$repurposedstructures_noLavaInStructures$0$0 in repurposed_structures-common.mixins.json:features.NoVinesInStructuresMixin from mod repurposed_structures
[25Sep2026 03:51:32.482] [main/DEBUG] [mixin/]: repurposed_structures-common.mixins.json:features.NoVinesInStructuresMixin from mod repurposed_structures->@Inject::repurposedstructures_noLavaInStructures(Lnet/minecraft/world/level/levelgen/feature/FeaturePlaceContext;Lorg/spongepowered/asm/mixin/injection/callback/CallbackInfoReturnable;)V does use it's CallbackInfoReturnable
[25Sep2026 03:51:32.485] [main/DEBUG] [mixin/]: Mixing features.DungeonFeatureAccessor from repurposed_structures-common.mixins.json into net.minecraft.world.level.levelgen.feature.MonsterRoomFeature
[25Sep2026 03:51:32.485] [main/DEBUG] [mixin/]: Renaming @Accessor method repurposedstructures$getMOBS()[Lnet/minecraft/world/entity/EntityType; to repurposedstructures$getMOBS$repurposed_structures_$md$c4de4a$0 in repurposed_structures-common.mixins.json:features.DungeonFeatureAccessor from mod repurposed_structures
[25Sep2026 03:51:32.489] [main/DEBUG] [mixin/]: Mixing features.NoLakesInStructuresMixin from repurposed_structures-common.mixins.json into net.minecraft.world.level.levelgen.feature.LakeFeature
[25Sep2026 03:51:32.489] [main/DEBUG] [mixin/]: Renaming synthetic method lambda$repurposedstructures_noLakesInStructures$0(Lnet/minecraft/core/Registry;Lnet/minecraft/world/level/levelgen/structure/Structure;)Z to mdc4de4a$repurposed_structures$lambda$repurposedstructures_noLakesInStructures$0$0 in repurposed_structures-common.mixins.json:features.NoLakesInStructuresMixin from mod repurposed_structures
[25Sep2026 03:51:32.490] [main/DEBUG] [mixin/]: repurposed_structures-common.mixins.json:features.NoLakesInStructuresMixin from mod repurposed_structures->@Inject::repurposedstructures_noLakesInStructures(Lnet/minecraft/world/level/levelgen/feature/FeaturePlaceContext;Lorg/spongepowered/asm/mixin/injection/callback/CallbackInfoReturnable;)V does use it's CallbackInfoReturnable
[25Sep2026 03:51:32.501] [main/DEBUG] [mixin/]: Mixing features.LessBambooInStructuresMixin from repurposed_structures-common.mixins.json into net.minecraft.world.level.levelgen.feature.BambooFeature
[25Sep2026 03:51:32.501] [main/DEBUG] [mixin/]: Renaming synthetic method lambda$repurposedstructures_lessBambooInStructures$0(Lnet/minecraft/core/Registry;Lnet/minecraft/world/level/levelgen/structure/Structure;)Z to mdc4de4a$repurposed_structures$lambda$repurposedstructures_lessBambooInStructures$0$0 in repurposed_structures-common.mixins.json:features.LessBambooInStructuresMixin from mod repurposed_structures
[25Sep2026 03:51:32.501] [main/DEBUG] [mixin/]: Mixing features.FixBambooPlacementMixin from repurposed_structures-common.mixins.json into net.minecraft.world.level.levelgen.feature.BambooFeature
[25Sep2026 03:51:32.518] [main/DEBUG] [mixin/]: repurposed_structures-common.mixins.json:features.LessBambooInStructuresMixin from mod repurposed_structures->@Inject::repurposedstructures_lessBambooInStructures(Lnet/minecraft/world/level/levelgen/feature/FeaturePlaceContext;Lorg/spongepowered/asm/mixin/injection/callback/CallbackInfoReturnable;)V does use it's CallbackInfoReturnable
[25Sep2026 03:51:32.520] [main/DEBUG] [mixin/]: repurposed_structures-common.mixins.json:features.FixBambooPlacementMixin from mod repurposed_structures->@Inject::repurposedstructures_fixBambooNonAirCheck(Lnet/minecraft/world/level/levelgen/feature/FeaturePlaceContext;Lorg/spongepowered/asm/mixin/injection/callback/CallbackInfoReturnable;)V doesn't use it's CallbackInfoReturnable
[25Sep2026 03:51:32.520] [main/DEBUG] [mixin/]: repurposed_structures-common.mixins.json:features.FixBambooPlacementMixin from mod repurposed_structures->@Inject::repurposedstructures_fixBambooNonAirCheck(Lnet/minecraft/world/level/levelgen/feature/FeaturePlaceContext;Lorg/spongepowered/asm/mixin/injection/callback/CallbackInfoReturnable;)V has 0 override(s) in child classes
[25Sep2026 03:51:32.521] [main/DEBUG] [mixin/]: repurposed_structures-common.mixins.json:features.FixBambooPlacementMixin from mod repurposed_structures->@Inject::repurposedstructures_fixBambooNonAirCheck(Lnet/minecraft/world/level/levelgen/feature/FeaturePlaceContext;Lorg/spongepowered/asm/mixin/injection/callback/CallbackInfoReturnable;)V won't be passed a CallbackInfoReturnable as a result
[25Sep2026 03:51:32.524] [main/DEBUG] [mixin/]: Mixing features.NoBasaltColumnsInStructuresMixin from repurposed_structures-common.mixins.json into net.minecraft.world.level.levelgen.feature.BasaltColumnsFeature
[25Sep2026 03:51:32.525] [main/DEBUG] [mixin/]: Renaming synthetic method lambda$repurposedstructures_noBasaltColumnsInStructures2$0(Lnet/minecraft/core/Registry;Lnet/minecraft/world/level/levelgen/structure/Structure;)Z to mdc4de4a$repurposed_structures$lambda$repurposedstructures_noBasaltColumnsInStructures2$0$0 in repurposed_structures-common.mixins.json:features.NoBasaltColumnsInStructuresMixin from mod repurposed_structures
[25Sep2026 03:51:32.525] [main/DEBUG] [mixin/]: Renaming synthetic method lambda$repurposedstructures_noBasaltColumnsInStructures1$0(Lnet/minecraft/core/Registry;Lnet/minecraft/world/level/levelgen/structure/Structure;)Z to mdc4de4a$repurposed_structures$lambda$repurposedstructures_noBasaltColumnsInStructures1$0$1 in repurposed_structures-common.mixins.json:features.NoBasaltColumnsInStructuresMixin from mod repurposed_structures
[25Sep2026 03:51:32.527] [main/DEBUG] [mixin/]: Mixing features.NoDeltasInStructuresMixin from repurposed_structures-common.mixins.json into net.minecraft.world.level.levelgen.feature.DeltaFeature
[25Sep2026 03:51:32.528] [main/DEBUG] [mixin/]: Renaming synthetic method lambda$repurposedstructures_noDeltasInStructures$0(Lnet/minecraft/core/Registry;Lnet/minecraft/world/level/levelgen/structure/Structure;)Z to mdc4de4a$repurposed_structures$lambda$repurposedstructures_noDeltasInStructures$0$0 in repurposed_structures-common.mixins.json:features.NoDeltasInStructuresMixin from mod repurposed_structures
[25Sep2026 03:51:32.528] [main/DEBUG] [mixin/]: repurposed_structures-common.mixins.json:features.NoDeltasInStructuresMixin from mod repurposed_structures->@Inject::repurposedstructures_noDeltasInStructures(Lnet/minecraft/world/level/levelgen/feature/FeaturePlaceContext;Lorg/spongepowered/asm/mixin/injection/callback/CallbackInfoReturnable;)V does use it's CallbackInfoReturnable
[25Sep2026 03:51:32.533] [main/DEBUG] [mixin/]: Mixing features.NoGeodesInStructuresMixin from repurposed_structures-common.mixins.json into net.minecraft.world.level.levelgen.feature.GeodeFeature
[25Sep2026 03:51:32.534] [main/DEBUG] [mixin/]: Renaming synthetic method lambda$repurposedstructures_noGeodesInStructures$0(Lnet/minecraft/core/Registry;Lnet/minecraft/world/level/levelgen/structure/Structure;)Z to mdc4de4a$repurposed_structures$lambda$repurposedstructures_noGeodesInStructures$0$0 in repurposed_structures-common.mixins.json:features.NoGeodesInStructuresMixin from mod repurposed_structures
[25Sep2026 03:51:32.534] [main/DEBUG] [mixin/]: repurposed_structures-common.mixins.json:features.NoGeodesInStructuresMixin from mod repurposed_structures->@Inject::repurposedstructures_noGeodesInStructures(Lnet/minecraft/world/level/levelgen/feature/FeaturePlaceContext;Lorg/spongepowered/asm/mixin/injection/callback/CallbackInfoReturnable;)V does use it's CallbackInfoReturnable
[25Sep2026 03:51:32.619] [main/DEBUG] [mixin/]: Mixing structures.StructurePieceAccessor from repurposed_structures-common.mixins.json into net.minecraft.world.level.levelgen.structure.StructurePiece
[25Sep2026 03:51:32.656] [main/DEBUG] [mixin/]: Mixing structures.PoolElementStructurePieceAccessor from repurposed_structures-common.mixins.json into net.minecraft.world.level.levelgen.structure.PoolElementStructurePiece
[25Sep2026 03:51:32.669] [main/DEBUG] [mixin/]: Mixing structures.StructurePoolAccessor from repurposed_structures-common.mixins.json into net.minecraft.world.level.levelgen.structure.pools.StructureTemplatePool
[25Sep2026 03:51:32.669] [main/DEBUG] [mixin/]: Renaming @Accessor method repurposedstructures$getCODEC_REFERENCE()Lorg/apache/commons/lang3/mutable/MutableObject; to repurposedstructures$getCODEC_REFERENCE$repurposed_structures_$md$c4de4a$0 in repurposed_structures-common.mixins.json:structures.StructurePoolAccessor from mod repurposed_structures
[25Sep2026 03:51:32.669] [main/DEBUG] [mixin/]: Mixing structures.StructurePoolMixin from repurposed_structures-common.mixins.json into net.minecraft.world.level.levelgen.structure.pools.StructureTemplatePool
[25Sep2026 03:51:32.735] [main/DEBUG] [mixin/]: Mixing MixinBiomeSource from terrablender.mixins.json into net.minecraft.world.level.biome.BiomeSource
[25Sep2026 03:51:32.735] [main/DEBUG] [mixin/]: terrablender.mixins.json:MixinBiomeSource from mod terrablender: Class version 69 required is higher than the class version supported by the current version of Mixin (JAVA_17 supports class version 61)
[25Sep2026 03:51:32.736] [main/DEBUG] [mixin/]: Renaming synthetic method lambda$appendDeferredBiomesList$0(Ljava/util/List;)Ljava/util/Set; to mdc4de4a$terrablender$lambda$appendDeferredBiomesList$0$0 in terrablender.mixins.json:MixinBiomeSource from mod terrablender
[25Sep2026 03:51:32.764] [main/DEBUG] [mixin/]: Mixing MixinMultiNoiseBiomeSource from terrablender.mixins.json into net.minecraft.world.level.biome.MultiNoiseBiomeSource
[25Sep2026 03:51:32.764] [main/DEBUG] [mixin/]: terrablender.mixins.json:MixinMultiNoiseBiomeSource from mod terrablender: Class version 69 required is higher than the class version supported by the current version of Mixin (JAVA_17 supports class version 61)
[25Sep2026 03:51:32.765] [main/DEBUG] [mixin/]: Mixing MultiNoiseBiomeSourceAccess from terrablender.mixins.json into net.minecraft.world.level.biome.MultiNoiseBiomeSource
[25Sep2026 03:51:32.765] [main/DEBUG] [mixin/]: terrablender.mixins.json:MultiNoiseBiomeSourceAccess from mod terrablender: Class version 69 required is higher than the class version supported by the current version of Mixin (JAVA_17 supports class version 61)
[25Sep2026 03:51:32.767] [main/DEBUG] [mixin/]: terrablender.mixins.json:MixinMultiNoiseBiomeSource from mod terrablender->@Inject::getNoiseBiome(IIILnet/minecraft/world/level/biome/Climate$Sampler;Lorg/spongepowered/asm/mixin/injection/callback/CallbackInfoReturnable;)V does use it's CallbackInfoReturnable
[25Sep2026 03:51:32.767] [main/DEBUG] [mixin/]: terrablender.mixins.json:MixinMultiNoiseBiomeSource from mod terrablender->@Inject::addDebugInfo(Ljava/util/List;Lnet/minecraft/core/BlockPos;Lnet/minecraft/world/level/biome/Climate$Sampler;Lorg/spongepowered/asm/mixin/injection/callback/CallbackInfo;)V doesn't use it's CallbackInfo
[25Sep2026 03:51:32.767] [main/DEBUG] [mixin/]: terrablender.mixins.json:MixinMultiNoiseBiomeSource from mod terrablender->@Inject::addDebugInfo(Ljava/util/List;Lnet/minecraft/core/BlockPos;Lnet/minecraft/world/level/biome/Climate$Sampler;Lorg/spongepowered/asm/mixin/injection/callback/CallbackInfo;)V has 0 override(s) in child classes
[25Sep2026 03:51:32.767] [main/DEBUG] [mixin/]: terrablender.mixins.json:MixinMultiNoiseBiomeSource from mod terrablender->@Inject::addDebugInfo(Ljava/util/List;Lnet/minecraft/core/BlockPos;Lnet/minecraft/world/level/biome/Climate$Sampler;Lorg/spongepowered/asm/mixin/injection/callback/CallbackInfo;)V won't be passed a CallbackInfo as a result
[25Sep2026 03:51:32.769] [main/DEBUG] [mixin/]: Mixing MixinParameterList from terrablender.mixins.json into net.minecraft.world.level.biome.Climate$ParameterList
[25Sep2026 03:51:32.769] [main/DEBUG] [mixin/]: terrablender.mixins.json:MixinParameterList from mod terrablender: Class version 69 required is higher than the class version supported by the current version of Mixin (JAVA_17 supports class version 61)
[25Sep2026 03:51:32.769] [main/DEBUG] [mixin/]: Renaming synthetic method lambda$initializeForTerraBlender$1(Lnet/minecraft/core/Registry;Ljava/util/List;Lcom/mojang/datafixers/util/Pair;)V to mdc4de4a$terrablender$lambda$initializeForTerraBlender$1$0 in terrablender.mixins.json:MixinParameterList from mod terrablender
[25Sep2026 03:51:32.770] [main/DEBUG] [mixin/]: Renaming synthetic method lambda$initializeForTerraBlender$0(Lterrablender/api/RegionType;JLterrablender/worldgen/noise/InitialLayer;)Lterrablender/worldgen/noise/Area; to mdc4de4a$terrablender$lambda$initializeForTerraBlender$0$1 in terrablender.mixins.json:MixinParameterList from mod terrablender
[25Sep2026 03:51:32.782] [main/DEBUG] [mixin/]: Mixing MixinTheEndBiomeSource from terrablender.mixins.json into net.minecraft.world.level.biome.TheEndBiomeSource
[25Sep2026 03:51:32.782] [main/DEBUG] [mixin/]: terrablender.mixins.json:MixinTheEndBiomeSource from mod terrablender: Class version 69 required is higher than the class version supported by the current version of Mixin (JAVA_17 supports class version 61)
[25Sep2026 03:51:32.783] [main/DEBUG] [mixin/]: Renaming synthetic method lambda$initializeForTerraBlender$0(Lnet/minecraft/resources/ResourceKey;)V to mdc4de4a$terrablender$lambda$initializeForTerraBlender$0$0 in terrablender.mixins.json:MixinTheEndBiomeSource from mod terrablender
[25Sep2026 03:51:32.785] [main/DEBUG] [mixin/]: terrablender.mixins.json:MixinTheEndBiomeSource from mod terrablender->@Inject::onCollectPossibleBiomes(Lorg/spongepowered/asm/mixin/injection/callback/CallbackInfoReturnable;)V does use it's CallbackInfoReturnable
[25Sep2026 03:51:32.785] [main/DEBUG] [mixin/]: terrablender.mixins.json:MixinTheEndBiomeSource from mod terrablender->@Inject::onGetNoiseBiome(IIILnet/minecraft/world/level/biome/Climate$Sampler;Lorg/spongepowered/asm/mixin/injection/callback/CallbackInfoReturnable;)V does use it's CallbackInfoReturnable
[25Sep2026 03:51:32.787] [main/DEBUG] [mixin/]: Mixing MixinNoiseBasedChunkGenerator from terrablender.mixins.json into net.minecraft.world.level.levelgen.NoiseBasedChunkGenerator
[25Sep2026 03:51:32.788] [main/DEBUG] [mixin/]: terrablender.mixins.json:MixinNoiseBasedChunkGenerator from mod terrablender: Class version 69 required is higher than the class version supported by the current version of Mixin (JAVA_17 supports class version 61)
[25Sep2026 03:51:32.791] [main/DEBUG] [mixin/]: Mixing MixinChunkGenerator from terrablender.mixins.json into net.minecraft.world.level.chunk.ChunkGenerator
[25Sep2026 03:51:32.791] [main/DEBUG] [mixin/]: terrablender.mixins.json:MixinChunkGenerator from mod terrablender: Class version 69 required is higher than the class version supported by the current version of Mixin (JAVA_17 supports class version 61)
[25Sep2026 03:51:32.791] [main/DEBUG] [mixin/]: terrablender.mixins.json:MixinChunkGenerator from mod terrablender->@Inject::validate(Lorg/spongepowered/asm/mixin/injection/callback/CallbackInfo;)V does use it's CallbackInfo
[25Sep2026 03:51:32.796] [main/DEBUG] [mixin/]: Mixing MixinNoiseGeneratorSettings from terrablender.mixins.json into net.minecraft.world.level.levelgen.NoiseGeneratorSettings
[25Sep2026 03:51:32.796] [main/DEBUG] [mixin/]: terrablender.mixins.json:MixinNoiseGeneratorSettings from mod terrablender: Class version 69 required is higher than the class version supported by the current version of Mixin (JAVA_17 supports class version 61)
[25Sep2026 03:51:32.797] [main/DEBUG] [mixin/]: terrablender.mixins.json:MixinNoiseGeneratorSettings from mod terrablender->@Inject::surfaceRule(Lorg/spongepowered/asm/mixin/injection/callback/CallbackInfoReturnable;)V does use it's CallbackInfoReturnable
[25Sep2026 03:51:32.868] [main/DEBUG] [mixin/]: Mixing structures.SinglePoolElementAccessor from repurposed_structures-common.mixins.json into net.minecraft.world.level.levelgen.structure.pools.SinglePoolElement
[25Sep2026 03:51:33.199] [main/DEBUG] [net.neoforged.fml.ModWorkManager/LOADING]: Using 4 threads for parallel mod-loading
[25Sep2026 03:51:33.206] [main/DEBUG] [net.neoforged.fml.javafmlmod.FMLModContainer/LOADING]: Creating FMLModContainer instance for repurposed_structures with entrypoints [com.telepathicgrunt.repurposedstructures.neoforge.RepurposedStructuresNeoforge]
[25Sep2026 03:51:33.210] [main/DEBUG] [net.neoforged.fml.javafmlmod.FMLModContainer/LOADING]: Creating FMLModContainer instance for libipn with entrypoints [org.anti_ad.mc.libipn.LibIPNModEntry]
[25Sep2026 03:51:33.210] [main/DEBUG] [net.neoforged.fml.javafmlmod.FMLModContainer/LOADING]: Creating FMLModContainer instance for kuma_api with entrypoints []
[25Sep2026 03:51:33.211] [main/DEBUG] [net.neoforged.fml.javafmlmod.FMLModContainer/LOADING]: Creating FMLModContainer instance for terrablender with entrypoints [terrablender.core.TerraBlenderNeoForge]
[25Sep2026 03:51:33.211] [main/DEBUG] [net.neoforged.fml.javafmlmod.FMLModContainer/LOADING]: Creating FMLModContainer instance for trashslot with entrypoints [net.blay09.mods.trashslot.neoforge.NeoForgeTrashSlot]
[25Sep2026 03:51:33.211] [main/DEBUG] [net.neoforged.fml.javafmlmod.FMLModContainer/LOADING]: Creating FMLModContainer instance for explorify with entrypoints []
[25Sep2026 03:51:33.212] [main/DEBUG] [net.neoforged.fml.javafmlmod.FMLModContainer/LOADING]: Creating FMLModContainer instance for justhammers with entrypoints [pro.mikey.justhammers.neoforge.HammersNeoForge]
[25Sep2026 03:51:33.212] [main/DEBUG] [net.neoforged.fml.javafmlmod.FMLModContainer/LOADING]: Creating FMLModContainer instance for creativecore with entrypoints [team.creative.creativecore.CreativeCore]
[25Sep2026 03:51:33.213] [main/DEBUG] [net.neoforged.fml.javafmlmod.FMLModContainer/LOADING]: Creating FMLModContainer instance for jei with entrypoints [mezz.jei.neoforge.JustEnoughItems]
[25Sep2026 03:51:33.213] [main/DEBUG] [net.neoforged.fml.javafmlmod.FMLModContainer/LOADING]: Creating FMLModContainer instance for commonnetworking with entrypoints [commonnetwork.CommonNetworkNeoForge]
[25Sep2026 03:51:33.214] [main/DEBUG] [net.neoforged.fml.javafmlmod.FMLModContainer/LOADING]: Creating FMLModContainer instance for rottenfleshtoleather with entrypoints [team.smartstreamlabs.rottenfleshtoleather.RottenFleshToLeatherNeoForge]
[25Sep2026 03:51:33.214] [main/DEBUG] [net.neoforged.fml.javafmlmod.FMLModContainer/LOADING]: Creating FMLModContainer instance for collective with entrypoints [com.natamus.collective.CollectiveNeoForge]
[25Sep2026 03:51:33.215] [main/DEBUG] [net.neoforged.fml.javafmlmod.FMLModContainer/LOADING]: Creating FMLModContainer instance for journeymap with entrypoints [journeymap.common.JourneymapNeoForge]
[25Sep2026 03:51:33.215] [main/DEBUG] [net.neoforged.fml.javafmlmod.FMLModContainer/LOADING]: Creating FMLModContainer instance for neoforge with entrypoints [net.neoforged.neoforge.common.NeoForgeMod, net.neoforged.neoforge.common.OnlyInWarningsHandler, net.neoforged.neoforge.internal.LogoFileWarningsHandler]
[25Sep2026 03:51:33.218] [main/DEBUG] [net.neoforged.fml.javafmlmod.FMLModContainer/LOADING]: Creating FMLModContainer instance for travelersbackpack with entrypoints [com.tiviacz.travelersbackpack.TravelersBackpack]
[25Sep2026 03:51:33.218] [main/DEBUG] [net.neoforged.fml.javafmlmod.FMLModContainer/LOADING]: Creating FMLModContainer instance for tombstone with entrypoints [ovh.corail.tombstone.ModTombstone]
[25Sep2026 03:51:33.219] [main/DEBUG] [net.neoforged.fml.javafmlmod.FMLModContainer/LOADING]: Creating FMLModContainer instance for dungeoncrawl with entrypoints [xiroc.dungeoncrawl.DungeonCrawl]
[25Sep2026 03:51:33.219] [main/DEBUG] [net.neoforged.fml.javafmlmod.FMLModContainer/LOADING]: Creating FMLModContainer instance for glitchcore with entrypoints [glitchcore.neoforge.GlitchCoreNeoForge]
[25Sep2026 03:51:33.220] [main/DEBUG] [net.neoforged.fml.javafmlmod.FMLModContainer/LOADING]: Creating FMLModContainer instance for biomesoplenty with entrypoints [biomesoplenty.neoforge.core.BiomesOPlentyNeoForge]
[25Sep2026 03:51:33.221] [main/DEBUG] [net.neoforged.fml.javafmlmod.FMLModContainer/LOADING]: Creating FMLModContainer instance for inventoryprofilesnext with entrypoints [org.anti_ad.mc.ipnext.neoforge.IPNForgeModInit]
[25Sep2026 03:51:33.221] [main/DEBUG] [net.neoforged.fml.javafmlmod.FMLModContainer/LOADING]: Creating FMLModContainer instance for balm with entrypoints [net.blay09.mods.balm.neoforge.internal.NeoForgeBalm]
[25Sep2026 03:51:33.222] [main/DEBUG] [net.neoforged.fml.javafmlmod.FMLModContainer/LOADING]: Creating FMLModContainer instance for fallingtree with entrypoints [fr.rakambda.fallingtree.neoforge.FallingTree]
[25Sep2026 03:51:33.222] [main/DEBUG] [net.neoforged.fml.javafmlmod.FMLModContainer/LOADING]: Creating FMLModContainer instance for journeymap_api with entrypoints [journeymap.JourneyMapAPI]
[25Sep2026 03:51:33.223] [main/DEBUG] [net.neoforged.fml.javafmlmod.FMLModContainer/LOADING]: Creating FMLModContainer instance for playerrevive with entrypoints [team.creative.playerrevive.PlayerRevive]
[25Sep2026 03:51:33.223] [main/DEBUG] [net.neoforged.fml.javafmlmod.FMLModContainer/LOADING]: Creating FMLModContainer instance for replantingcrops with entrypoints [com.natamus.replantingcrops.ModNeoForge]
[25Sep2026 03:51:33.228] [modloading-worker-0/DEBUG] [net.neoforged.fml.javafmlmod.AutomaticEventSubscriber/LOADING]: Attempting to inject @EventBusSubscriber classes into the eventbus for kuma_api
[25Sep2026 03:51:33.240] [modloading-worker-0/DEBUG] [net.neoforged.fml.javafmlmod.AutomaticEventSubscriber/LOADING]: Attempting to inject @EventBusSubscriber classes into the eventbus for terrablender
[25Sep2026 03:51:33.240] [modloading-worker-0/DEBUG] [net.neoforged.fml.javafmlmod.AutomaticEventSubscriber/LOADING]: Attempting to inject @EventBusSubscriber classes into the eventbus for explorify
[25Sep2026 03:51:33.240] [modloading-worker-0/DEBUG] [net.neoforged.fml.javafmlmod.AutomaticEventSubscriber/LOADING]: Attempting to inject @EventBusSubscriber classes into the eventbus for libipn
[25Sep2026 03:51:33.251] [modloading-worker-0/DEBUG] [net.neoforged.fml.javafmlmod.AutomaticEventSubscriber/LOADING]: Attempting to inject @EventBusSubscriber classes into the eventbus for justhammers
[25Sep2026 03:51:33.261] [modloading-worker-0/DEBUG] [net.neoforged.fml.config.ConfigTracker/CONFIG]: Config file repurposed_structures-neoforge/modded_loot.toml for repurposed_structures tracking
[25Sep2026 03:51:33.265] [modloading-worker-0/DEBUG] [net.neoforged.fml.config.ConfigTracker/CONFIG]: Config file jei-server.toml for jei tracking
[25Sep2026 03:51:33.279] [modloading-worker-0/DEBUG] [net.neoforged.fml.javafmlmod.AutomaticEventSubscriber/LOADING]: Attempting to inject @EventBusSubscriber classes into the eventbus for jei
[25Sep2026 03:51:33.296] [modloading-worker-0/DEBUG] [mixin/]: Mixing MinecraftServerMixin from balm.mixins.json into net.minecraft.server.MinecraftServer
[25Sep2026 03:51:33.298] [modloading-worker-0/DEBUG] [mixin/]: balm.mixins.json:MinecraftServerMixin from mod balm: Class version 69 required is higher than the class version supported by the current version of Mixin (JAVA_17 supports class version 61)
[25Sep2026 03:51:33.298] [modloading-worker-0/DEBUG] [mixin/]: Renaming synthetic method lambda$reloadResources$0(Ljava/lang/Void;)V to mdc4de4a$balm$lambda$reloadResources$0$0 in balm.mixins.json:MinecraftServerMixin from mod balm
[25Sep2026 03:51:33.299] [modloading-worker-0/DEBUG] [mixin/]: balm.mixins.json:MinecraftServerMixin from mod balm->@Inject::reloadResources(Ljava/util/Collection;Lorg/spongepowered/asm/mixin/injection/callback/CallbackInfoReturnable;)V does use it's CallbackInfoReturnable
[25Sep2026 03:51:33.315] [modloading-worker-0/DEBUG] [net.neoforged.fml.javafmlmod.AutomaticEventSubscriber/LOADING]: Attempting to inject @EventBusSubscriber classes into the eventbus for repurposed_structures
[25Sep2026 03:51:33.316] [modloading-worker-0/DEBUG] [net.neoforged.fml.javafmlmod.AutomaticEventSubscriber/LOADING]: Scanning class com.telepathicgrunt.repurposedstructures.datagen.StructureNbtUpdaterDatagen for @SubscribeEvent-annotated methods
[25Sep2026 03:51:33.320] [modloading-worker-0/DEBUG] [net.neoforged.fml.javafmlmod.AutomaticEventSubscriber/LOADING]: Subscribing method public static void com.telepathicgrunt.repurposedstructures.datagen.StructureNbtUpdaterDatagen.gatherData(net.neoforged.neoforge.data.event.GatherDataEvent$Server) to the event bus of mod repurposed_structures
[25Sep2026 03:51:33.321] [modloading-worker-0/DEBUG] [mixin/]: Mixing ReloadableServerResourcesMixin from balm.mixins.json into net.minecraft.server.ReloadableServerResources
[25Sep2026 03:51:33.322] [modloading-worker-0/DEBUG] [mixin/]: balm.mixins.json:ReloadableServerResourcesMixin from mod balm: Class version 69 required is higher than the class version supported by the current version of Mixin (JAVA_17 supports class version 61)
[25Sep2026 03:51:33.322] [modloading-worker-0/DEBUG] [mixin/]: Renaming synthetic method lambda$loadResources$0(Lnet/minecraft/server/ReloadableServerResources;)V to mdc4de4a$balm$lambda$loadResources$0$0 in balm.mixins.json:ReloadableServerResourcesMixin from mod balm
[25Sep2026 03:51:33.323] [modloading-worker-0/DEBUG] [mixin/]: balm.mixins.json:ReloadableServerResourcesMixin from mod balm->@Inject::loadResources(Lnet/minecraft/server/packs/resources/ResourceManager;Lnet/minecraft/core/LayeredRegistryAccess;Ljava/util/List;Lnet/minecraft/world/flag/FeatureFlagSet;Lnet/minecraft/commands/Commands$CommandSelection;Lnet/minecraft/server/permissions/PermissionSet;Ljava/util/concurrent/Executor;Ljava/util/concurrent/Executor;Lorg/spongepowered/asm/mixin/injection/callback/CallbackInfoReturnable;)V does use it's CallbackInfoReturnable
[25Sep2026 03:51:33.324] [modloading-worker-0/DEBUG] [net.neoforged.fml.javafmlmod.AutomaticEventSubscriber/LOADING]: Attempting to inject @EventBusSubscriber classes into the eventbus for commonnetworking
[25Sep2026 03:51:33.327] [modloading-worker-0/INFO] [rottenfleshtoleather/]: Loaded rottenfleshtoleather
[25Sep2026 03:51:33.327] [modloading-worker-0/DEBUG] [net.neoforged.fml.javafmlmod.AutomaticEventSubscriber/LOADING]: Attempting to inject @EventBusSubscriber classes into the eventbus for rottenfleshtoleather
[25Sep2026 03:51:33.328] [modloading-worker-0/INFO] [Collective/]: Loading Collective version 8.39.
[25Sep2026 03:51:33.352] [modloading-worker-0/DEBUG] [creativecore/]: Created network creativecore:main
[25Sep2026 03:51:33.358] [modloading-worker-0/DEBUG] [net.neoforged.fml.javafmlmod.AutomaticEventSubscriber/LOADING]: Attempting to inject @EventBusSubscriber classes into the eventbus for creativecore
[25Sep2026 03:51:33.381] [modloading-worker-0/DEBUG] [net.neoforged.fml.config.ConfigTracker/CONFIG]: Config file journeymap-server.toml for journeymap tracking
[25Sep2026 03:51:33.381] [modloading-worker-0/INFO] [net.neoforged.neoforge.common.NeoForgeMod/NEOFORGE-MOD]: NeoForge mod loading, version 26.2.0.75, for MC 26.2
[25Sep2026 03:51:33.382] [modloading-worker-0/DEBUG] [net.neoforged.fml.javafmlmod.AutomaticEventSubscriber/LOADING]: Attempting to inject @EventBusSubscriber classes into the eventbus for journeymap
[25Sep2026 03:51:33.388] [modloading-worker-0/DEBUG] [net.neoforged.fml.config.ConfigTracker/CONFIG]: Config file neoforge-server.toml for neoforge tracking
[25Sep2026 03:51:33.389] [modloading-worker-0/DEBUG] [net.neoforged.fml.config.ConfigTracker/CONFIG]: Config file neoforge-common.toml for neoforge tracking
[25Sep2026 03:51:33.391] [modloading-worker-0/INFO] [net.blay09.mods.balm.neoforge.platform.config.internal.NeoForgeBalmConfig/]: Registering config for trashslot:common (COMMON) with 5 properties.
[25Sep2026 03:51:33.391] [modloading-worker-0/DEBUG] [net.neoforged.fml.config.ConfigTracker/CONFIG]: Config file trashslot-common.toml for trashslot tracking
[25Sep2026 03:51:33.409] [modloading-worker-0/DEBUG] [net.neoforged.fml.config.ConfigTracker/CONFIG]: Config file travelersbackpack-server.toml for travelersbackpack tracking
[25Sep2026 03:51:33.409] [modloading-worker-0/DEBUG] [net.neoforged.fml.config.ConfigTracker/CONFIG]: Config file travelersbackpack-common.toml for travelersbackpack tracking
[25Sep2026 03:51:33.409] [modloading-worker-0/DEBUG] [net.neoforged.fml.config.ConfigTracker/CONFIG]: Config file travelersbackpack-client.toml for travelersbackpack tracking
[25Sep2026 03:51:33.422] [modloading-worker-0/DEBUG] [net.neoforged.fml.javafmlmod.AutomaticEventSubscriber/LOADING]: Attempting to inject @EventBusSubscriber classes into the eventbus for trashslot
[25Sep2026 03:51:33.432] [modloading-worker-0/DEBUG] [net.neoforged.fml.javafmlmod.AutomaticEventSubscriber/LOADING]: Attempting to inject @EventBusSubscriber classes into the eventbus for neoforge
[25Sep2026 03:51:33.435] [modloading-worker-0/DEBUG] [net.neoforged.fml.javafmlmod.AutomaticEventSubscriber/LOADING]: Scanning class net.neoforged.neoforge.attachment.AttachmentInternals for @SubscribeEvent-annotated methods
[25Sep2026 03:51:33.441] [modloading-worker-0/DEBUG] [net.neoforged.fml.javafmlmod.AutomaticEventSubscriber/LOADING]: Subscribing method public static void net.neoforged.neoforge.attachment.AttachmentInternals.onLivingConvert(net.neoforged.neoforge.event.entity.living.LivingConversionEvent$Post) to the game event bus
[25Sep2026 03:51:33.442] [modloading-worker-0/DEBUG] [net.neoforged.fml.javafmlmod.AutomaticEventSubscriber/LOADING]: Subscribing method public static void net.neoforged.neoforge.attachment.AttachmentInternals.onPlayerClone(net.neoforged.neoforge.event.entity.player.PlayerEvent$Clone) to the game event bus
[25Sep2026 03:51:33.442] [modloading-worker-0/DEBUG] [net.neoforged.fml.javafmlmod.AutomaticEventSubscriber/LOADING]: Scanning class net.neoforged.neoforge.attachment.AttachmentSync for @SubscribeEvent-annotated methods
[25Sep2026 03:51:33.447] [modloading-worker-0/DEBUG] [net.neoforged.fml.javafmlmod.AutomaticEventSubscriber/LOADING]: Subscribing method public static void net.neoforged.neoforge.attachment.AttachmentSync.onChunkSent(net.neoforged.neoforge.event.level.ChunkWatchEvent$Sent) to the game event bus
[25Sep2026 03:51:33.447] [modloading-worker-0/DEBUG] [net.neoforged.fml.javafmlmod.AutomaticEventSubscriber/LOADING]: Scanning class net.neoforged.neoforge.common.MonsterRoomHooks for @SubscribeEvent-annotated methods
[25Sep2026 03:51:33.448] [modloading-worker-0/DEBUG] [net.neoforged.fml.javafmlmod.AutomaticEventSubscriber/LOADING]: Subscribing method public static void net.neoforged.neoforge.common.MonsterRoomHooks.onDataMapsUpdated(net.neoforged.neoforge.registries.datamaps.DataMapsUpdatedEvent) to the game event bus
[25Sep2026 03:51:33.448] [modloading-worker-0/DEBUG] [net.neoforged.fml.javafmlmod.AutomaticEventSubscriber/LOADING]: Scanning class net.neoforged.neoforge.network.ConfigurationInitialization for @SubscribeEvent-annotated methods
[25Sep2026 03:51:33.454] [modloading-worker-0/DEBUG] [net.neoforged.fml.javafmlmod.AutomaticEventSubscriber/LOADING]: Subscribing method private static void net.neoforged.neoforge.network.ConfigurationInitialization.configureModdedClient(net.neoforged.neoforge.network.event.RegisterConfigurationTasksEvent) to the event bus of mod neoforge
[25Sep2026 03:51:33.454] [modloading-worker-0/DEBUG] [net.neoforged.fml.javafmlmod.AutomaticEventSubscriber/LOADING]: Scanning class net.neoforged.neoforge.network.NetworkInitialization for @SubscribeEvent-annotated methods
[25Sep2026 03:51:33.455] [modloading-worker-0/DEBUG] [net.neoforged.fml.javafmlmod.AutomaticEventSubscriber/LOADING]: Subscribing method private static void net.neoforged.neoforge.network.NetworkInitialization.register(net.neoforged.neoforge.network.event.RegisterPayloadHandlersEvent) to the event bus of mod neoforge
[25Sep2026 03:51:33.456] [modloading-worker-0/DEBUG] [net.neoforged.fml.config.ConfigTracker/CONFIG]: Config file tombstone-client.toml for tombstone tracking
[25Sep2026 03:51:33.456] [modloading-worker-0/DEBUG] [net.neoforged.fml.javafmlmod.AutomaticEventSubscriber/LOADING]: Scanning class net.neoforged.neoforge.network.filters.GenericPacketSplitter for @SubscribeEvent-annotated methods
[25Sep2026 03:51:33.457] [modloading-worker-0/DEBUG] [net.neoforged.fml.config.ConfigTracker/CONFIG]: Config file tombstone-common.toml for tombstone tracking
[25Sep2026 03:51:33.465] [modloading-worker-0/DEBUG] [net.neoforged.fml.config.ConfigTracker/CONFIG]: Config file tombstone-server.toml for tombstone tracking
[25Sep2026 03:51:33.465] [modloading-worker-0/DEBUG] [net.neoforged.fml.javafmlmod.AutomaticEventSubscriber/LOADING]: Attempting to inject @EventBusSubscriber classes into the eventbus for tombstone
[25Sep2026 03:51:33.465] [modloading-worker-0/DEBUG] [net.neoforged.fml.javafmlmod.AutomaticEventSubscriber/LOADING]: Scanning class ovh.corail.tombstone.config.ConfigTombstone$ConfigEvent for @SubscribeEvent-annotated methods
[25Sep2026 03:51:33.466] [modloading-worker-0/DEBUG] [net.neoforged.fml.javafmlmod.AutomaticEventSubscriber/LOADING]: Subscribing method public static void ovh.corail.tombstone.config.ConfigTombstone$ConfigEvent.onReloadConfig(net.neoforged.fml.event.config.ModConfigEvent$Reloading) to the event bus of mod tombstone
[25Sep2026 03:51:33.466] [modloading-worker-0/DEBUG] [net.neoforged.fml.javafmlmod.AutomaticEventSubscriber/LOADING]: Scanning class ovh.corail.tombstone.entity.trade.TradeManager for @SubscribeEvent-annotated methods
[25Sep2026 03:51:33.485] [modloading-worker-0/DEBUG] [net.neoforged.fml.javafmlmod.AutomaticEventSubscriber/LOADING]: Subscribing method public static void ovh.corail.tombstone.entity.trade.TradeManager.onAddReloadListener(net.neoforged.neoforge.event.AddServerReloadListenersEvent) to the game event bus
[25Sep2026 03:51:33.486] [modloading-worker-0/DEBUG] [net.neoforged.fml.javafmlmod.AutomaticEventSubscriber/LOADING]: Scanning class ovh.corail.tombstone.event.EventHandler for @SubscribeEvent-annotated methods
[25Sep2026 03:51:33.486] [modloading-worker-0/DEBUG] [io.netty.util.internal.PlatformDependent0/]: Java version: 25
[25Sep2026 03:51:33.487] [modloading-worker-0/DEBUG] [io.netty.util.internal.PlatformDependent0/]: -Dio.netty.noUnsafe: false
[25Sep2026 03:51:33.487] [modloading-worker-0/DEBUG] [io.netty.util.internal.PlatformDependent0/]: sun.misc.Unsafe: unavailable (io.netty.noUnsafe=true by default on Java 25+)
[25Sep2026 03:51:33.495] [modloading-worker-0/DEBUG] [io.netty.util.internal.PlatformDependent0/]: java.nio.DirectByteBuffer.<init>(long, {int,long}): unavailable
[25Sep2026 03:51:33.496] [modloading-worker-0/DEBUG] [io.netty.util.internal.PlatformDependent/]: maxDirectMemory: 15032385536 bytes (maybe)
[25Sep2026 03:51:33.496] [modloading-worker-0/DEBUG] [io.netty.util.internal.PlatformDependent/]: -Dio.netty.tmpdir: /tmp (java.io.tmpdir)
[25Sep2026 03:51:33.496] [modloading-worker-0/DEBUG] [io.netty.util.internal.PlatformDependent/]: -Dio.netty.bitMode: 64 (sun.arch.data.model)
[25Sep2026 03:51:33.497] [modloading-worker-0/DEBUG] [io.netty.util.internal.PlatformDependent/]: -Dio.netty.maxDirectMemory: 15032385536 bytes
[25Sep2026 03:51:33.499] [modloading-worker-0/DEBUG] [net.neoforged.fml.javafmlmod.AutomaticEventSubscriber/LOADING]: Subscribing method public static void ovh.corail.tombstone.event.EventHandler.onServerTick(net.neoforged.neoforge.event.tick.ServerTickEvent$Post) to the game event bus
[25Sep2026 03:51:33.500] [modloading-worker-0/DEBUG] [net.neoforged.fml.javafmlmod.AutomaticEventSubscriber/LOADING]: Subscribing method public static void ovh.corail.tombstone.event.EventHandler.onClone(net.neoforged.neoforge.event.entity.player.PlayerEvent$Clone) to the game event bus
[25Sep2026 03:51:33.501] [modloading-worker-0/DEBUG] [net.neoforged.fml.javafmlmod.AutomaticEventSubscriber/LOADING]: Subscribing method public static void ovh.corail.tombstone.event.EventHandler.onServerStoppingEvent(net.neoforged.neoforge.event.server.ServerStoppingEvent) to the game event bus
[25Sep2026 03:51:33.501] [modloading-worker-0/DEBUG] [net.neoforged.fml.javafmlmod.AutomaticEventSubscriber/LOADING]: Subscribing method public static void ovh.corail.tombstone.event.EventHandler.onPlayerLoggedIn(net.neoforged.neoforge.event.entity.player.PlayerEvent$PlayerLoggedInEvent) to the game event bus
[25Sep2026 03:51:33.498] [modloading-worker-0/DEBUG] [io.netty.util.internal.CleanerJava9/]: java.nio.ByteBuffer.cleaner(): unavailable
java.lang.UnsupportedOperationException: sun.misc.Unsafe unavailable
	at io.netty.util.internal.CleanerJava9.<clinit>(CleanerJava9.java:70) ~[netty-common-4.2.15.Final.jar:4.2.15.Final]
	at io.netty.util.internal.PlatformDependent.<clinit>(PlatformDependent.java:209) ~[netty-common-4.2.15.Final.jar:4.2.15.Final]
	at io.netty.buffer.UnpooledByteBufAllocator.<clinit>(UnpooledByteBufAllocator.java:38) ~[netty-buffer-4.2.15.Final.jar:4.2.15.Final]
	at io.netty.buffer.Unpooled.<clinit>(Unpooled.java:75) ~[netty-buffer-4.2.15.Final.jar:4.2.15.Final]
	at TRANSFORMER/neoforge@26.2.0.75/net.neoforged.neoforge.network.filters.GenericPacketSplitter.determineMaxPayloadSize(GenericPacketSplitter.java:188) ~[neoforge-26.2.0.75-universal.jar:?]
	at TRANSFORMER/neoforge@26.2.0.75/net.neoforged.neoforge.network.filters.GenericPacketSplitter$SizeLimits.<init>(GenericPacketSplitter.java:46) ~[neoforge-26.2.0.75-universal.jar:?]
	at TRANSFORMER/neoforge@26.2.0.75/net.neoforged.neoforge.network.filters.GenericPacketSplitter.<clinit>(GenericPacketSplitter.java:51) ~[neoforge-26.2.0.75-universal.jar:?]
	at java.base/java.lang.Class.forName0(Native Method) ~[?:?]
	at java.base/java.lang.Class.forName(Class.java:547) ~[?:?]
	at net.neoforged.fml.javafmlmod.AutomaticEventSubscriber.lambda$inject$4(AutomaticEventSubscriber.java:54) ~[loader-11.0.16.jar:11.0]
	at java.base/java.util.ArrayList.forEach(ArrayList.java:1604) ~[?:?]
	at net.neoforged.fml.javafmlmod.AutomaticEventSubscriber.inject(AutomaticEventSubscriber.java:47) ~[loader-11.0.16.jar:11.0]
	at net.neoforged.fml.javafmlmod.FMLModContainer.constructMod(FMLModContainer.java:136) ~[loader-11.0.16.jar:11.0]
	at net.neoforged.fml.ModLoader.lambda$constructMods$0(ModLoader.java:125) [loader-11.0.16.jar:11.0]
	at net.neoforged.fml.ModLoader.lambda$dispatchParallelTask$3(ModLoader.java:203) [loader-11.0.16.jar:11.0]
	at java.base/java.util.concurrent.CompletableFuture.uniHandle(CompletableFuture.java:955) [?:?]
	at java.base/java.util.concurrent.CompletableFuture$UniHandle.tryFire(CompletableFuture.java:932) [?:?]
	at java.base/java.util.concurrent.CompletableFuture$Completion.exec(CompletableFuture.java:504) [?:?]
	at java.base/java.util.concurrent.ForkJoinTask.doExec(ForkJoinTask.java:511) [?:?]
	at java.base/java.util.concurrent.ForkJoinPool$WorkQueue.topLevelExec(ForkJoinPool.java:1450) [?:?]
	at java.base/java.util.concurrent.ForkJoinPool.runWorker(ForkJoinPool.java:2019) [?:?]
	at java.base/java.util.concurrent.ForkJoinWorkerThread.run(ForkJoinWorkerThread.java:187) [?:?]
[25Sep2026 03:51:33.501] [modloading-worker-0/DEBUG] [net.neoforged.fml.javafmlmod.AutomaticEventSubscriber/LOADING]: Subscribing method public static void ovh.corail.tombstone.event.EventHandler.onPlayerLoggedOut(net.neoforged.neoforge.event.entity.player.PlayerEvent$PlayerLoggedOutEvent) to the game event bus
[25Sep2026 03:51:33.502] [modloading-worker-0/DEBUG] [net.neoforged.fml.javafmlmod.AutomaticEventSubscriber/LOADING]: Subscribing method public static void ovh.corail.tombstone.event.EventHandler.onRegisterCommand(net.neoforged.neoforge.event.RegisterCommandsEvent) to the game event bus
[25Sep2026 03:51:33.502] [modloading-worker-0/DEBUG] [net.neoforged.fml.javafmlmod.AutomaticEventSubscriber/LOADING]: Subscribing method public static void ovh.corail.tombstone.event.EventHandler.onUseCommand(net.neoforged.neoforge.event.CommandEvent) to the game event bus
[25Sep2026 03:51:33.503] [modloading-worker-0/DEBUG] [net.neoforged.fml.javafmlmod.AutomaticEventSubscriber/LOADING]: Subscribing method public static void ovh.corail.tombstone.event.EventHandler.onDetonate(net.neoforged.neoforge.event.level.ExplosionEvent$Detonate) to the game event bus
[25Sep2026 03:51:33.503] [modloading-worker-0/DEBUG] [net.neoforged.fml.javafmlmod.AutomaticEventSubscriber/LOADING]: Subscribing method public static void ovh.corail.tombstone.event.EventHandler.onModifyCustomSpawners(net.neoforged.neoforge.event.level.ModifyCustomSpawnersEvent) to the game event bus
[25Sep2026 03:51:33.504] [modloading-worker-0/DEBUG] [net.neoforged.fml.javafmlmod.AutomaticEventSubscriber/LOADING]: Subscribing method public static void ovh.corail.tombstone.event.EventHandler.onWorldLoad(net.neoforged.neoforge.event.level.LevelEvent$Load) to the game event bus
[25Sep2026 03:51:33.504] [modloading-worker-0/DEBUG] [net.neoforged.fml.javafmlmod.AutomaticEventSubscriber/LOADING]: Subscribing method public static void ovh.corail.tombstone.event.EventHandler.onLivingIncomingDamage(net.neoforged.neoforge.event.entity.living.LivingIncomingDamageEvent) to the game event bus
[25Sep2026 03:51:33.506] [modloading-worker-0/DEBUG] [net.neoforged.fml.javafmlmod.AutomaticEventSubscriber/LOADING]: Subscribing method public static void ovh.corail.tombstone.event.EventHandler.onPreventDeathPre(net.neoforged.neoforge.event.entity.living.LivingDamageEvent$Pre) to the game event bus
[25Sep2026 03:51:33.506] [modloading-worker-0/DEBUG] [net.neoforged.fml.javafmlmod.AutomaticEventSubscriber/LOADING]: Subscribing method public static void ovh.corail.tombstone.event.EventHandler.onCheckHidden(net.neoforged.neoforge.event.entity.living.LivingEvent$LivingVisibilityEvent) to the game event bus
[25Sep2026 03:51:33.506] [modloading-worker-0/DEBUG] [net.neoforged.fml.javafmlmod.AutomaticEventSubscriber/LOADING]: Subscribing method public static void ovh.corail.tombstone.event.EventHandler.onCheckDiscretion(net.neoforged.neoforge.event.entity.living.LivingEvent$LivingVisibilityEvent) to the game event bus
[25Sep2026 03:51:33.507] [modloading-worker-0/DEBUG] [net.neoforged.fml.javafmlmod.AutomaticEventSubscriber/LOADING]: Subscribing method public static void ovh.corail.tombstone.event.EventHandler.onPlayerRespawn(net.neoforged.neoforge.event.entity.player.PlayerEvent$PlayerRespawnEvent) to the game event bus
[25Sep2026 03:51:33.507] [modloading-worker-0/DEBUG] [net.neoforged.fml.javafmlmod.AutomaticEventSubscriber/LOADING]: Subscribing method public static void ovh.corail.tombstone.event.EventHandler.onPlayerDeath(net.neoforged.neoforge.event.entity.living.LivingDeathEvent) to the game event bus
[25Sep2026 03:51:33.507] [modloading-worker-0/DEBUG] [net.neoforged.fml.javafmlmod.AutomaticEventSubscriber/LOADING]: Subscribing method public static void ovh.corail.tombstone.event.EventHandler.onLivingExperienceDrop(net.neoforged.neoforge.event.entity.living.LivingExperienceDropEvent) to the game event bus
[25Sep2026 03:51:33.508] [modloading-worker-0/DEBUG] [net.neoforged.fml.javafmlmod.AutomaticEventSubscriber/LOADING]: Subscribing method public static void ovh.corail.tombstone.event.EventHandler.onHandleSoulbound(net.neoforged.neoforge.event.entity.living.LivingDropsEvent) to the game event bus
[25Sep2026 03:51:33.509] [modloading-worker-0/DEBUG] [net.neoforged.fml.javafmlmod.AutomaticEventSubscriber/LOADING]: Subscribing method public static void ovh.corail.tombstone.event.EventHandler.onDrops(net.neoforged.neoforge.event.entity.living.LivingDropsEvent) to the game event bus
[25Sep2026 03:51:33.509] [modloading-worker-0/DEBUG] [net.neoforged.fml.javafmlmod.AutomaticEventSubscriber/LOADING]: Subscribing method public static void ovh.corail.tombstone.event.EventHandler.onAnvilRepair(net.neoforged.neoforge.event.entity.player.AnvilCraftEvent$Post) to the game event bus
[25Sep2026 03:51:33.510] [modloading-worker-0/DEBUG] [net.neoforged.fml.javafmlmod.AutomaticEventSubscriber/LOADING]: Subscribing method public static void ovh.corail.tombstone.event.EventHandler.onLivingUpdate(net.neoforged.neoforge.event.tick.EntityTickEvent$Pre) to the game event bus
[25Sep2026 03:51:33.510] [modloading-worker-0/DEBUG] [net.neoforged.fml.javafmlmod.AutomaticEventSubscriber/LOADING]: Subscribing method public static void ovh.corail.tombstone.event.EventHandler.onTrackingStart(net.neoforged.neoforge.event.entity.player.PlayerEvent$StartTracking) to the game event bus
[25Sep2026 03:51:33.510] [modloading-worker-0/DEBUG] [net.neoforged.fml.javafmlmod.AutomaticEventSubscriber/LOADING]: Subscribing method public static void ovh.corail.tombstone.event.EventHandler.onEffectApplied(net.neoforged.neoforge.event.entity.living.MobEffectEvent$Applicable) to the game event bus
[25Sep2026 03:51:33.511] [modloading-worker-0/DEBUG] [net.neoforged.fml.javafmlmod.AutomaticEventSubscriber/LOADING]: Subscribing method public static void ovh.corail.tombstone.event.EventHandler.onEffectExpired(net.neoforged.neoforge.event.entity.living.MobEffectEvent$Expired) to the game event bus
[25Sep2026 03:51:33.511] [modloading-worker-0/DEBUG] [net.neoforged.fml.javafmlmod.AutomaticEventSubscriber/LOADING]: Subscribing method public static void ovh.corail.tombstone.event.EventHandler.onSyncOnChangedDimension(net.neoforged.neoforge.event.entity.player.PlayerEvent$PlayerChangedDimensionEvent) to the game event bus
[25Sep2026 03:51:33.512] [modloading-worker-0/DEBUG] [net.neoforged.fml.javafmlmod.AutomaticEventSubscriber/LOADING]: Subscribing method public static void ovh.corail.tombstone.event.EventHandler.onPlayerInteractEntity(net.neoforged.neoforge.event.entity.player.PlayerInteractEvent$EntityInteract) to the game event bus
[25Sep2026 03:51:33.513] [modloading-worker-0/DEBUG] [net.neoforged.fml.javafmlmod.AutomaticEventSubscriber/LOADING]: Subscribing method public static void ovh.corail.tombstone.event.EventHandler.onPhantomTime(ovh.corail.tombstone.api.event.PhantomSpawnerEvent$TimeForCheck) to the game event bus
[25Sep2026 03:51:33.513] [modloading-worker-0/DEBUG] [net.neoforged.fml.javafmlmod.AutomaticEventSubscriber/LOADING]: Subscribing method public static void ovh.corail.tombstone.event.EventHandler.onEntitySpawn(net.neoforged.neoforge.event.entity.EntityJoinLevelEvent) to the game event bus
[25Sep2026 03:51:33.514] [modloading-worker-0/DEBUG] [net.neoforged.fml.javafmlmod.AutomaticEventSubscriber/LOADING]: Subscribing method public static void ovh.corail.tombstone.event.EventHandler.onEntityHeal(net.neoforged.neoforge.event.entity.living.LivingHealEvent) to the game event bus
[25Sep2026 03:51:33.514] [modloading-worker-0/DEBUG] [net.neoforged.fml.javafmlmod.AutomaticEventSubscriber/LOADING]: Subscribing method public static void ovh.corail.tombstone.event.EventHandler.onStartingLivingConversion(net.neoforged.neoforge.event.entity.living.LivingConversionEvent$Pre) to the game event bus
[25Sep2026 03:51:33.514] [modloading-worker-0/DEBUG] [net.neoforged.fml.javafmlmod.AutomaticEventSubscriber/LOADING]: Subscribing method public static void ovh.corail.tombstone.event.EventHandler.onCriticalHit(net.neoforged.neoforge.event.entity.player.CriticalHitEvent) to the game event bus
[25Sep2026 03:51:33.515] [modloading-worker-0/DEBUG] [net.neoforged.fml.javafmlmod.AutomaticEventSubscriber/LOADING]: Subscribing method public static void ovh.corail.tombstone.event.EventHandler.onServerLevelTick(net.neoforged.neoforge.event.tick.LevelTickEvent$Post) to the game event bus
[25Sep2026 03:51:33.515] [modloading-worker-0/DEBUG] [net.neoforged.fml.javafmlmod.AutomaticEventSubscriber/LOADING]: Subscribing method public static void ovh.corail.tombstone.event.EventHandler.onPlayerWakeUp(net.neoforged.neoforge.event.entity.player.PlayerWakeUpEvent) to the game event bus
[25Sep2026 03:51:33.515] [modloading-worker-0/DEBUG] [net.neoforged.fml.javafmlmod.AutomaticEventSubscriber/LOADING]: Subscribing method public static void ovh.corail.tombstone.event.EventHandler.onBlockPlaced(net.neoforged.neoforge.event.level.BlockEvent$EntityPlaceEvent) to the game event bus
[25Sep2026 03:51:33.516] [modloading-worker-0/DEBUG] [net.neoforged.fml.javafmlmod.AutomaticEventSubscriber/LOADING]: Subscribing method public static void ovh.corail.tombstone.event.EventHandler.onEnteringSection(net.neoforged.neoforge.event.entity.EntityEvent$EnteringSection) to the game event bus
[25Sep2026 03:51:33.516] [modloading-worker-0/DEBUG] [net.neoforged.fml.javafmlmod.AutomaticEventSubscriber/LOADING]: Subscribing method public static void ovh.corail.tombstone.event.EventHandler.onEffectRemoved(net.neoforged.neoforge.event.entity.living.MobEffectEvent$Remove) to the game event bus
[25Sep2026 03:51:33.517] [modloading-worker-0/DEBUG] [net.neoforged.fml.javafmlmod.AutomaticEventSubscriber/LOADING]: Subscribing method public static void ovh.corail.tombstone.event.EventHandler.onLivingDamagePre(net.neoforged.neoforge.event.entity.living.LivingDamageEvent$Pre) to the game event bus
[25Sep2026 03:51:33.517] [modloading-worker-0/DEBUG] [net.neoforged.fml.javafmlmod.AutomaticEventSubscriber/LOADING]: Subscribing method public static void ovh.corail.tombstone.event.EventHandler.onProjectileImpact(net.neoforged.neoforge.event.entity.ProjectileImpactEvent) to the game event bus
[25Sep2026 03:51:33.518] [modloading-worker-0/DEBUG] [net.neoforged.fml.javafmlmod.AutomaticEventSubscriber/LOADING]: Subscribing method public static void ovh.corail.tombstone.event.EventHandler.onAnvilUpdate(net.neoforged.neoforge.event.AnvilUpdateEvent) to the game event bus
[25Sep2026 03:51:33.518] [modloading-worker-0/DEBUG] [net.neoforged.fml.javafmlmod.AutomaticEventSubscriber/LOADING]: Subscribing method public static void ovh.corail.tombstone.event.EventHandler.onBreak(net.neoforged.neoforge.event.level.block.BreakBlockEvent) to the game event bus
[25Sep2026 03:51:33.518] [modloading-worker-0/DEBUG] [net.neoforged.fml.javafmlmod.AutomaticEventSubscriber/LOADING]: Subscribing method public static void ovh.corail.tombstone.event.EventHandler.onLeftClickBlock(net.neoforged.neoforge.event.entity.player.PlayerInteractEvent$LeftClickBlock) to the game event bus
[25Sep2026 03:51:33.519] [modloading-worker-0/DEBUG] [net.neoforged.fml.javafmlmod.AutomaticEventSubscriber/LOADING]: Subscribing method public static void ovh.corail.tombstone.event.EventHandler.onRightClickBlock(net.neoforged.neoforge.event.entity.player.PlayerInteractEvent$RightClickBlock) to the game event bus
[25Sep2026 03:51:33.519] [modloading-worker-0/DEBUG] [net.neoforged.fml.javafmlmod.AutomaticEventSubscriber/LOADING]: Subscribing method public static void ovh.corail.tombstone.event.EventHandler.onServerStarting(net.neoforged.neoforge.event.server.ServerStartingEvent) to the game event bus
[25Sep2026 03:51:33.519] [modloading-worker-0/DEBUG] [net.neoforged.fml.javafmlmod.AutomaticEventSubscriber/LOADING]: Scanning class ovh.corail.tombstone.helper.LootHelper for @SubscribeEvent-annotated methods
[25Sep2026 03:51:33.537] [modloading-worker-0/DEBUG] [net.neoforged.fml.javafmlmod.AutomaticEventSubscriber/LOADING]: Subscribing method public static void ovh.corail.tombstone.helper.LootHelper.onDrops(net.neoforged.neoforge.event.entity.living.LivingDropsEvent) to the game event bus
[25Sep2026 03:51:33.538] [modloading-worker-0/DEBUG] [net.neoforged.fml.javafmlmod.AutomaticEventSubscriber/LOADING]: Subscribing method public static void ovh.corail.tombstone.helper.LootHelper.onLootTableLoad(net.neoforged.neoforge.event.LootTableLoadEvent) to the game event bus
[25Sep2026 03:51:33.538] [modloading-worker-0/DEBUG] [net.neoforged.fml.javafmlmod.AutomaticEventSubscriber/LOADING]: Subscribing method public static void ovh.corail.tombstone.helper.LootHelper.onReloadListener(net.neoforged.neoforge.event.AddServerReloadListenersEvent) to the game event bus
[25Sep2026 03:51:33.539] [modloading-worker-0/DEBUG] [net.neoforged.fml.javafmlmod.AutomaticEventSubscriber/LOADING]: Scanning class ovh.corail.tombstone.helper.PlacedBlocksTracker$PlacedBlocksEvents for @SubscribeEvent-annotated methods
[25Sep2026 03:51:33.540] [modloading-worker-0/DEBUG] [net.neoforged.fml.javafmlmod.AutomaticEventSubscriber/LOADING]: Subscribing method public static void ovh.corail.tombstone.helper.PlacedBlocksTracker$PlacedBlocksEvents.onPlacedBlock(net.neoforged.neoforge.event.level.BlockEvent$EntityPlaceEvent) to the game event bus
[25Sep2026 03:51:33.540] [modloading-worker-0/DEBUG] [net.neoforged.fml.javafmlmod.AutomaticEventSubscriber/LOADING]: Subscribing method public static void ovh.corail.tombstone.helper.PlacedBlocksTracker$PlacedBlocksEvents.onBrokenBlock(net.neoforged.neoforge.event.level.block.BreakBlockEvent) to the game event bus
[25Sep2026 03:51:33.540] [modloading-worker-0/DEBUG] [net.neoforged.fml.javafmlmod.AutomaticEventSubscriber/LOADING]: Scanning class ovh.corail.tombstone.network.PacketHandler for @SubscribeEvent-annotated methods
[25Sep2026 03:51:33.542] [modloading-worker-0/DEBUG] [net.neoforged.fml.javafmlmod.AutomaticEventSubscriber/LOADING]: Subscribing method public static void ovh.corail.tombstone.network.PacketHandler.onRegisterPayloadHandler(net.neoforged.neoforge.network.event.RegisterPayloadHandlersEvent) to the event bus of mod tombstone
[25Sep2026 03:51:33.542] [modloading-worker-0/DEBUG] [net.neoforged.fml.javafmlmod.AutomaticEventSubscriber/LOADING]: Scanning class ovh.corail.tombstone.perk.PerkRegistry for @SubscribeEvent-annotated methods
[25Sep2026 03:51:33.543] [modloading-worker-0/DEBUG] [net.neoforged.fml.javafmlmod.AutomaticEventSubscriber/LOADING]: Subscribing method public static void ovh.corail.tombstone.perk.PerkRegistry.createRegistry(net.neoforged.neoforge.registries.NewRegistryEvent) to the event bus of mod tombstone
[25Sep2026 03:51:33.544] [modloading-worker-0/DEBUG] [net.neoforged.fml.javafmlmod.AutomaticEventSubscriber/LOADING]: Scanning class ovh.corail.tombstone.registry.ModPotions for @SubscribeEvent-annotated methods
[25Sep2026 03:51:33.545] [modloading-worker-0/DEBUG] [net.neoforged.fml.javafmlmod.AutomaticEventSubscriber/LOADING]: Subscribing method public static void ovh.corail.tombstone.registry.ModPotions.onBrewingRecipeRegister(net.neoforged.neoforge.event.brewing.RegisterBrewingRecipesEvent) to the game event bus
[25Sep2026 03:51:33.545] [modloading-worker-0/DEBUG] [net.neoforged.fml.javafmlmod.AutomaticEventSubscriber/LOADING]: Scanning class ovh.corail.tombstone.registry.Registration for @SubscribeEvent-annotated methods
[25Sep2026 03:51:33.546] [modloading-worker-0/DEBUG] [net.neoforged.fml.javafmlmod.AutomaticEventSubscriber/LOADING]: Subscribing method public static void ovh.corail.tombstone.registry.Registration.onRegistration(net.neoforged.neoforge.registries.RegisterEvent) to the event bus of mod tombstone
[25Sep2026 03:51:33.547] [modloading-worker-0/DEBUG] [net.neoforged.fml.javafmlmod.AutomaticEventSubscriber/LOADING]: Subscribing method public static void ovh.corail.tombstone.registry.Registration.onRegisterAttributes(net.neoforged.neoforge.event.entity.EntityAttributeCreationEvent) to the event bus of mod tombstone
[25Sep2026 03:51:33.547] [modloading-worker-0/INFO] [Dungeon Crawl/]: Here we go! Launching Dungeon Crawl 2.3.17...
[25Sep2026 03:51:33.549] [modloading-worker-0/DEBUG] [net.neoforged.fml.config.ConfigTracker/CONFIG]: Config file dungeon_crawl.toml for dungeoncrawl tracking
[25Sep2026 03:51:33.552] [modloading-worker-0/DEBUG] [net.neoforged.fml.javafmlmod.AutomaticEventSubscriber/LOADING]: Attempting to inject @EventBusSubscriber classes into the eventbus for dungeoncrawl
[25Sep2026 03:51:33.554] [modloading-worker-0/DEBUG] [mixin/]: Mixing impl.MixinPacketHandler from glitchcore.neoforge.mixins.json into glitchcore.network.PacketHandler
[25Sep2026 03:51:33.554] [modloading-worker-0/DEBUG] [mixin/]: glitchcore.neoforge.mixins.json:impl.MixinPacketHandler from mod glitchcore: Class version 69 required is higher than the class version supported by the current version of Mixin (JAVA_17 supports class version 61)
[25Sep2026 03:51:33.555] [modloading-worker-0/DEBUG] [mixin/]: Renaming synthetic method lambda$register$2(Lglitchcore/neoforge/network/GCPayloadFactory;Lnet/neoforged/neoforge/client/network/event/RegisterClientPayloadHandlersEvent;)V to mdc4de4a$glitchcore$lambda$register$2$0 in glitchcore.neoforge.mixins.json:impl.MixinPacketHandler from mod glitchcore
[25Sep2026 03:51:33.555] [modloading-worker-0/DEBUG] [mixin/]: Renaming synthetic method lambda$register$1(Ljava/lang/String;Lglitchcore/network/CustomPacket;Lglitchcore/neoforge/network/GCPayloadFactory;Lnet/neoforged/neoforge/network/event/RegisterPayloadHandlersEvent;)V to mdc4de4a$glitchcore$lambda$register$1$1 in glitchcore.neoforge.mixins.json:impl.MixinPacketHandler from mod glitchcore
[25Sep2026 03:51:33.555] [modloading-worker-0/DEBUG] [mixin/]: Renaming synthetic method lambda$register$0()Ljava/lang/IllegalArgumentException; to mdc4de4a$glitchcore$lambda$register$0$2 in glitchcore.neoforge.mixins.json:impl.MixinPacketHandler from mod glitchcore
[25Sep2026 03:51:33.563] [modloading-worker-0/DEBUG] [net.neoforged.fml.javafmlmod.AutomaticEventSubscriber/LOADING]: Attempting to inject @EventBusSubscriber classes into the eventbus for glitchcore
[25Sep2026 03:51:33.563] [modloading-worker-0/DEBUG] [net.neoforged.fml.javafmlmod.AutomaticEventSubscriber/LOADING]: Scanning class glitchcore.neoforge.handlers.InteractionEventHandler for @SubscribeEvent-annotated methods
[25Sep2026 03:51:33.564] [modloading-worker-0/DEBUG] [net.neoforged.fml.javafmlmod.AutomaticEventSubscriber/LOADING]: Subscribing method public static void glitchcore.neoforge.handlers.InteractionEventHandler.onRightClickBlock(net.neoforged.neoforge.event.entity.player.PlayerInteractEvent$RightClickBlock) to the game event bus
[25Sep2026 03:51:33.565] [modloading-worker-0/DEBUG] [net.neoforged.fml.javafmlmod.AutomaticEventSubscriber/LOADING]: Scanning class glitchcore.neoforge.handlers.RegisterCommandsEventHandler for @SubscribeEvent-annotated methods
[25Sep2026 03:51:33.566] [modloading-worker-0/DEBUG] [net.neoforged.fml.javafmlmod.AutomaticEventSubscriber/LOADING]: Subscribing method public static void glitchcore.neoforge.handlers.RegisterCommandsEventHandler.onRegisterCommands(net.neoforged.neoforge.event.RegisterCommandsEvent) to the game event bus
[25Sep2026 03:51:33.566] [modloading-worker-0/DEBUG] [net.neoforged.fml.javafmlmod.AutomaticEventSubscriber/LOADING]: Scanning class glitchcore.neoforge.handlers.RegistryEventHandler for @SubscribeEvent-annotated methods
[25Sep2026 03:51:33.567] [modloading-worker-0/DEBUG] [net.neoforged.fml.javafmlmod.AutomaticEventSubscriber/LOADING]: Subscribing method private static void glitchcore.neoforge.handlers.RegistryEventHandler.onRegister(net.neoforged.neoforge.registries.RegisterEvent) to the event bus of mod glitchcore
[25Sep2026 03:51:33.567] [modloading-worker-0/DEBUG] [net.neoforged.fml.javafmlmod.AutomaticEventSubscriber/LOADING]: Scanning class glitchcore.neoforge.handlers.RemapperEventHandler for @SubscribeEvent-annotated methods
[25Sep2026 03:51:33.568] [modloading-worker-0/DEBUG] [net.neoforged.fml.javafmlmod.AutomaticEventSubscriber/LOADING]: Subscribing method public static void glitchcore.neoforge.handlers.RemapperEventHandler.onRegister(net.neoforged.neoforge.registries.RegisterEvent) to the event bus of mod glitchcore
[25Sep2026 03:51:33.569] [modloading-worker-0/DEBUG] [net.neoforged.fml.javafmlmod.AutomaticEventSubscriber/LOADING]: Scanning class glitchcore.neoforge.handlers.TagsUpdatedEventHandler for @SubscribeEvent-annotated methods
[25Sep2026 03:51:33.569] [modloading-worker-0/DEBUG] [net.neoforged.fml.javafmlmod.AutomaticEventSubscriber/LOADING]: Subscribing method public static void glitchcore.neoforge.handlers.TagsUpdatedEventHandler.onTagsUpdated(net.neoforged.neoforge.event.TagsUpdatedEvent) to the game event bus
[25Sep2026 03:51:33.570] [modloading-worker-0/DEBUG] [net.neoforged.fml.javafmlmod.AutomaticEventSubscriber/LOADING]: Scanning class glitchcore.neoforge.handlers.TickEventHandler for @SubscribeEvent-annotated methods
[25Sep2026 03:51:33.571] [modloading-worker-0/DEBUG] [net.neoforged.fml.javafmlmod.AutomaticEventSubscriber/LOADING]: Subscribing method public static void glitchcore.neoforge.handlers.TickEventHandler.onLevelTick(net.neoforged.neoforge.event.tick.LevelTickEvent$Pre) to the game event bus
[25Sep2026 03:51:33.571] [modloading-worker-0/DEBUG] [net.neoforged.fml.javafmlmod.AutomaticEventSubscriber/LOADING]: Subscribing method public static void glitchcore.neoforge.handlers.TickEventHandler.onLevelTick(net.neoforged.neoforge.event.tick.LevelTickEvent$Post) to the game event bus
[25Sep2026 03:51:33.572] [modloading-worker-0/DEBUG] [net.neoforged.fml.javafmlmod.AutomaticEventSubscriber/LOADING]: Scanning class glitchcore.neoforge.handlers.ToolModificationEventHandler for @SubscribeEvent-annotated methods
[25Sep2026 03:51:33.573] [modloading-worker-0/DEBUG] [net.neoforged.fml.javafmlmod.AutomaticEventSubscriber/LOADING]: Subscribing method public static void glitchcore.neoforge.handlers.ToolModificationEventHandler.onToolModification(net.neoforged.neoforge.event.level.BlockEvent$BlockToolModificationEvent) to the game event bus
[25Sep2026 03:51:33.573] [modloading-worker-0/DEBUG] [net.neoforged.fml.javafmlmod.AutomaticEventSubscriber/LOADING]: Scanning class glitchcore.neoforge.handlers.TooltipEventHandler for @SubscribeEvent-annotated methods
[25Sep2026 03:51:33.574] [modloading-worker-0/DEBUG] [net.neoforged.fml.javafmlmod.AutomaticEventSubscriber/LOADING]: Subscribing method public static void glitchcore.neoforge.handlers.TooltipEventHandler.onItemTooltip(net.neoforged.neoforge.event.entity.player.ItemTooltipEvent) to the game event bus
[25Sep2026 03:51:33.578] [modloading-worker-0/DEBUG] [mixin/]: Mixing impl.MixinEnvironment from glitchcore.neoforge.mixins.json into glitchcore.util.Environment
[25Sep2026 03:51:33.578] [modloading-worker-0/DEBUG] [mixin/]: glitchcore.neoforge.mixins.json:impl.MixinEnvironment from mod glitchcore: Class version 69 required is higher than the class version supported by the current version of Mixin (JAVA_17 supports class version 61)
[25Sep2026 03:51:33.597] [modloading-worker-0/DEBUG] [io.netty.util.internal.CleanerJava24Linker/]: java.nio.ByteBuffer.cleaner(): available
[25Sep2026 03:51:33.597] [modloading-worker-0/DEBUG] [io.netty.util.internal.PlatformDependent/]: -Dio.netty.noPreferDirect: false
[25Sep2026 03:51:33.597] [modloading-worker-0/DEBUG] [io.netty.util.internal.PlatformDependent/]: -Dio.netty.ignoreExpensiveClean: false
[25Sep2026 03:51:33.603] [modloading-worker-0/DEBUG] [io.netty.util.internal.PlatformDependent/]: -Dio.netty.jfr.enabled: true
[25Sep2026 03:51:33.610] [modloading-worker-0/DEBUG] [io.netty.util.internal.PlatformDependent/]: java.lang.invoke.VarHandle: available
[25Sep2026 03:51:33.610] [modloading-worker-0/DEBUG] [io.netty.util.internal.PlatformDependent/]: -Dio.netty.varHandle.enabled: true
[25Sep2026 03:51:33.619] [modloading-worker-0/DEBUG] [io.netty.buffer.AbstractByteBuf/]: -Dio.netty.buffer.checkAccessible: true
[25Sep2026 03:51:33.620] [modloading-worker-0/DEBUG] [io.netty.buffer.AbstractByteBuf/]: -Dio.netty.buffer.checkBounds: true
[25Sep2026 03:51:33.620] [modloading-worker-0/DEBUG] [io.netty.util.ResourceLeakDetectorFactory/]: Loaded default ResourceLeakDetector: io.netty.util.ResourceLeakDetector@42cfb57f
[25Sep2026 03:51:33.626] [modloading-worker-0/DEBUG] [mixin/]: Mixing MixinBloodFluid from biomesoplenty.neoforge.mixins.json into biomesoplenty.block.BloodFluid
[25Sep2026 03:51:33.627] [modloading-worker-0/DEBUG] [mixin/]: biomesoplenty.neoforge.mixins.json:MixinBloodFluid from mod biomesoplenty: Class version 69 required is higher than the class version supported by the current version of Mixin (JAVA_17 supports class version 61)
[25Sep2026 03:51:33.631] [modloading-worker-0/DEBUG] [mixin/]: Mixing MixinLiquidNullFluid from biomesoplenty.neoforge.mixins.json into biomesoplenty.block.LiquidNullFluid
[25Sep2026 03:51:33.632] [modloading-worker-0/DEBUG] [mixin/]: biomesoplenty.neoforge.mixins.json:MixinLiquidNullFluid from mod biomesoplenty: Class version 69 required is higher than the class version supported by the current version of Mixin (JAVA_17 supports class version 61)
[25Sep2026 03:51:33.634] [modloading-worker-0/DEBUG] [io.netty.util.internal.InternalThreadLocalMap/]: -Dio.netty.threadLocalMap.stringBuilder.initialSize: 1024
[25Sep2026 03:51:33.634] [modloading-worker-0/DEBUG] [io.netty.util.internal.InternalThreadLocalMap/]: -Dio.netty.threadLocalMap.stringBuilder.maxSize: 4096
[25Sep2026 03:51:33.639] [modloading-worker-0/DEBUG] [io.netty.buffer.AdaptiveByteBufAllocator/]: -Dio.netty.allocator.useCachedMagazinesForNonEventLoopThreads: false
[25Sep2026 03:51:33.655] [modloading-worker-0/DEBUG] [io.netty.util.Recycler/]: -Dio.netty.recycler.maxCapacityPerThread: 4096
[25Sep2026 03:51:33.655] [modloading-worker-0/DEBUG] [io.netty.util.Recycler/]: -Dio.netty.recycler.ratio: 8
[25Sep2026 03:51:33.655] [modloading-worker-0/DEBUG] [io.netty.util.Recycler/]: -Dio.netty.recycler.chunkSize: 32
[25Sep2026 03:51:33.655] [modloading-worker-0/DEBUG] [io.netty.util.Recycler/]: -Dio.netty.recycler.blocking: false
[25Sep2026 03:51:33.655] [modloading-worker-0/DEBUG] [io.netty.util.Recycler/]: -Dio.netty.recycler.batchFastThreadLocalOnly: true
[25Sep2026 03:51:33.666] [modloading-worker-0/DEBUG] [io.netty.buffer.ByteBufUtil/]: -Dio.netty.allocator.type: adaptive
[25Sep2026 03:51:33.666] [modloading-worker-0/DEBUG] [io.netty.buffer.ByteBufUtil/]: -Dio.netty.threadLocalDirectBufferSize: 0
[25Sep2026 03:51:33.666] [modloading-worker-0/DEBUG] [io.netty.buffer.ByteBufUtil/]: -Dio.netty.maxThreadLocalCharBufferSize: 16384
[25Sep2026 03:51:33.677] [modloading-worker-0/DEBUG] [net.neoforged.fml.javafmlmod.AutomaticEventSubscriber/LOADING]: Subscribing method private static void net.neoforged.neoforge.network.filters.GenericPacketSplitter.register(net.neoforged.neoforge.network.event.RegisterPayloadHandlersEvent) to the event bus of mod neoforge
[25Sep2026 03:51:33.683] [modloading-worker-0/DEBUG] [net.neoforged.fml.javafmlmod.AutomaticEventSubscriber/LOADING]: Attempting to inject @EventBusSubscriber classes into the eventbus for biomesoplenty
[25Sep2026 03:51:33.683] [modloading-worker-0/DEBUG] [net.neoforged.fml.javafmlmod.AutomaticEventSubscriber/LOADING]: Scanning class biomesoplenty.neoforge.client.FluidClientHandler for @SubscribeEvent-annotated methods
[25Sep2026 03:51:33.685] [modloading-worker-0/DEBUG] [net.neoforged.fml.javafmlmod.AutomaticEventSubscriber/LOADING]: Subscribing method public static void biomesoplenty.neoforge.client.FluidClientHandler.onRegisterFluidModels(net.neoforged.neoforge.client.event.RegisterFluidModelsEvent) to the event bus of mod biomesoplenty
[25Sep2026 03:51:33.685] [modloading-worker-0/DEBUG] [net.neoforged.fml.javafmlmod.AutomaticEventSubscriber/LOADING]: Subscribing method public static void biomesoplenty.neoforge.client.FluidClientHandler.onRegisterClientExtensions(net.neoforged.neoforge.client.extensions.common.RegisterClientExtensionsEvent) to the event bus of mod biomesoplenty
[25Sep2026 03:51:33.686] [modloading-worker-0/DEBUG] [net.neoforged.fml.javafmlmod.AutomaticEventSubscriber/LOADING]: Scanning class biomesoplenty.neoforge.datagen.DataGenerationHandler for @SubscribeEvent-annotated methods
[25Sep2026 03:51:33.686] [modloading-worker-0/INFO] [Inventory Profiles Next/]: [Inventory Profiles Next] Inventory Profiles Next - init in Kotlin
[25Sep2026 03:51:33.691] [modloading-worker-0/DEBUG] [net.neoforged.fml.javafmlmod.AutomaticEventSubscriber/LOADING]: Attempting to inject @EventBusSubscriber classes into the eventbus for inventoryprofilesnext
[25Sep2026 03:51:33.696] [modloading-worker-0/DEBUG] [net.neoforged.fml.javafmlmod.AutomaticEventSubscriber/LOADING]: Subscribing method public static void biomesoplenty.neoforge.datagen.DataGenerationHandler.onGatherData(net.neoforged.neoforge.data.event.GatherDataEvent$Client) to the event bus of mod biomesoplenty
[25Sep2026 03:51:33.749] [modloading-worker-0/DEBUG] [net.neoforged.fml.javafmlmod.AutomaticEventSubscriber/LOADING]: Attempting to inject @EventBusSubscriber classes into the eventbus for fallingtree
[25Sep2026 03:51:33.749] [modloading-worker-0/DEBUG] [net.neoforged.fml.javafmlmod.AutomaticEventSubscriber/LOADING]: Attempting to inject @EventBusSubscriber classes into the eventbus for journeymap_api
[25Sep2026 03:51:33.750] [modloading-worker-0/DEBUG] [playerrevive/]: Created network playerrevive:main
[25Sep2026 03:51:33.752] [modloading-worker-0/DEBUG] [net.neoforged.fml.javafmlmod.AutomaticEventSubscriber/LOADING]: Attempting to inject @EventBusSubscriber classes into the eventbus for playerrevive
[25Sep2026 03:51:33.759] [modloading-worker-0/DEBUG] [net.neoforged.fml.javafmlmod.AutomaticEventSubscriber/LOADING]: Attempting to inject @EventBusSubscriber classes into the eventbus for balm
[25Sep2026 03:51:33.762] [modloading-worker-0/DEBUG] [net.neoforged.fml.javafmlmod.AutomaticEventSubscriber/LOADING]: Attempting to inject @EventBusSubscriber classes into the eventbus for collective
[25Sep2026 03:51:33.762] [modloading-worker-0/DEBUG] [net.neoforged.fml.javafmlmod.AutomaticEventSubscriber/LOADING]: Scanning class com.natamus.collective.neoforge.events.RegisterCollectiveNeoForgeEvents for @SubscribeEvent-annotated methods
[25Sep2026 03:51:33.763] [modloading-worker-0/DEBUG] [net.neoforged.fml.javafmlmod.AutomaticEventSubscriber/LOADING]: Subscribing method public static void com.natamus.collective.neoforge.events.RegisterCollectiveNeoForgeEvents.onServerTick(net.neoforged.neoforge.event.tick.ServerTickEvent$Post) to the game event bus
[25Sep2026 03:51:33.764] [modloading-worker-0/DEBUG] [net.neoforged.fml.javafmlmod.AutomaticEventSubscriber/LOADING]: Attempting to inject @EventBusSubscriber classes into the eventbus for replantingcrops
[25Sep2026 03:51:33.765] [modloading-worker-0/DEBUG] [net.neoforged.fml.javafmlmod.AutomaticEventSubscriber/LOADING]: Subscribing method public static void com.natamus.collective.neoforge.events.RegisterCollectiveNeoForgeEvents.onWorldTick(net.neoforged.neoforge.event.tick.LevelTickEvent$Post) to the game event bus
[25Sep2026 03:51:33.765] [modloading-worker-0/DEBUG] [net.neoforged.fml.javafmlmod.AutomaticEventSubscriber/LOADING]: Subscribing method public static void com.natamus.collective.neoforge.events.RegisterCollectiveNeoForgeEvents.onEntityJoinLevel(net.neoforged.neoforge.event.entity.EntityJoinLevelEvent) to the game event bus
[25Sep2026 03:51:33.766] [modloading-worker-0/DEBUG] [net.neoforged.fml.javafmlmod.AutomaticEventSubscriber/LOADING]: Attempting to inject @EventBusSubscriber classes into the eventbus for travelersbackpack
[25Sep2026 03:51:33.766] [modloading-worker-0/DEBUG] [net.neoforged.fml.javafmlmod.AutomaticEventSubscriber/LOADING]: Subscribing method public static void com.natamus.collective.neoforge.events.RegisterCollectiveNeoForgeEvents.onServerStarted(net.neoforged.neoforge.event.server.ServerAboutToStartEvent) to the game event bus
[25Sep2026 03:51:33.766] [modloading-worker-0/DEBUG] [net.neoforged.fml.javafmlmod.AutomaticEventSubscriber/LOADING]: Scanning class com.tiviacz.travelersbackpack.handlers.ModEventHandler for @SubscribeEvent-annotated methods
[25Sep2026 03:51:33.766] [modloading-worker-0/DEBUG] [net.neoforged.fml.javafmlmod.AutomaticEventSubscriber/LOADING]: Subscribing method public static void com.natamus.collective.neoforge.events.RegisterCollectiveNeoForgeEvents.registerCommands(net.neoforged.neoforge.event.RegisterCommandsEvent) to the game event bus
[25Sep2026 03:51:33.766] [modloading-worker-0/DEBUG] [net.neoforged.fml.javafmlmod.AutomaticEventSubscriber/LOADING]: Subscribing method public static void com.natamus.collective.neoforge.events.RegisterCollectiveNeoForgeEvents.onPlayerLoggedIn(net.neoforged.neoforge.event.entity.player.PlayerEvent$PlayerLoggedInEvent) to the game event bus
[25Sep2026 03:51:33.766] [modloading-worker-0/DEBUG] [net.neoforged.fml.javafmlmod.AutomaticEventSubscriber/LOADING]: Subscribing method public static void com.natamus.collective.neoforge.events.RegisterCollectiveNeoForgeEvents.onWorldLoad(net.neoforged.neoforge.event.level.LevelEvent$Load) to the game event bus
[25Sep2026 03:51:33.768] [modloading-worker-0/DEBUG] [net.neoforged.fml.javafmlmod.AutomaticEventSubscriber/LOADING]: Subscribing method public static void com.tiviacz.travelersbackpack.handlers.ModEventHandler.registerPayloadHandler(net.neoforged.neoforge.network.event.RegisterPayloadHandlersEvent) to the event bus of mod travelersbackpack
[25Sep2026 03:51:33.769] [modloading-worker-0/DEBUG] [net.neoforged.fml.javafmlmod.AutomaticEventSubscriber/LOADING]: Subscribing method public static void com.tiviacz.travelersbackpack.handlers.ModEventHandler.onModConfigLoad(net.neoforged.fml.event.config.ModConfigEvent$Loading) to the event bus of mod travelersbackpack
[25Sep2026 03:51:33.769] [modloading-worker-0/DEBUG] [net.neoforged.fml.javafmlmod.AutomaticEventSubscriber/LOADING]: Subscribing method public static void com.tiviacz.travelersbackpack.handlers.ModEventHandler.onModConfigReload(net.neoforged.fml.event.config.ModConfigEvent$Reloading) to the event bus of mod travelersbackpack
[25Sep2026 03:51:33.770] [modloading-worker-0/DEBUG] [net.neoforged.fml.javafmlmod.AutomaticEventSubscriber/LOADING]: Subscribing method public static void com.tiviacz.travelersbackpack.handlers.ModEventHandler.onGatherData(net.neoforged.neoforge.data.event.GatherDataEvent$Client) to the event bus of mod travelersbackpack
[25Sep2026 03:51:33.770] [modloading-worker-0/DEBUG] [net.neoforged.fml.javafmlmod.AutomaticEventSubscriber/LOADING]: Subscribing method public static void com.tiviacz.travelersbackpack.handlers.ModEventHandler.registerCapabilities(net.neoforged.neoforge.capabilities.RegisterCapabilitiesEvent) to the event bus of mod travelersbackpack
[25Sep2026 03:51:33.770] [modloading-worker-0/DEBUG] [net.neoforged.fml.javafmlmod.AutomaticEventSubscriber/LOADING]: Scanning class com.tiviacz.travelersbackpack.handlers.NeoForgeEventHandler for @SubscribeEvent-annotated methods
[25Sep2026 03:51:33.779] [modloading-worker-0/DEBUG] [net.neoforged.fml.javafmlmod.AutomaticEventSubscriber/LOADING]: Subscribing method public static void com.tiviacz.travelersbackpack.handlers.NeoForgeEventHandler.onServerTick(net.neoforged.neoforge.event.tick.ServerTickEvent$Post) to the game event bus
[25Sep2026 03:51:33.779] [modloading-worker-0/DEBUG] [net.neoforged.fml.javafmlmod.AutomaticEventSubscriber/LOADING]: Subscribing method public static void com.tiviacz.travelersbackpack.handlers.NeoForgeEventHandler.onWorldTick(net.neoforged.neoforge.event.tick.LevelTickEvent$Post) to the game event bus
[25Sep2026 03:51:33.780] [modloading-worker-0/DEBUG] [net.neoforged.fml.javafmlmod.AutomaticEventSubscriber/LOADING]: Subscribing method public static void com.tiviacz.travelersbackpack.handlers.NeoForgeEventHandler.onPlayerDrops(net.neoforged.neoforge.event.entity.living.LivingDropsEvent) to the game event bus
[25Sep2026 03:51:33.782] [modloading-worker-0/DEBUG] [net.neoforged.fml.javafmlmod.AutomaticEventSubscriber/LOADING]: Subscribing method public static void com.tiviacz.travelersbackpack.handlers.NeoForgeEventHandler.playerSetSpawn(net.neoforged.neoforge.event.entity.player.PlayerSetSpawnEvent) to the game event bus
[25Sep2026 03:51:33.782] [modloading-worker-0/DEBUG] [net.neoforged.fml.javafmlmod.AutomaticEventSubscriber/LOADING]: Subscribing method public static void com.tiviacz.travelersbackpack.handlers.NeoForgeEventHandler.playerWakeUp(net.neoforged.neoforge.event.entity.player.PlayerWakeUpEvent) to the game event bus
[25Sep2026 03:51:33.783] [modloading-worker-0/DEBUG] [net.neoforged.fml.javafmlmod.AutomaticEventSubscriber/LOADING]: Subscribing method public static void com.tiviacz.travelersbackpack.handlers.NeoForgeEventHandler.playerRightClickBlock(net.neoforged.neoforge.event.entity.player.PlayerInteractEvent$RightClickBlock) to the game event bus
[25Sep2026 03:51:33.783] [modloading-worker-0/DEBUG] [net.neoforged.fml.javafmlmod.AutomaticEventSubscriber/LOADING]: Subscribing method public static void com.tiviacz.travelersbackpack.handlers.NeoForgeEventHandler.onEnderManAngerEvent(net.neoforged.neoforge.event.entity.living.EnderManAngerEvent) to the game event bus
[25Sep2026 03:51:33.783] [modloading-worker-0/DEBUG] [net.neoforged.fml.javafmlmod.AutomaticEventSubscriber/LOADING]: Subscribing method public static void com.tiviacz.travelersbackpack.handlers.NeoForgeEventHandler.blockBlazeProjectile(net.neoforged.neoforge.event.entity.ProjectileImpactEvent) to the game event bus
[25Sep2026 03:51:33.784] [modloading-worker-0/DEBUG] [net.neoforged.fml.javafmlmod.AutomaticEventSubscriber/LOADING]: Subscribing method public static void com.tiviacz.travelersbackpack.handlers.NeoForgeEventHandler.livingChangeTarget(net.neoforged.neoforge.event.entity.living.LivingChangeTargetEvent) to the game event bus
[25Sep2026 03:51:33.784] [modloading-worker-0/DEBUG] [net.neoforged.fml.javafmlmod.AutomaticEventSubscriber/LOADING]: Subscribing method public static void com.tiviacz.travelersbackpack.handlers.NeoForgeEventHandler.onExpPickup(net.neoforged.neoforge.event.entity.player.PlayerXpEvent$PickupXp) to the game event bus
[25Sep2026 03:51:33.785] [modloading-worker-0/DEBUG] [net.neoforged.fml.javafmlmod.AutomaticEventSubscriber/LOADING]: Subscribing method public static void com.tiviacz.travelersbackpack.handlers.NeoForgeEventHandler.playerDeath(net.neoforged.neoforge.event.entity.living.LivingDeathEvent) to the game event bus
[25Sep2026 03:51:33.786] [modloading-worker-0/DEBUG] [net.neoforged.fml.javafmlmod.AutomaticEventSubscriber/LOADING]: Subscribing method public static void com.tiviacz.travelersbackpack.handlers.NeoForgeEventHandler.playerChangeDimension(net.neoforged.neoforge.event.entity.player.PlayerEvent$PlayerChangedDimensionEvent) to the game event bus
[25Sep2026 03:51:33.786] [modloading-worker-0/DEBUG] [net.neoforged.fml.javafmlmod.AutomaticEventSubscriber/LOADING]: Subscribing method public static void com.tiviacz.travelersbackpack.handlers.NeoForgeEventHandler.playerJoin(net.neoforged.neoforge.event.entity.player.PlayerEvent$PlayerLoggedInEvent) to the game event bus
[25Sep2026 03:51:33.786] [modloading-worker-0/DEBUG] [net.neoforged.fml.javafmlmod.AutomaticEventSubscriber/LOADING]: Subscribing method public static void com.tiviacz.travelersbackpack.handlers.NeoForgeEventHandler.playerJoin(net.neoforged.neoforge.event.entity.player.PlayerEvent$PlayerRespawnEvent) to the game event bus
[25Sep2026 03:51:33.787] [modloading-worker-0/DEBUG] [net.neoforged.fml.javafmlmod.AutomaticEventSubscriber/LOADING]: Subscribing method public static void com.tiviacz.travelersbackpack.handlers.NeoForgeEventHandler.entityJoin(net.neoforged.neoforge.event.entity.EntityJoinLevelEvent) to the game event bus
[25Sep2026 03:51:33.787] [modloading-worker-0/DEBUG] [net.neoforged.fml.javafmlmod.AutomaticEventSubscriber/LOADING]: Subscribing method public static void com.tiviacz.travelersbackpack.handlers.NeoForgeEventHandler.finalizeSpawnEvent(net.neoforged.neoforge.event.entity.living.FinalizeSpawnEvent) to the game event bus
[25Sep2026 03:51:33.787] [modloading-worker-0/DEBUG] [net.neoforged.fml.javafmlmod.AutomaticEventSubscriber/LOADING]: Subscribing method public static void com.tiviacz.travelersbackpack.handlers.NeoForgeEventHandler.playerTracking(net.neoforged.neoforge.event.entity.player.PlayerEvent$StartTracking) to the game event bus
[25Sep2026 03:51:33.788] [modloading-worker-0/DEBUG] [net.neoforged.fml.javafmlmod.AutomaticEventSubscriber/LOADING]: Subscribing method public static void com.tiviacz.travelersbackpack.handlers.NeoForgeEventHandler.playerTick(net.neoforged.neoforge.event.tick.PlayerTickEvent$Post) to the game event bus
[25Sep2026 03:51:33.788] [modloading-worker-0/DEBUG] [net.neoforged.fml.javafmlmod.AutomaticEventSubscriber/LOADING]: Subscribing method public static void com.tiviacz.travelersbackpack.handlers.NeoForgeEventHandler.registerCommands(net.neoforged.neoforge.event.RegisterCommandsEvent) to the game event bus
[25Sep2026 03:51:33.789] [modloading-worker-0/DEBUG] [net.neoforged.fml.javafmlmod.AutomaticEventSubscriber/LOADING]: Subscribing method public static void com.tiviacz.travelersbackpack.handlers.NeoForgeEventHandler.onHit(net.neoforged.neoforge.event.entity.player.AttackEntityEvent) to the game event bus
[25Sep2026 03:51:33.789] [modloading-worker-0/DEBUG] [net.neoforged.fml.javafmlmod.AutomaticEventSubscriber/LOADING]: Subscribing method public static void com.tiviacz.travelersbackpack.handlers.NeoForgeEventHandler.onItemPickup(net.neoforged.neoforge.event.entity.player.ItemEntityPickupEvent$Pre) to the game event bus
[25Sep2026 03:51:34.565] [modloading-sync-worker/DEBUG] [mixin/]: Mixing impl.MixinBlockHelper from glitchcore.neoforge.mixins.json into glitchcore.util.BlockHelper
[25Sep2026 03:51:34.566] [modloading-sync-worker/DEBUG] [mixin/]: glitchcore.neoforge.mixins.json:impl.MixinBlockHelper from mod glitchcore: Class version 69 required is higher than the class version supported by the current version of Mixin (JAVA_17 supports class version 61)
[25Sep2026 03:51:34.601] [Collective Update Checker/WARN] [Collective/]: [Update] Collective has an update available: 8.39 -> 8.40
[25Sep2026 03:51:35.213] [modloading-sync-worker/DEBUG] [net.neoforged.fml.config.ConfigTracker/CONFIG]: Loading configs type COMMON
[25Sep2026 03:51:35.220] [modloading-sync-worker/DEBUG] [net.neoforged.fml.config.ConfigTracker/CONFIG]: Loaded TOML config file /workspaces/SERVER-DISLEXICO-04/servidor_minecraft/config/repurposed_structures-neoforge/modded_loot.toml
[25Sep2026 03:51:35.234] [modloading-sync-worker/DEBUG] [net.neoforged.fml.config.ConfigTracker/CONFIG]: Watching TOML config file /workspaces/SERVER-DISLEXICO-04/servidor_minecraft/config/repurposed_structures-neoforge/modded_loot.toml for changes
[25Sep2026 03:51:35.235] [modloading-sync-worker/DEBUG] [net.neoforged.neoforge.common.NeoForgeMod/FORGEMOD]: Loaded NeoForge config file neoforge-common.toml
[25Sep2026 03:51:35.235] [modloading-sync-worker/DEBUG] [net.neoforged.fml.config.ConfigTracker/CONFIG]: Loaded TOML config file /workspaces/SERVER-DISLEXICO-04/servidor_minecraft/config/neoforge-common.toml
[25Sep2026 03:51:35.235] [modloading-sync-worker/DEBUG] [net.neoforged.fml.config.ConfigTracker/CONFIG]: Watching TOML config file /workspaces/SERVER-DISLEXICO-04/servidor_minecraft/config/neoforge-common.toml for changes
[25Sep2026 03:51:35.237] [modloading-sync-worker/DEBUG] [net.neoforged.fml.config.ConfigTracker/CONFIG]: Loaded TOML config file /workspaces/SERVER-DISLEXICO-04/servidor_minecraft/config/trashslot-common.toml
[25Sep2026 03:51:35.238] [modloading-sync-worker/DEBUG] [net.neoforged.fml.config.ConfigTracker/CONFIG]: Watching TOML config file /workspaces/SERVER-DISLEXICO-04/servidor_minecraft/config/trashslot-common.toml for changes
[25Sep2026 03:51:35.241] [modloading-sync-worker/DEBUG] [net.neoforged.fml.config.ConfigTracker/CONFIG]: Loaded TOML config file /workspaces/SERVER-DISLEXICO-04/servidor_minecraft/config/travelersbackpack-common.toml
[25Sep2026 03:51:35.241] [modloading-sync-worker/DEBUG] [net.neoforged.fml.config.ConfigTracker/CONFIG]: Watching TOML config file /workspaces/SERVER-DISLEXICO-04/servidor_minecraft/config/travelersbackpack-common.toml for changes
[25Sep2026 03:51:35.246] [modloading-sync-worker/DEBUG] [net.neoforged.fml.config.ConfigTracker/CONFIG]: Loaded TOML config file /workspaces/SERVER-DISLEXICO-04/servidor_minecraft/config/tombstone-common.toml
[25Sep2026 03:51:35.246] [modloading-sync-worker/DEBUG] [net.neoforged.fml.config.ConfigTracker/CONFIG]: Watching TOML config file /workspaces/SERVER-DISLEXICO-04/servidor_minecraft/config/tombstone-common.toml for changes
[25Sep2026 03:51:35.250] [modloading-sync-worker/DEBUG] [net.neoforged.fml.config.ConfigTracker/CONFIG]: Loaded TOML config file /workspaces/SERVER-DISLEXICO-04/servidor_minecraft/config/dungeon_crawl.toml
[25Sep2026 03:51:35.250] [modloading-sync-worker/DEBUG] [net.neoforged.fml.config.ConfigTracker/CONFIG]: Watching TOML config file /workspaces/SERVER-DISLEXICO-04/servidor_minecraft/config/dungeon_crawl.toml for changes
[25Sep2026 03:51:35.274] [NeoForge Version Check/INFO] [net.neoforged.fml.VersionChecker/]: [journeymap] Starting version check at https://neoforge.curseupdate.com/32274/journeymap
[25Sep2026 03:51:35.350] [modloading-sync-worker/DEBUG] [net.neoforged.fml.DeferredWorkQueue/LOADING]: Dispatching synchronous work for work queue Common setup: 3 jobs
[25Sep2026 03:51:35.357] [modloading-sync-worker/INFO] [com.tiviacz.travelersbackpack.TravelersBackpack/]: Registered the FluidEffect with Unique ID of minecraft:water for Reference{ResourceKey[minecraft:fluid / minecraft:water]=minecraft:water} (Fluid Amount Required: 1000) with the ID 0
[25Sep2026 03:51:35.358] [modloading-sync-worker/INFO] [com.tiviacz.travelersbackpack.TravelersBackpack/]: Registered the FluidEffect with Unique ID of minecraft:lava for Reference{ResourceKey[minecraft:fluid / minecraft:lava]=minecraft:lava} (Fluid Amount Required: 1000) with the ID 1
[25Sep2026 03:51:35.358] [modloading-sync-worker/INFO] [com.tiviacz.travelersbackpack.TravelersBackpack/]: Registered the FluidEffect with Unique ID of travelersbackpack:potion for Reference{ResourceKey[minecraft:fluid / travelersbackpack:potion_fluid]=travelersbackpack:potion_fluid} (Fluid Amount Required: 250) with the ID 2
[25Sep2026 03:51:35.358] [modloading-sync-worker/INFO] [com.tiviacz.travelersbackpack.TravelersBackpack/]: Registered the FluidEffect with Unique ID of minecraft:milk for Reference{ResourceKey[minecraft:fluid / minecraft:milk]=minecraft:milk} (Fluid Amount Required: 1000) with the ID 3
[25Sep2026 03:51:35.360] [modloading-sync-worker/INFO] [terrablender/]: Registered region minecraft:overworld to index 0 for type OVERWORLD
[25Sep2026 03:51:35.361] [modloading-sync-worker/INFO] [terrablender/]: Registered region minecraft:nether to index 0 for type NETHER
[25Sep2026 03:51:35.361] [modloading-sync-worker/INFO] [terrablender/]: Registered region biomesoplenty:overworld_primary to index 1 for type OVERWORLD
[25Sep2026 03:51:35.361] [modloading-sync-worker/INFO] [terrablender/]: Registered region biomesoplenty:overworld_secondary to index 2 for type OVERWORLD
[25Sep2026 03:51:35.361] [modloading-sync-worker/INFO] [terrablender/]: Registered region biomesoplenty:overworld_rare to index 3 for type OVERWORLD
[25Sep2026 03:51:35.361] [modloading-sync-worker/INFO] [terrablender/]: Registered region biomesoplenty:nether_common to index 1 for type NETHER
[25Sep2026 03:51:35.362] [modloading-sync-worker/INFO] [terrablender/]: Registered region biomesoplenty:nether_rare to index 2 for type NETHER
[25Sep2026 03:51:35.367] [modloading-sync-worker/DEBUG] [net.neoforged.fml.DeferredWorkQueue/LOADING]: Synchronous work queue completed in 16.23 ms
[25Sep2026 03:51:35.376] [NeoForge Version Check/DEBUG] [net.neoforged.fml.VersionChecker/]: [journeymap] Received version check data:
{"promos":{"1.20.1-latest":"5.9.18","1.20.1-recommended":"5.9.18","1.20.2-latest":"5.9.22","1.20.2-recommended":"5.9.22","1.20.3-latest":"5.9.18","1.20.3-recommended":"5.9.18","1.20.4-latest":"5.10.0","1.20.4-recommended":"5.10.0","1.20.5-latest":"5.9.27","1.20.5-recommended":"5.9.27","1.20.6-latest":"5.10.0","1.20.6-recommended":"5.10.0","1.21-latest":"1.21-6.0.0-beta.27","1.21.1-latest":"1.21.1-6.0.0-beta.52","1.21.4-latest":"1.21.4-6.0.0-beta.45","1.21.5-latest":"1.21.5-6.0.0-beta.52","1.21.6-latest":"1.21.6-6.0.0-beta.52","1.21.7-latest":"1.21.7-6.0.0-beta.53","1.21.8-latest":"1.21.8-6.0.0-beta.52"},"homepage":"https://www.curseforge.com/minecraft/mc-mods/journeymap"}
[25Sep2026 03:51:35.377] [NeoForge Version Check/INFO] [net.neoforged.fml.VersionChecker/]: [journeymap] Found status: BETA Current: 26.2-6.0.8 Target: null
[25Sep2026 03:51:35.377] [NeoForge Version Check/INFO] [net.neoforged.fml.VersionChecker/]: [tombstone] Starting version check at https://raw.githubusercontent.com/Corail31/tombstone_lite/master/neoforge-update.json
[25Sep2026 03:51:35.453] [NeoForge Version Check/DEBUG] [net.neoforged.fml.VersionChecker/]: [tombstone] Received version check data:
{
	"homepage": "https://modrinth.com/mod/corail-tombstone",
	"promos": {
		"26.2-latest": "9.9.3",
		"26.2-recommended": "9.9.3",
		"26.1.2-latest": "9.8.4",
		"26.1.2-recommended": "9.8.4",
		"1.21.11-latest": "9.7.1",
		"1.21.11-recommended": "9.7.1",
		"1.21.10-latest": "9.6.2",
		"1.21.10-recommended": "9.6.2",
		"1.21.9-latest": "9.6.2",
		"1.21.9-recommended": "9.6.2",
		"1.21.8-latest": "9.5.11",
		"1.21.8-recommended": "9.5.11",
		"1.21.7-latest": "9.5.11",
		"1.21.7-recommended": "9.5.11",
		"1.21.6-latest": "9.5.1",
		"1.21.6-recommended": "9.5.1",
		"1.21.5-latest": "9.4.4",
		"1.21.5-recommended": "9.4.4",
		"1.21.4-latest": "9.3.10",
		"1.21.4-recommended": "9.3.10",
		"1.21.3-latest": "9.2.4",
		"1.21.3-recommended": "9.2.4",
		"1.21.1-latest": "9.5.6",
		"1.21.1-recommended": "9.5.6"
	},
	"26.2.0": {
		"9.9.3": "new lore Nights of Nour",
		"9.9.2": "improvements",
		"9.9.1": "fixes",
		"9.9.0": "initial port"
	},
	"26.1.2": {
		"9.8.4": "new lore Nights of Nour",
		"9.8.3": "improvements"
	},
	"1.21.11": {
		"9.7.1": "final version"
	},
	"1.21.10": {
		"9.6.2": "final version"
	},
	"1.21.9": {
		"9.6.2": "final version"
	},
	"1.21.8": {
		"9.5.11": "final version"
	},
	"1.21.7": {
		"9.5.11": "final version"
	},
	"1.21.6": {
		"9.5.1": "final version"
	},
	"1.21.5": {
		"9.4.4": "final version"
	},
	"1.21.4": {
		"9.3.10": "final version"
	},
	"1.21.3": {
		"9.2.4": "final version"
	},
	"1.21.1": {
		"9.5.6": "fixes",
		"9.5.5": "compatibility Create Aeronautics",
		"9.5.4": "ritual flute interaction",
		"9.5.3": "new lore Nights of Nour",
		"9.5.2": "data-driven trades",
		"9.5.1": "improvements"
	}
}
[25Sep2026 03:51:35.453] [NeoForge Version Check/INFO] [net.neoforged.fml.VersionChecker/]: [tombstone] Found status: UP_TO_DATE Current: 9.9.3 Target: null
[25Sep2026 03:51:35.485] [modloading-sync-worker/DEBUG] [mixin/]: Generating mapped inner class glitchcore/network/PacketHandler$Anonymous$bea9914f861f3bb88249739ffeb67def (originally glitchcore/neoforge/mixin/impl/MixinPacketHandler$1)
[25Sep2026 03:51:35.521] [main/INFO] [com.mojang.authlib.yggdrasil.YggdrasilAuthenticationService/]: Environment: Environment[sessionHost=https://sessionserver.mojang.com, servicesHost=https://api.minecraftservices.com, profilesHost=https://api.mojang.com, name=PROD]
[25Sep2026 03:51:35.746] [main/DEBUG] [mixin/]: Mixing MixinPrimaryLevelData from terrablender.mixins.json into net.minecraft.world.level.storage.PrimaryLevelData
[25Sep2026 03:51:35.747] [main/DEBUG] [mixin/]: terrablender.mixins.json:MixinPrimaryLevelData from mod terrablender: Class version 69 required is higher than the class version supported by the current version of Mixin (JAVA_17 supports class version 61)
[25Sep2026 03:51:35.747] [main/DEBUG] [mixin/]: Mixing PrimaryLevelDataMixin from collective_neoforge.mixins.json into net.minecraft.world.level.storage.PrimaryLevelData
[25Sep2026 03:51:35.749] [main/DEBUG] [mixin/]: terrablender.mixins.json:MixinPrimaryLevelData from mod terrablender->@Inject::forceStable(Lorg/spongepowered/asm/mixin/injection/callback/CallbackInfoReturnable;)V does use it's CallbackInfoReturnable
[25Sep2026 03:51:35.750] [main/DEBUG] [mixin/]: collective_neoforge.mixins.json:PrimaryLevelDataMixin from mod collective->@Inject::PrimaryLevelData(Lorg/spongepowered/asm/mixin/injection/callback/CallbackInfo;)V doesn't use it's CallbackInfo
[25Sep2026 03:51:35.750] [main/DEBUG] [mixin/]: collective_neoforge.mixins.json:PrimaryLevelDataMixin from mod collective->@Inject::PrimaryLevelData(Lorg/spongepowered/asm/mixin/injection/callback/CallbackInfo;)V has 0 override(s) in child classes
[25Sep2026 03:51:35.750] [main/DEBUG] [mixin/]: collective_neoforge.mixins.json:PrimaryLevelDataMixin from mod collective->@Inject::PrimaryLevelData(Lorg/spongepowered/asm/mixin/injection/callback/CallbackInfo;)V won't be passed a CallbackInfo as a result
[25Sep2026 03:51:35.750] [main/DEBUG] [mixin/]: collective_neoforge.mixins.json:PrimaryLevelDataMixin from mod collective->@Inject::PrimaryLevelData(Lorg/spongepowered/asm/mixin/injection/callback/CallbackInfo;)V doesn't use it's CallbackInfo
[25Sep2026 03:51:35.750] [main/DEBUG] [mixin/]: collective_neoforge.mixins.json:PrimaryLevelDataMixin from mod collective->@Inject::PrimaryLevelData(Lorg/spongepowered/asm/mixin/injection/callback/CallbackInfo;)V has 0 override(s) in child classes
[25Sep2026 03:51:35.750] [main/DEBUG] [mixin/]: collective_neoforge.mixins.json:PrimaryLevelDataMixin from mod collective->@Inject::PrimaryLevelData(Lorg/spongepowered/asm/mixin/injection/callback/CallbackInfo;)V won't be passed a CallbackInfo as a result
[25Sep2026 03:51:35.750] [main/DEBUG] [mixin/]: collective_neoforge.mixins.json:PrimaryLevelDataMixin from mod collective->@Inject::withConfirmedWarning(ZLorg/spongepowered/asm/mixin/injection/callback/CallbackInfoReturnable;)V doesn't use it's CallbackInfoReturnable
[25Sep2026 03:51:35.750] [main/DEBUG] [mixin/]: collective_neoforge.mixins.json:PrimaryLevelDataMixin from mod collective->@Inject::withConfirmedWarning(ZLorg/spongepowered/asm/mixin/injection/callback/CallbackInfoReturnable;)V has 0 override(s) in child classes
[25Sep2026 03:51:35.750] [main/DEBUG] [mixin/]: collective_neoforge.mixins.json:PrimaryLevelDataMixin from mod collective->@Inject::withConfirmedWarning(ZLorg/spongepowered/asm/mixin/injection/callback/CallbackInfoReturnable;)V won't be passed a CallbackInfoReturnable as a result
[25Sep2026 03:51:35.750] [main/DEBUG] [mixin/]: collective_neoforge.mixins.json:PrimaryLevelDataMixin from mod collective->@Inject::hasConfirmedExperimentalWarning(Lorg/spongepowered/asm/mixin/injection/callback/CallbackInfoReturnable;)V does use it's CallbackInfoReturnable
[25Sep2026 03:51:35.783] [main/DEBUG] [mixin/]: Mixing VanillaPackResourcesAccessor from creativecore.mixins.json into net.minecraft.server.packs.VanillaPackResources
[25Sep2026 03:51:35.783] [main/DEBUG] [mixin/]: creativecore.mixins.json:VanillaPackResourcesAccessor from mod creativecore: Class version 69 required is higher than the class version supported by the current version of Mixin (JAVA_21 supports class version 65)
[25Sep2026 03:51:35.845] [main/DEBUG] [mixin/]: Mixing ServerPlayerGameModeMixinNeoForge from justhammers.mixins.json into net.minecraft.server.level.ServerPlayerGameMode
[25Sep2026 03:51:35.846] [main/DEBUG] [mixin/]: justhammers.mixins.json:ServerPlayerGameModeMixinNeoForge from mod justhammers: Class version 69 required is higher than the class version supported by the current version of Mixin (JAVA_17 supports class version 61)
[25Sep2026 03:51:35.848] [main/DEBUG] [mixin/]: justhammers.mixins.json:ServerPlayerGameModeMixinNeoForge from mod justhammers->@Inject::justhammers$beforeRemoveBlock(Lnet/minecraft/core/BlockPos;Lorg/spongepowered/asm/mixin/injection/callback/CallbackInfoReturnable;)V doesn't use it's CallbackInfoReturnable
[25Sep2026 03:51:35.848] [main/DEBUG] [mixin/]: justhammers.mixins.json:ServerPlayerGameModeMixinNeoForge from mod justhammers->@Inject::justhammers$beforeRemoveBlock(Lnet/minecraft/core/BlockPos;Lorg/spongepowered/asm/mixin/injection/callback/CallbackInfoReturnable;)V has 0 override(s) in child classes
[25Sep2026 03:51:35.848] [main/DEBUG] [mixin/]: justhammers.mixins.json:ServerPlayerGameModeMixinNeoForge from mod justhammers->@Inject::justhammers$beforeRemoveBlock(Lnet/minecraft/core/BlockPos;Lorg/spongepowered/asm/mixin/injection/callback/CallbackInfoReturnable;)V won't be passed a CallbackInfoReturnable as a result
[25Sep2026 03:51:35.848] [main/DEBUG] [mixin/]: justhammers.mixins.json:ServerPlayerGameModeMixinNeoForge from mod justhammers->@Inject::justhammers$beforeMineBlock(Lnet/minecraft/core/BlockPos;Lorg/spongepowered/asm/mixin/injection/callback/CallbackInfoReturnable;)V doesn't use it's CallbackInfoReturnable
[25Sep2026 03:51:35.848] [main/DEBUG] [mixin/]: justhammers.mixins.json:ServerPlayerGameModeMixinNeoForge from mod justhammers->@Inject::justhammers$beforeMineBlock(Lnet/minecraft/core/BlockPos;Lorg/spongepowered/asm/mixin/injection/callback/CallbackInfoReturnable;)V has 0 override(s) in child classes
[25Sep2026 03:51:35.848] [main/DEBUG] [mixin/]: justhammers.mixins.json:ServerPlayerGameModeMixinNeoForge from mod justhammers->@Inject::justhammers$beforeMineBlock(Lnet/minecraft/core/BlockPos;Lorg/spongepowered/asm/mixin/injection/callback/CallbackInfoReturnable;)V won't be passed a CallbackInfoReturnable as a result
[25Sep2026 03:51:35.868] [main/DEBUG] [mixin/]: Mixing PathPackResourcesAccessor from creativecore.mixins.json into net.minecraft.server.packs.PathPackResources
[25Sep2026 03:51:35.868] [main/DEBUG] [mixin/]: creativecore.mixins.json:PathPackResourcesAccessor from mod creativecore: Class version 69 required is higher than the class version supported by the current version of Mixin (JAVA_21 supports class version 65)
[25Sep2026 03:51:35.895] [main/DEBUG] [mixin/]: Mixing SharedZipFileAccessAccessor from creativecore.mixins.json into net.minecraft.server.packs.FilePackResources$SharedZipFileAccess
[25Sep2026 03:51:35.895] [main/DEBUG] [mixin/]: creativecore.mixins.json:SharedZipFileAccessAccessor from mod creativecore: Class version 69 required is higher than the class version supported by the current version of Mixin (JAVA_21 supports class version 65)
[25Sep2026 03:51:35.896] [main/DEBUG] [mixin/]: Mixing FilePackResourcesAccessor from creativecore.mixins.json into net.minecraft.server.packs.FilePackResources
[25Sep2026 03:51:35.897] [main/DEBUG] [mixin/]: creativecore.mixins.json:FilePackResourcesAccessor from mod creativecore: Class version 69 required is higher than the class version supported by the current version of Mixin (JAVA_21 supports class version 65)
[25Sep2026 03:51:35.897] [main/DEBUG] [mixin/]: Renaming @Invoker method callGetPathFromLocation(Lnet/minecraft/server/packs/PackType;Lnet/minecraft/resources/Identifier;)Ljava/lang/String; to callGetPathFromLocation$creativecore_$md$c4de4a$0 in creativecore.mixins.json:FilePackResourcesAccessor from mod creativecore
[25Sep2026 03:51:38.932] [Worker-Main-3/DEBUG] [tombstone/]: Updating LootTables
[25Sep2026 03:51:38.999] [Worker-Main-2/DEBUG] [mixin/]: Mixing RecipeManagerAccessor from balm.api.mixins.json into net.minecraft.world.item.crafting.RecipeManager
[25Sep2026 03:51:39.000] [Worker-Main-2/DEBUG] [mixin/]: balm.api.mixins.json:RecipeManagerAccessor from mod balm: Class version 69 required is higher than the class version supported by the current version of Mixin (JAVA_17 supports class version 61)
[25Sep2026 03:51:39.132] [Worker-Main-2/DEBUG] [mixin/]: Mixing structures.LocateCommandMixin from repurposed_structures-common.mixins.json into net.minecraft.server.commands.LocateCommand
[25Sep2026 03:51:39.133] [Worker-Main-2/DEBUG] [mixin/]: Renaming synthetic method lambda$repurposedstructures_increaseLocateRadius$0(Lnet/minecraft/core/Holder;)Z to mdc4de4a$repurposed_structures$lambda$repurposedstructures_increaseLocateRadius$0$0 in repurposed_structures-common.mixins.json:structures.LocateCommandMixin from mod repurposed_structures
[25Sep2026 03:51:39.135] [Worker-Main-2/DEBUG] [mixin/]: repurposed_structures-common.mixins.json:structures.LocateCommandMixin from mod repurposed_structures->@Inject::repurposedstructures_increaseLocateRadius(Lnet/minecraft/commands/CommandSourceStack;Lnet/minecraft/commands/arguments/ResourceOrTagKeyArgument$Result;Lorg/spongepowered/asm/mixin/injection/callback/CallbackInfoReturnable;)V does use it's CallbackInfoReturnable
[25Sep2026 03:51:39.461] [Worker-Main-2/ERROR] [net.minecraft.server.packs.resources.SimpleJsonResourceReloadListener/]: Couldn't parse data file 'travelersbackpack:hay' from 'travelersbackpack:loot_modifiers/hay.json': DataResult.Error['Item minecraft:beetroot does not have components yet; Item minecraft:potato does not have components yet; Item minecraft:carrot does not have components yet': Optional[com.tiviacz.travelersbackpack.loot.HayBackpackLootModifier@1fb77179]]
[25Sep2026 03:51:40.426] [main/INFO] [net.minecraft.world.item.crafting.RecipeManager/]: Loaded 2284 recipes
[25Sep2026 03:51:40.444] [main/INFO] [net.minecraft.advancements.AdvancementTree/]: Loaded 2583 advancements
[25Sep2026 03:51:40.457] [main/INFO] [net.neoforged.neoforge.common.crafting.RecipePriorityManager/]: Loaded 0 recipe priority overrides
[25Sep2026 03:51:40.462] [main/INFO] [ovh.corail.tombstone.entity.trade.TradeManager/]: Loaded 63 trades for Grave Guardian
[25Sep2026 03:51:40.462] [ForkJoinPool.commonPool-worker-2/INFO] [Dungeon Crawl/]: Loading data...
[25Sep2026 03:51:40.472] [ForkJoinPool.commonPool-worker-2/DEBUG] [Dungeon Crawl/]: Loading dungeoncrawl:models/catacombs/corridor/linker/linker.nbt
[25Sep2026 03:51:40.492] [ForkJoinPool.commonPool-worker-2/DEBUG] [Dungeon Crawl/]: Loading dungeoncrawl:models/catacombs/corridor/linker/linker.json
[25Sep2026 03:51:40.501] [ForkJoinPool.commonPool-worker-2/DEBUG] [Dungeon Crawl/]: Loading dungeoncrawl:models/catacombs/corridor/linker/linker_trap.nbt
[25Sep2026 03:51:40.501] [ForkJoinPool.commonPool-worker-2/DEBUG] [Dungeon Crawl/]: Loading dungeoncrawl:models/catacombs/corridor/linker/linker_trap.json
[25Sep2026 03:51:40.509] [ForkJoinPool.commonPool-worker-2/DEBUG] [Dungeon Crawl/]: Loading dungeoncrawl:models/catacombs/multipart/connector.nbt
[25Sep2026 03:51:40.509] [ForkJoinPool.commonPool-worker-2/DEBUG] [Dungeon Crawl/]: Loading dungeoncrawl:models/catacombs/multipart/connector_2.nbt
[25Sep2026 03:51:40.510] [ForkJoinPool.commonPool-worker-2/DEBUG] [Dungeon Crawl/]: Loading dungeoncrawl:models/catacombs/multipart/corridor/ceiling.nbt
[25Sep2026 03:51:40.510] [ForkJoinPool.commonPool-worker-2/DEBUG] [Dungeon Crawl/]: Loading dungeoncrawl:models/catacombs/multipart/corridor/ceiling_glowstone.nbt
[25Sep2026 03:51:40.511] [ForkJoinPool.commonPool-worker-2/DEBUG] [Dungeon Crawl/]: Loading dungeoncrawl:models/catacombs/multipart/corridor/ceiling_lamp.nbt
[25Sep2026 03:51:40.511] [ForkJoinPool.commonPool-worker-2/DEBUG] [Dungeon Crawl/]: Loading dungeoncrawl:models/catacombs/multipart/crypt_graves.nbt
[25Sep2026 03:51:40.512] [ForkJoinPool.commonPool-worker-2/DEBUG] [Dungeon Crawl/]: Loading dungeoncrawl:models/catacombs/multipart/crypt_graves.json
[25Sep2026 03:51:40.512] [ForkJoinPool.commonPool-worker-2/DEBUG] [Dungeon Crawl/]: Loading dungeoncrawl:models/catacombs/multipart/hidden_piston.nbt
[25Sep2026 03:51:40.513] [ForkJoinPool.commonPool-worker-2/DEBUG] [Dungeon Crawl/]: Loading dungeoncrawl:models/catacombs/multipart/large_connector.nbt
[25Sep2026 03:51:40.513] [ForkJoinPool.commonPool-worker-2/DEBUG] [Dungeon Crawl/]: Loading dungeoncrawl:models/catacombs/multipart/large_spawner_cell_open.nbt
[25Sep2026 03:51:40.514] [ForkJoinPool.commonPool-worker-2/DEBUG] [Dungeon Crawl/]: Loading dungeoncrawl:models/catacombs/multipart/node/ceiling/crumbled.nbt
[25Sep2026 03:51:40.515] [ForkJoinPool.commonPool-worker-2/DEBUG] [Dungeon Crawl/]: Loading dungeoncrawl:models/catacombs/multipart/node/ceiling/dome.nbt
[25Sep2026 03:51:40.515] [ForkJoinPool.commonPool-worker-2/DEBUG] [Dungeon Crawl/]: Loading dungeoncrawl:models/catacombs/multipart/node/ceiling/flat.nbt
[25Sep2026 03:51:40.516] [ForkJoinPool.commonPool-worker-2/DEBUG] [Dungeon Crawl/]: Loading dungeoncrawl:models/catacombs/multipart/node/ceiling/light.nbt
[25Sep2026 03:51:40.516] [ForkJoinPool.commonPool-worker-2/DEBUG] [Dungeon Crawl/]: Loading dungeoncrawl:models/catacombs/node/crypt_dead_end.nbt
[25Sep2026 03:51:40.519] [ForkJoinPool.commonPool-worker-2/DEBUG] [Dungeon Crawl/]: Loading dungeoncrawl:models/catacombs/node/crypt_dead_end.json
[25Sep2026 03:51:40.521] [ForkJoinPool.commonPool-worker-2/DEBUG] [Dungeon Crawl/]: Loading dungeoncrawl:models/catacombs/node/crypt_turn.nbt
[25Sep2026 03:51:40.525] [ForkJoinPool.commonPool-worker-2/DEBUG] [Dungeon Crawl/]: Loading dungeoncrawl:models/catacombs/node/crypt_turn.json
[25Sep2026 03:51:40.527] [ForkJoinPool.commonPool-worker-2/DEBUG] [Dungeon Crawl/]: Loading dungeoncrawl:models/catacombs/node/fountain.nbt
[25Sep2026 03:51:40.536] [ForkJoinPool.commonPool-worker-2/DEBUG] [Dungeon Crawl/]: Loading dungeoncrawl:models/catacombs/node/fountain.json
[25Sep2026 03:51:40.536] [ForkJoinPool.commonPool-worker-2/DEBUG] [Dungeon Crawl/]: Loading dungeoncrawl:models/catacombs/node/prison.nbt
[25Sep2026 03:51:40.544] [ForkJoinPool.commonPool-worker-2/DEBUG] [Dungeon Crawl/]: Loading dungeoncrawl:models/catacombs/node/prison.json
[25Sep2026 03:51:40.545] [ForkJoinPool.commonPool-worker-2/DEBUG] [Dungeon Crawl/]: Loading dungeoncrawl:models/catacombs/node/prison_fork.nbt
[25Sep2026 03:51:40.549] [ForkJoinPool.commonPool-worker-2/DEBUG] [Dungeon Crawl/]: Loading dungeoncrawl:models/catacombs/node/prison_fork.json
[25Sep2026 03:51:40.550] [ForkJoinPool.commonPool-worker-2/DEBUG] [Dungeon Crawl/]: Loading dungeoncrawl:models/catacombs/node/room.nbt
[25Sep2026 03:51:40.553] [ForkJoinPool.commonPool-worker-2/DEBUG] [Dungeon Crawl/]: Loading dungeoncrawl:models/catacombs/node/room.json
[25Sep2026 03:51:40.553] [ForkJoinPool.commonPool-worker-2/DEBUG] [Dungeon Crawl/]: Loading dungeoncrawl:models/catacombs/node/room_2.nbt
[25Sep2026 03:51:40.557] [ForkJoinPool.commonPool-worker-2/DEBUG] [Dungeon Crawl/]: Loading dungeoncrawl:models/catacombs/node/room_2.json
[25Sep2026 03:51:40.557] [ForkJoinPool.commonPool-worker-2/DEBUG] [Dungeon Crawl/]: Loading dungeoncrawl:models/catacombs/node/sarcophagus.nbt
[25Sep2026 03:51:40.562] [ForkJoinPool.commonPool-worker-2/DEBUG] [Dungeon Crawl/]: Loading dungeoncrawl:models/catacombs/node/sarcophagus.json
[25Sep2026 03:51:40.562] [ForkJoinPool.commonPool-worker-2/DEBUG] [Dungeon Crawl/]: Loading dungeoncrawl:models/catacombs/node/sewers.nbt
[25Sep2026 03:51:40.566] [ForkJoinPool.commonPool-worker-2/DEBUG] [Dungeon Crawl/]: Loading dungeoncrawl:models/catacombs/node/sewers.json
[25Sep2026 03:51:40.567] [ForkJoinPool.commonPool-worker-2/DEBUG] [Dungeon Crawl/]: Loading dungeoncrawl:models/catacombs/node/sewers_dead_end.nbt
[25Sep2026 03:51:40.571] [ForkJoinPool.commonPool-worker-2/DEBUG] [Dungeon Crawl/]: Loading dungeoncrawl:models/catacombs/node/sewers_dead_end.json
[25Sep2026 03:51:40.571] [ForkJoinPool.commonPool-worker-2/DEBUG] [Dungeon Crawl/]: Loading dungeoncrawl:models/catacombs/node/sewers_fork.nbt
[25Sep2026 03:51:40.575] [ForkJoinPool.commonPool-worker-2/DEBUG] [Dungeon Crawl/]: Loading dungeoncrawl:models/catacombs/node/sewers_fork.json
[25Sep2026 03:51:40.576] [ForkJoinPool.commonPool-worker-2/DEBUG] [Dungeon Crawl/]: Loading dungeoncrawl:models/catacombs/node/sewers_straight.nbt
[25Sep2026 03:51:40.582] [ForkJoinPool.commonPool-worker-2/DEBUG] [Dungeon Crawl/]: Loading dungeoncrawl:models/catacombs/node/sewers_straight.json
[25Sep2026 03:51:40.582] [ForkJoinPool.commonPool-worker-2/DEBUG] [Dungeon Crawl/]: Loading dungeoncrawl:models/catacombs/room/spawner_room.nbt
[25Sep2026 03:51:40.584] [ForkJoinPool.commonPool-worker-2/DEBUG] [Dungeon Crawl/]: Loading dungeoncrawl:models/catacombs/room/spawner_room.json
[25Sep2026 03:51:40.584] [ForkJoinPool.commonPool-worker-2/DEBUG] [Dungeon Crawl/]: Loading dungeoncrawl:models/default/corridor/corridor.nbt
[25Sep2026 03:51:40.585] [ForkJoinPool.commonPool-worker-2/DEBUG] [Dungeon Crawl/]: Loading dungeoncrawl:models/default/corridor/corridor.json
[25Sep2026 03:51:40.586] [ForkJoinPool.commonPool-worker-2/DEBUG] [Dungeon Crawl/]: Loading dungeoncrawl:models/default/corridor/corridor_2.nbt
[25Sep2026 03:51:40.588] [ForkJoinPool.commonPool-worker-2/DEBUG] [Dungeon Crawl/]: Loading dungeoncrawl:models/default/corridor/corridor_2.json
[25Sep2026 03:51:40.588] [ForkJoinPool.commonPool-worker-2/DEBUG] [Dungeon Crawl/]: Loading dungeoncrawl:models/default/corridor/corridor_3.nbt
[25Sep2026 03:51:40.588] [ForkJoinPool.commonPool-worker-2/DEBUG] [Dungeon Crawl/]: Loading dungeoncrawl:models/default/corridor/corridor_3.json
[25Sep2026 03:51:40.590] [ForkJoinPool.commonPool-worker-2/DEBUG] [Dungeon Crawl/]: Loading dungeoncrawl:models/default/corridor/corridor_fire.nbt
[25Sep2026 03:51:40.591] [ForkJoinPool.commonPool-worker-2/DEBUG] [Dungeon Crawl/]: Loading dungeoncrawl:models/default/corridor/corridor_fire.json
[25Sep2026 03:51:40.591] [ForkJoinPool.commonPool-worker-2/DEBUG] [Dungeon Crawl/]: Loading dungeoncrawl:models/default/corridor/corridor_light.nbt
[25Sep2026 03:51:40.592] [ForkJoinPool.commonPool-worker-2/DEBUG] [Dungeon Crawl/]: Loading dungeoncrawl:models/default/corridor/corridor_light.json
[25Sep2026 03:51:40.593] [ForkJoinPool.commonPool-worker-2/DEBUG] [Dungeon Crawl/]: Loading dungeoncrawl:models/default/corridor/corridor_room.nbt
[25Sep2026 03:51:40.594] [ForkJoinPool.commonPool-worker-2/DEBUG] [Dungeon Crawl/]: Loading dungeoncrawl:models/default/corridor/corridor_room.json
[25Sep2026 03:51:40.594] [ForkJoinPool.commonPool-worker-2/DEBUG] [Dungeon Crawl/]: Loading dungeoncrawl:models/default/corridor/corridor_spawner.nbt
[25Sep2026 03:51:40.595] [ForkJoinPool.commonPool-worker-2/DEBUG] [Dungeon Crawl/]: Loading dungeoncrawl:models/default/corridor/corridor_spawner.json
[25Sep2026 03:51:40.595] [ForkJoinPool.commonPool-worker-2/DEBUG] [Dungeon Crawl/]: Loading dungeoncrawl:models/default/corridor/linker/cake_room.nbt
[25Sep2026 03:51:40.596] [ForkJoinPool.commonPool-worker-2/DEBUG] [Dungeon Crawl/]: Loading dungeoncrawl:models/default/corridor/linker/cake_room.json
[25Sep2026 03:51:40.596] [ForkJoinPool.commonPool-worker-2/DEBUG] [Dungeon Crawl/]: Loading dungeoncrawl:models/default/corridor/linker/linker.nbt
[25Sep2026 03:51:40.598] [ForkJoinPool.commonPool-worker-2/DEBUG] [Dungeon Crawl/]: Loading dungeoncrawl:models/default/corridor/linker/linker.json
[25Sep2026 03:51:40.598] [ForkJoinPool.commonPool-worker-2/DEBUG] [Dungeon Crawl/]: Loading dungeoncrawl:models/default/corridor/linker/linker_2.nbt
[25Sep2026 03:51:40.598] [ForkJoinPool.commonPool-worker-2/DEBUG] [Dungeon Crawl/]: Loading dungeoncrawl:models/default/corridor/linker/linker_2.json
[25Sep2026 03:51:40.598] [ForkJoinPool.commonPool-worker-2/DEBUG] [Dungeon Crawl/]: Loading dungeoncrawl:models/default/corridor/linker/linker_3.nbt
[25Sep2026 03:51:40.599] [ForkJoinPool.commonPool-worker-2/DEBUG] [Dungeon Crawl/]: Loading dungeoncrawl:models/default/corridor/linker/linker_3.json
[25Sep2026 03:51:40.599] [ForkJoinPool.commonPool-worker-2/DEBUG] [Dungeon Crawl/]: Loading dungeoncrawl:models/default/corridor/linker/linker_4.nbt
[25Sep2026 03:51:40.601] [ForkJoinPool.commonPool-worker-2/DEBUG] [Dungeon Crawl/]: Loading dungeoncrawl:models/default/corridor/linker/linker_4.json
[25Sep2026 03:51:40.601] [ForkJoinPool.commonPool-worker-2/DEBUG] [Dungeon Crawl/]: Loading dungeoncrawl:models/default/corridor/linker/linker_5.nbt
[25Sep2026 03:51:40.602] [ForkJoinPool.commonPool-worker-2/DEBUG] [Dungeon Crawl/]: Loading dungeoncrawl:models/default/corridor/linker/linker_5.json
[25Sep2026 03:51:40.602] [ForkJoinPool.commonPool-worker-2/DEBUG] [Dungeon Crawl/]: Loading dungeoncrawl:models/default/corridor/linker/linker_6.nbt
[25Sep2026 03:51:40.603] [ForkJoinPool.commonPool-worker-2/DEBUG] [Dungeon Crawl/]: Loading dungeoncrawl:models/default/corridor/linker/linker_6.json
[25Sep2026 03:51:40.603] [ForkJoinPool.commonPool-worker-2/DEBUG] [Dungeon Crawl/]: Loading dungeoncrawl:models/default/corridor/old_corridor.nbt
[25Sep2026 03:51:40.604] [ForkJoinPool.commonPool-worker-2/DEBUG] [Dungeon Crawl/]: Loading dungeoncrawl:models/default/corridor/old_corridor.json
[25Sep2026 03:51:40.604] [ForkJoinPool.commonPool-worker-2/DEBUG] [Dungeon Crawl/]: Loading dungeoncrawl:models/default/corridor/old_corridor_3.nbt
[25Sep2026 03:51:40.604] [ForkJoinPool.commonPool-worker-2/DEBUG] [Dungeon Crawl/]: Loading dungeoncrawl:models/default/corridor/old_corridor_3.json
[25Sep2026 03:51:40.605] [ForkJoinPool.commonPool-worker-2/DEBUG] [Dungeon Crawl/]: Loading dungeoncrawl:models/default/corridor/secret_room_entrance.nbt
[25Sep2026 03:51:40.605] [ForkJoinPool.commonPool-worker-2/DEBUG] [Dungeon Crawl/]: Loading dungeoncrawl:models/default/corridor/secret_room_entrance.json
[25Sep2026 03:51:40.607] [ForkJoinPool.commonPool-worker-2/DEBUG] [Dungeon Crawl/]: Loading dungeoncrawl:models/default/corridor/stone_corridor.nbt
[25Sep2026 03:51:40.608] [ForkJoinPool.commonPool-worker-2/DEBUG] [Dungeon Crawl/]: Loading dungeoncrawl:models/default/corridor/stone_corridor.json
[25Sep2026 03:51:40.608] [ForkJoinPool.commonPool-worker-2/DEBUG] [Dungeon Crawl/]: Loading dungeoncrawl:models/default/loot_room.nbt
[25Sep2026 03:51:40.618] [ForkJoinPool.commonPool-worker-2/DEBUG] [Dungeon Crawl/]: Loading dungeoncrawl:models/default/loot_room.json
[25Sep2026 03:51:40.618] [ForkJoinPool.commonPool-worker-2/DEBUG] [Dungeon Crawl/]: Loading dungeoncrawl:models/default/multipart/corridor/bookshelf.nbt
[25Sep2026 03:51:40.618] [ForkJoinPool.commonPool-worker-2/DEBUG] [Dungeon Crawl/]: Loading dungeoncrawl:models/default/multipart/corridor/chest.nbt
[25Sep2026 03:51:40.618] [ForkJoinPool.commonPool-worker-2/DEBUG] [Dungeon Crawl/]: Loading dungeoncrawl:models/default/multipart/corridor/chest_room.nbt
[25Sep2026 03:51:40.619] [ForkJoinPool.commonPool-worker-2/DEBUG] [Dungeon Crawl/]: Loading dungeoncrawl:models/default/multipart/corridor/chest_room_2.nbt
[25Sep2026 03:51:40.619] [ForkJoinPool.commonPool-worker-2/DEBUG] [Dungeon Crawl/]: Loading dungeoncrawl:models/default/multipart/corridor/crops.nbt
[25Sep2026 03:51:40.619] [ForkJoinPool.commonPool-worker-2/DEBUG] [Dungeon Crawl/]: Loading dungeoncrawl:models/default/multipart/corridor/crops.json
[25Sep2026 03:51:40.619] [ForkJoinPool.commonPool-worker-2/DEBUG] [Dungeon Crawl/]: Loading dungeoncrawl:models/default/multipart/corridor/default.nbt
[25Sep2026 03:51:40.619] [ForkJoinPool.commonPool-worker-2/DEBUG] [Dungeon Crawl/]: Loading dungeoncrawl:models/default/multipart/corridor/empty_room.nbt
[25Sep2026 03:51:40.620] [ForkJoinPool.commonPool-worker-2/DEBUG] [Dungeon Crawl/]: Loading dungeoncrawl:models/default/multipart/corridor/empty_room_2.nbt
[25Sep2026 03:51:40.620] [ForkJoinPool.commonPool-worker-2/DEBUG] [Dungeon Crawl/]: Loading dungeoncrawl:models/default/multipart/corridor/empty_room_3.nbt
[25Sep2026 03:51:40.621] [ForkJoinPool.commonPool-worker-2/DEBUG] [Dungeon Crawl/]: Loading dungeoncrawl:models/default/multipart/corridor/empty_room_4.nbt
[25Sep2026 03:51:40.621] [ForkJoinPool.commonPool-worker-2/DEBUG] [Dungeon Crawl/]: Loading dungeoncrawl:models/default/multipart/corridor/fire.nbt
[25Sep2026 03:51:40.621] [ForkJoinPool.commonPool-worker-2/DEBUG] [Dungeon Crawl/]: Loading dungeoncrawl:models/default/multipart/corridor/light.nbt
[25Sep2026 03:51:40.621] [ForkJoinPool.commonPool-worker-2/DEBUG] [Dungeon Crawl/]: Loading dungeoncrawl:models/default/multipart/corridor/light_switch.nbt
[25Sep2026 03:51:40.622] [ForkJoinPool.commonPool-worker-2/DEBUG] [Dungeon Crawl/]: Loading dungeoncrawl:models/default/multipart/corridor/secret_room_entrance.nbt
[25Sep2026 03:51:40.622] [ForkJoinPool.commonPool-worker-2/DEBUG] [Dungeon Crawl/]: Loading dungeoncrawl:models/default/multipart/corridor/secret_room_entrance_2.nbt
[25Sep2026 03:51:40.622] [ForkJoinPool.commonPool-worker-2/DEBUG] [Dungeon Crawl/]: Loading dungeoncrawl:models/default/multipart/corridor/secret_room_entrance_3.nbt
[25Sep2026 03:51:40.623] [ForkJoinPool.commonPool-worker-2/DEBUG] [Dungeon Crawl/]: Loading dungeoncrawl:models/default/multipart/corridor/secret_room_entrance_bookshelf.nbt
[25Sep2026 03:51:40.623] [ForkJoinPool.commonPool-worker-2/DEBUG] [Dungeon Crawl/]: Loading dungeoncrawl:models/default/multipart/corridor/spawner.nbt
[25Sep2026 03:51:40.623] [ForkJoinPool.commonPool-worker-2/DEBUG] [Dungeon Crawl/]: Loading dungeoncrawl:models/default/multipart/corridor/spawner_room.nbt
[25Sep2026 03:51:40.623] [ForkJoinPool.commonPool-worker-2/DEBUG] [Dungeon Crawl/]: Loading dungeoncrawl:models/default/multipart/corridor/variant.nbt
[25Sep2026 03:51:40.624] [ForkJoinPool.commonPool-worker-2/DEBUG] [Dungeon Crawl/]: Loading dungeoncrawl:models/default/multipart/corridor/variant_2.nbt
[25Sep2026 03:51:40.624] [ForkJoinPool.commonPool-worker-2/DEBUG] [Dungeon Crawl/]: Loading dungeoncrawl:models/default/multipart/large_wall.nbt
[25Sep2026 03:51:40.624] [ForkJoinPool.commonPool-worker-2/DEBUG] [Dungeon Crawl/]: Loading dungeoncrawl:models/default/multipart/node_connector.nbt
[25Sep2026 03:51:40.624] [ForkJoinPool.commonPool-worker-2/DEBUG] [Dungeon Crawl/]: Loading dungeoncrawl:models/default/multipart/short_node_connector.nbt
[25Sep2026 03:51:40.624] [ForkJoinPool.commonPool-worker-2/DEBUG] [Dungeon Crawl/]: Loading dungeoncrawl:models/default/multipart/wall.nbt
[25Sep2026 03:51:40.624] [ForkJoinPool.commonPool-worker-2/DEBUG] [Dungeon Crawl/]: Loading dungeoncrawl:models/default/multipart/wall_2.nbt
[25Sep2026 03:51:40.624] [ForkJoinPool.commonPool-worker-2/DEBUG] [Dungeon Crawl/]: Loading dungeoncrawl:models/default/node/connector/connector.nbt
[25Sep2026 03:51:40.625] [ForkJoinPool.commonPool-worker-2/DEBUG] [Dungeon Crawl/]: Loading dungeoncrawl:models/default/node/connector/connector.json
[25Sep2026 03:51:40.625] [ForkJoinPool.commonPool-worker-2/DEBUG] [Dungeon Crawl/]: Loading dungeoncrawl:models/default/node/connector/connector_2.nbt
[25Sep2026 03:51:40.625] [ForkJoinPool.commonPool-worker-2/DEBUG] [Dungeon Crawl/]: Loading dungeoncrawl:models/default/node/connector/connector_2.json
[25Sep2026 03:51:40.625] [ForkJoinPool.commonPool-worker-2/DEBUG] [Dungeon Crawl/]: Loading dungeoncrawl:models/default/node/connector/connector_3.nbt
[25Sep2026 03:51:40.626] [ForkJoinPool.commonPool-worker-2/DEBUG] [Dungeon Crawl/]: Loading dungeoncrawl:models/default/node/connector/connector_3.json
[25Sep2026 03:51:40.626] [ForkJoinPool.commonPool-worker-2/DEBUG] [Dungeon Crawl/]: Loading dungeoncrawl:models/default/node/connector/connector_4.nbt
[25Sep2026 03:51:40.626] [ForkJoinPool.commonPool-worker-2/DEBUG] [Dungeon Crawl/]: Loading dungeoncrawl:models/default/node/connector/connector_4.json
[25Sep2026 03:51:40.626] [ForkJoinPool.commonPool-worker-2/DEBUG] [Dungeon Crawl/]: Loading dungeoncrawl:models/default/node/connector/connector_6.nbt
[25Sep2026 03:51:40.627] [ForkJoinPool.commonPool-worker-2/DEBUG] [Dungeon Crawl/]: Loading dungeoncrawl:models/default/node/connector/connector_6.json
[25Sep2026 03:51:40.627] [ForkJoinPool.commonPool-worker-2/DEBUG] [Dungeon Crawl/]: Loading dungeoncrawl:models/default/node/connector/connector_lava.nbt
[25Sep2026 03:51:40.627] [ForkJoinPool.commonPool-worker-2/DEBUG] [Dungeon Crawl/]: Loading dungeoncrawl:models/default/node/connector/node_connector_catacomb.nbt
[25Sep2026 03:51:40.627] [ForkJoinPool.commonPool-worker-2/DEBUG] [Dungeon Crawl/]: Loading dungeoncrawl:models/default/node/connector/node_connector_catacomb.json
[25Sep2026 03:51:40.627] [ForkJoinPool.commonPool-worker-2/DEBUG] [Dungeon Crawl/]: Loading dungeoncrawl:models/default/node/dark_hall.nbt
[25Sep2026 03:51:40.631] [ForkJoinPool.commonPool-worker-2/DEBUG] [Dungeon Crawl/]: Loading dungeoncrawl:models/default/node/fire_hall.nbt
[25Sep2026 03:51:40.634] [ForkJoinPool.commonPool-worker-2/DEBUG] [Dungeon Crawl/]: Loading dungeoncrawl:models/default/node/fireplace.nbt
[25Sep2026 03:51:40.637] [ForkJoinPool.commonPool-worker-2/DEBUG] [Dungeon Crawl/]: Loading dungeoncrawl:models/default/node/fireplace.json
[25Sep2026 03:51:40.638] [ForkJoinPool.commonPool-worker-2/DEBUG] [Dungeon Crawl/]: Loading dungeoncrawl:models/default/node/forge.nbt
[25Sep2026 03:51:40.640] [ForkJoinPool.commonPool-worker-2/DEBUG] [Dungeon Crawl/]: Loading dungeoncrawl:models/default/node/forge.json
[25Sep2026 03:51:40.640] [ForkJoinPool.commonPool-worker-2/DEBUG] [Dungeon Crawl/]: Loading dungeoncrawl:models/default/node/jukebox_room.nbt
[25Sep2026 03:51:40.642] [ForkJoinPool.commonPool-worker-2/DEBUG] [Dungeon Crawl/]: Loading dungeoncrawl:models/default/node/jukebox_room.json
[25Sep2026 03:51:40.642] [ForkJoinPool.commonPool-worker-2/DEBUG] [Dungeon Crawl/]: Loading dungeoncrawl:models/default/node/library.nbt
[25Sep2026 03:51:40.651] [ForkJoinPool.commonPool-worker-2/DEBUG] [Dungeon Crawl/]: Loading dungeoncrawl:models/default/node/library.json
[25Sep2026 03:51:40.651] [ForkJoinPool.commonPool-worker-2/DEBUG] [Dungeon Crawl/]: Loading dungeoncrawl:models/default/node/node_turn.nbt
[25Sep2026 03:51:40.655] [ForkJoinPool.commonPool-worker-2/DEBUG] [Dungeon Crawl/]: Loading dungeoncrawl:models/default/node/node_turn.json
[25Sep2026 03:51:40.655] [ForkJoinPool.commonPool-worker-2/DEBUG] [Dungeon Crawl/]: Loading dungeoncrawl:models/default/node/old_fire_hall.nbt
[25Sep2026 03:51:40.662] [ForkJoinPool.commonPool-worker-2/DEBUG] [Dungeon Crawl/]: Loading dungeoncrawl:models/default/node/old_fire_hall.json
[25Sep2026 03:51:40.662] [ForkJoinPool.commonPool-worker-2/DEBUG] [Dungeon Crawl/]: Loading dungeoncrawl:models/default/node/old_jukebox_room.nbt
[25Sep2026 03:51:40.666] [ForkJoinPool.commonPool-worker-2/DEBUG] [Dungeon Crawl/]: Loading dungeoncrawl:models/default/node/old_jukebox_room.json
[25Sep2026 03:51:40.666] [ForkJoinPool.commonPool-worker-2/DEBUG] [Dungeon Crawl/]: Loading dungeoncrawl:models/default/node/room.nbt
[25Sep2026 03:51:40.667] [ForkJoinPool.commonPool-worker-2/DEBUG] [Dungeon Crawl/]: Loading dungeoncrawl:models/default/node/room.json
[25Sep2026 03:51:40.668] [ForkJoinPool.commonPool-worker-2/DEBUG] [Dungeon Crawl/]: Loading dungeoncrawl:models/default/node/room_2.nbt
[25Sep2026 03:51:40.671] [ForkJoinPool.commonPool-worker-2/DEBUG] [Dungeon Crawl/]: Loading dungeoncrawl:models/default/node/room_2.json
[25Sep2026 03:51:40.671] [ForkJoinPool.commonPool-worker-2/DEBUG] [Dungeon Crawl/]: Loading dungeoncrawl:models/default/node/spawner_hall.nbt
[25Sep2026 03:51:40.680] [ForkJoinPool.commonPool-worker-2/DEBUG] [Dungeon Crawl/]: Loading dungeoncrawl:models/default/node/spawner_hall.json
[25Sep2026 03:51:40.680] [ForkJoinPool.commonPool-worker-2/DEBUG] [Dungeon Crawl/]: Loading dungeoncrawl:models/default/old_loot_room.nbt
[25Sep2026 03:51:40.689] [ForkJoinPool.commonPool-worker-2/DEBUG] [Dungeon Crawl/]: Loading dungeoncrawl:models/default/old_loot_room.json
[25Sep2026 03:51:40.689] [ForkJoinPool.commonPool-worker-2/DEBUG] [Dungeon Crawl/]: Loading dungeoncrawl:models/default/room/food_side_room.nbt
[25Sep2026 03:51:40.690] [ForkJoinPool.commonPool-worker-2/DEBUG] [Dungeon Crawl/]: Loading dungeoncrawl:models/default/room/food_side_room.json
[25Sep2026 03:51:40.690] [ForkJoinPool.commonPool-worker-2/DEBUG] [Dungeon Crawl/]: Loading dungeoncrawl:models/default/room/secret_room.nbt
[25Sep2026 03:51:40.692] [ForkJoinPool.commonPool-worker-2/DEBUG] [Dungeon Crawl/]: Loading dungeoncrawl:models/default/room/secret_room.json
[25Sep2026 03:51:40.692] [ForkJoinPool.commonPool-worker-2/DEBUG] [Dungeon Crawl/]: Loading dungeoncrawl:models/default/room/spawner_room.nbt
[25Sep2026 03:51:40.693] [ForkJoinPool.commonPool-worker-2/DEBUG] [Dungeon Crawl/]: Loading dungeoncrawl:models/default/room/spawner_room.json
[25Sep2026 03:51:40.693] [ForkJoinPool.commonPool-worker-2/DEBUG] [Dungeon Crawl/]: Loading dungeoncrawl:models/default/room/spawner_room_2.nbt
[25Sep2026 03:51:40.694] [ForkJoinPool.commonPool-worker-2/DEBUG] [Dungeon Crawl/]: Loading dungeoncrawl:models/default/room/spawner_room_2.json
[25Sep2026 03:51:40.694] [ForkJoinPool.commonPool-worker-2/DEBUG] [Dungeon Crawl/]: Loading dungeoncrawl:models/default/room/spawner_room_material.nbt
[25Sep2026 03:51:40.695] [ForkJoinPool.commonPool-worker-2/DEBUG] [Dungeon Crawl/]: Loading dungeoncrawl:models/default/room/spawner_room_material.json
[25Sep2026 03:51:40.695] [ForkJoinPool.commonPool-worker-2/DEBUG] [Dungeon Crawl/]: Loading dungeoncrawl:models/default/room/spawner_room_material_2.nbt
[25Sep2026 03:51:40.696] [ForkJoinPool.commonPool-worker-2/DEBUG] [Dungeon Crawl/]: Loading dungeoncrawl:models/default/room/spawner_room_material_2.json
[25Sep2026 03:51:40.696] [ForkJoinPool.commonPool-worker-2/DEBUG] [Dungeon Crawl/]: Loading dungeoncrawl:models/default/room/starter_room.nbt
[25Sep2026 03:51:40.696] [ForkJoinPool.commonPool-worker-2/DEBUG] [Dungeon Crawl/]: Loading dungeoncrawl:models/default/room/starter_room.json
[25Sep2026 03:51:40.696] [ForkJoinPool.commonPool-worker-2/DEBUG] [Dungeon Crawl/]: Loading dungeoncrawl:models/default/room/tnt_trap_side_room.nbt
[25Sep2026 03:51:40.697] [ForkJoinPool.commonPool-worker-2/DEBUG] [Dungeon Crawl/]: Loading dungeoncrawl:models/default/room/tnt_trap_side_room.json
[25Sep2026 03:51:40.697] [ForkJoinPool.commonPool-worker-2/DEBUG] [Dungeon Crawl/]: Loading dungeoncrawl:models/default/staircase.nbt
[25Sep2026 03:51:40.698] [ForkJoinPool.commonPool-worker-2/DEBUG] [Dungeon Crawl/]: Loading dungeoncrawl:models/default/staircase.json
[25Sep2026 03:51:40.698] [ForkJoinPool.commonPool-worker-2/DEBUG] [Dungeon Crawl/]: Loading dungeoncrawl:models/default/staircase_layer.nbt
[25Sep2026 03:51:40.699] [ForkJoinPool.commonPool-worker-2/DEBUG] [Dungeon Crawl/]: Loading dungeoncrawl:models/default/stairs_bottom.nbt
[25Sep2026 03:51:40.700] [ForkJoinPool.commonPool-worker-2/DEBUG] [Dungeon Crawl/]: Loading dungeoncrawl:models/default/stairs_bottom.json
[25Sep2026 03:51:40.700] [ForkJoinPool.commonPool-worker-2/DEBUG] [Dungeon Crawl/]: Loading dungeoncrawl:models/default/stairs_bottom_2.nbt
[25Sep2026 03:51:40.701] [ForkJoinPool.commonPool-worker-2/DEBUG] [Dungeon Crawl/]: Loading dungeoncrawl:models/default/stairs_bottom_2.json
[25Sep2026 03:51:40.701] [ForkJoinPool.commonPool-worker-2/DEBUG] [Dungeon Crawl/]: Loading dungeoncrawl:models/default/stairs_top.nbt
[25Sep2026 03:51:40.702] [ForkJoinPool.commonPool-worker-2/DEBUG] [Dungeon Crawl/]: Loading dungeoncrawl:models/default/stairs_top.json
[25Sep2026 03:51:40.702] [ForkJoinPool.commonPool-worker-2/DEBUG] [Dungeon Crawl/]: Loading dungeoncrawl:models/entrance/roguelike/eniko_tower.nbt
[25Sep2026 03:51:40.706] [ForkJoinPool.commonPool-worker-2/DEBUG] [Dungeon Crawl/]: Loading dungeoncrawl:models/entrance/roguelike/eniko_tower.json
[25Sep2026 03:51:40.706] [ForkJoinPool.commonPool-worker-2/DEBUG] [Dungeon Crawl/]: Loading dungeoncrawl:models/entrance/roguelike/house.nbt
[25Sep2026 03:51:40.709] [ForkJoinPool.commonPool-worker-2/DEBUG] [Dungeon Crawl/]: Loading dungeoncrawl:models/entrance/roguelike/house.json
[25Sep2026 03:51:40.709] [ForkJoinPool.commonPool-worker-2/DEBUG] [Dungeon Crawl/]: Loading dungeoncrawl:models/entrance/roguelike/pyramid.nbt
[25Sep2026 03:51:40.711] [ForkJoinPool.commonPool-worker-2/DEBUG] [Dungeon Crawl/]: Loading dungeoncrawl:models/entrance/roguelike/pyramid.json
[25Sep2026 03:51:40.711] [ForkJoinPool.commonPool-worker-2/DEBUG] [Dungeon Crawl/]: Loading dungeoncrawl:models/entrance/roguelike/rogue_tower.nbt
[25Sep2026 03:51:40.713] [ForkJoinPool.commonPool-worker-2/DEBUG] [Dungeon Crawl/]: Loading dungeoncrawl:models/entrance/roguelike/rogue_tower.json
[25Sep2026 03:51:40.713] [ForkJoinPool.commonPool-worker-2/DEBUG] [Dungeon Crawl/]: Loading dungeoncrawl:models/entrance/roguelike/witch_tower.nbt
[25Sep2026 03:51:40.717] [ForkJoinPool.commonPool-worker-2/DEBUG] [Dungeon Crawl/]: Loading dungeoncrawl:models/entrance/roguelike/witch_tower.json
[25Sep2026 03:51:40.717] [ForkJoinPool.commonPool-worker-2/DEBUG] [Dungeon Crawl/]: Loading dungeoncrawl:models/hell/node/lava_hall.nbt
[25Sep2026 03:51:40.720] [ForkJoinPool.commonPool-worker-2/DEBUG] [Dungeon Crawl/]: Loading dungeoncrawl:models/hell/node/small_loot_room.nbt
[25Sep2026 03:51:40.724] [ForkJoinPool.commonPool-worker-2/DEBUG] [Dungeon Crawl/]: Loading dungeoncrawl:models/hell/node/small_loot_room.json
[25Sep2026 03:51:40.724] [ForkJoinPool.commonPool-worker-2/DEBUG] [Dungeon Crawl/]: Loading dungeoncrawl:models/hell/room/empty_room.nbt
[25Sep2026 03:51:40.725] [ForkJoinPool.commonPool-worker-2/DEBUG] [Dungeon Crawl/]: Loading dungeoncrawl:models/hell/room/empty_room.json
[25Sep2026 03:51:40.725] [ForkJoinPool.commonPool-worker-2/DEBUG] [Dungeon Crawl/]: Loading dungeoncrawl:models/hell/room/spawner_room.nbt
[25Sep2026 03:51:40.726] [ForkJoinPool.commonPool-worker-2/DEBUG] [Dungeon Crawl/]: Loading dungeoncrawl:models/hell/room/spawner_room.json
[25Sep2026 03:51:40.727] [ForkJoinPool.commonPool-worker-2/DEBUG] [Dungeon Crawl/]: Loading dungeoncrawl:dungeon/model_pools.json
[25Sep2026 03:51:40.735] [ForkJoinPool.commonPool-worker-2/DEBUG] [Dungeon Crawl/]: Loading dungeoncrawl:dungeon/types/default.json
[25Sep2026 03:51:40.742] [ForkJoinPool.commonPool-worker-2/DEBUG] [Dungeon Crawl/]: Loading dungeoncrawl:dungeon/types/desert/default.json
[25Sep2026 03:51:40.742] [ForkJoinPool.commonPool-worker-2/DEBUG] [Dungeon Crawl/]: Loading dungeoncrawl:dungeon/types/forest/default.json
[25Sep2026 03:51:40.743] [ForkJoinPool.commonPool-worker-2/DEBUG] [Dungeon Crawl/]: Loading dungeoncrawl:dungeon/types/mountains/default.json
[25Sep2026 03:51:40.749] [ForkJoinPool.commonPool-worker-2/DEBUG] [Dungeon Crawl/]: Loading dungeoncrawl:dungeon/biome_mappings/default.json
[25Sep2026 03:51:40.755] [ForkJoinPool.commonPool-worker-2/DEBUG] [Dungeon Crawl/]: Loading dungeoncrawl:theming/secondary_themes/catacombs/crumbled.json
[25Sep2026 03:51:40.758] [ForkJoinPool.commonPool-worker-2/DEBUG] [Dungeon Crawl/]: Loading dungeoncrawl:theming/secondary_themes/hell/roguelike.json
[25Sep2026 03:51:40.758] [ForkJoinPool.commonPool-worker-2/DEBUG] [Dungeon Crawl/]: Loading dungeoncrawl:theming/secondary_themes/vanilla/acacia.json
[25Sep2026 03:51:40.759] [ForkJoinPool.commonPool-worker-2/DEBUG] [Dungeon Crawl/]: Loading dungeoncrawl:theming/secondary_themes/vanilla/badlands/default.json
[25Sep2026 03:51:40.759] [ForkJoinPool.commonPool-worker-2/DEBUG] [Dungeon Crawl/]: Loading dungeoncrawl:theming/secondary_themes/vanilla/birch.json
[25Sep2026 03:51:40.759] [ForkJoinPool.commonPool-worker-2/DEBUG] [Dungeon Crawl/]: Loading dungeoncrawl:theming/secondary_themes/vanilla/catacombs/mossy.json
[25Sep2026 03:51:40.760] [ForkJoinPool.commonPool-worker-2/DEBUG] [Dungeon Crawl/]: Loading dungeoncrawl:theming/secondary_themes/vanilla/catacombs/overgrown.json
[25Sep2026 03:51:40.760] [ForkJoinPool.commonPool-worker-2/DEBUG] [Dungeon Crawl/]: Loading dungeoncrawl:theming/secondary_themes/vanilla/dark_oak.json
[25Sep2026 03:51:40.761] [ForkJoinPool.commonPool-worker-2/DEBUG] [Dungeon Crawl/]: Loading dungeoncrawl:theming/secondary_themes/vanilla/desert/default.json
[25Sep2026 03:51:40.761] [ForkJoinPool.commonPool-worker-2/DEBUG] [Dungeon Crawl/]: Loading dungeoncrawl:theming/secondary_themes/vanilla/desert/diorite.json
[25Sep2026 03:51:40.761] [ForkJoinPool.commonPool-worker-2/DEBUG] [Dungeon Crawl/]: Loading dungeoncrawl:theming/secondary_themes/vanilla/desert/granite.json
[25Sep2026 03:51:40.762] [ForkJoinPool.commonPool-worker-2/DEBUG] [Dungeon Crawl/]: Loading dungeoncrawl:theming/secondary_themes/vanilla/hell/default.json
[25Sep2026 03:51:40.762] [ForkJoinPool.commonPool-worker-2/DEBUG] [Dungeon Crawl/]: Loading dungeoncrawl:theming/secondary_themes/vanilla/jungle.json
[25Sep2026 03:51:40.762] [ForkJoinPool.commonPool-worker-2/DEBUG] [Dungeon Crawl/]: Loading dungeoncrawl:theming/secondary_themes/vanilla/mountains/default.json
[25Sep2026 03:51:40.763] [ForkJoinPool.commonPool-worker-2/DEBUG] [Dungeon Crawl/]: Loading dungeoncrawl:theming/secondary_themes/vanilla/oak.json
[25Sep2026 03:51:40.763] [ForkJoinPool.commonPool-worker-2/DEBUG] [Dungeon Crawl/]: Loading dungeoncrawl:theming/secondary_themes/vanilla/spruce.json
[25Sep2026 03:51:40.768] [ForkJoinPool.commonPool-worker-2/DEBUG] [Dungeon Crawl/]: Loading dungeoncrawl:theming/primary_themes/catacombs/crumbled.json
[25Sep2026 03:51:40.771] [ForkJoinPool.commonPool-worker-2/DEBUG] [Dungeon Crawl/]: Loading dungeoncrawl:theming/primary_themes/create/andesite.json
[25Sep2026 03:51:40.771] [ForkJoinPool.commonPool-worker-2/DEBUG] [Dungeon Crawl/]: Loading dungeoncrawl:theming/primary_themes/create/crumbled_andesite.json
[25Sep2026 03:51:40.772] [ForkJoinPool.commonPool-worker-2/DEBUG] [Dungeon Crawl/]: Loading dungeoncrawl:theming/primary_themes/create/mossy_andesite.json
[25Sep2026 03:51:40.772] [ForkJoinPool.commonPool-worker-2/DEBUG] [Dungeon Crawl/]: Loading dungeoncrawl:theming/primary_themes/create/overgrown_andesite.json
[25Sep2026 03:51:40.773] [ForkJoinPool.commonPool-worker-2/DEBUG] [Dungeon Crawl/]: Loading dungeoncrawl:theming/primary_themes/hell/roguelike.json
[25Sep2026 03:51:40.774] [ForkJoinPool.commonPool-worker-2/DEBUG] [Dungeon Crawl/]: Loading dungeoncrawl:theming/primary_themes/vanilla/andesite.json
[25Sep2026 03:51:40.774] [ForkJoinPool.commonPool-worker-2/DEBUG] [Dungeon Crawl/]: Loading dungeoncrawl:theming/primary_themes/vanilla/badlands/default.json
[25Sep2026 03:51:40.775] [ForkJoinPool.commonPool-worker-2/DEBUG] [Dungeon Crawl/]: Loading dungeoncrawl:theming/primary_themes/vanilla/bricks.json
[25Sep2026 03:51:40.776] [ForkJoinPool.commonPool-worker-2/DEBUG] [Dungeon Crawl/]: Loading dungeoncrawl:theming/primary_themes/vanilla/bricks_2.json
[25Sep2026 03:51:40.776] [ForkJoinPool.commonPool-worker-2/DEBUG] [Dungeon Crawl/]: Loading dungeoncrawl:theming/primary_themes/vanilla/catacombs/ancient.json
[25Sep2026 03:51:40.777] [ForkJoinPool.commonPool-worker-2/DEBUG] [Dungeon Crawl/]: Loading dungeoncrawl:theming/primary_themes/vanilla/catacombs/bricks.json
[25Sep2026 03:51:40.778] [ForkJoinPool.commonPool-worker-2/DEBUG] [Dungeon Crawl/]: Loading dungeoncrawl:theming/primary_themes/vanilla/catacombs/crumbled_floor.json
[25Sep2026 03:51:40.780] [ForkJoinPool.commonPool-worker-2/DEBUG] [Dungeon Crawl/]: Loading dungeoncrawl:theming/primary_themes/vanilla/catacombs/mossy.json
[25Sep2026 03:51:40.781] [ForkJoinPool.commonPool-worker-2/DEBUG] [Dungeon Crawl/]: Loading dungeoncrawl:theming/primary_themes/vanilla/catacombs/overgrown.json
[25Sep2026 03:51:40.783] [ForkJoinPool.commonPool-worker-2/DEBUG] [Dungeon Crawl/]: Loading dungeoncrawl:theming/primary_themes/vanilla/default.json
[25Sep2026 03:51:40.784] [ForkJoinPool.commonPool-worker-2/DEBUG] [Dungeon Crawl/]: Loading dungeoncrawl:theming/primary_themes/vanilla/desert/default.json
[25Sep2026 03:51:40.785] [ForkJoinPool.commonPool-worker-2/DEBUG] [Dungeon Crawl/]: Loading dungeoncrawl:theming/primary_themes/vanilla/desert/diorite.json
[25Sep2026 03:51:40.785] [ForkJoinPool.commonPool-worker-2/DEBUG] [Dungeon Crawl/]: Loading dungeoncrawl:theming/primary_themes/vanilla/desert/granite.json
[25Sep2026 03:51:40.786] [ForkJoinPool.commonPool-worker-2/DEBUG] [Dungeon Crawl/]: Loading dungeoncrawl:theming/primary_themes/vanilla/desert/terracotta.json
[25Sep2026 03:51:40.786] [ForkJoinPool.commonPool-worker-2/DEBUG] [Dungeon Crawl/]: Loading dungeoncrawl:theming/primary_themes/vanilla/hell/checked_floor.json
[25Sep2026 03:51:40.787] [ForkJoinPool.commonPool-worker-2/DEBUG] [Dungeon Crawl/]: Loading dungeoncrawl:theming/primary_themes/vanilla/hell/default.json
[25Sep2026 03:51:40.788] [ForkJoinPool.commonPool-worker-2/DEBUG] [Dungeon Crawl/]: Loading dungeoncrawl:theming/primary_themes/vanilla/hell/mossy.json
[25Sep2026 03:51:40.788] [ForkJoinPool.commonPool-worker-2/DEBUG] [Dungeon Crawl/]: Loading dungeoncrawl:theming/primary_themes/vanilla/jungle/default.json
[25Sep2026 03:51:40.789] [ForkJoinPool.commonPool-worker-2/DEBUG] [Dungeon Crawl/]: Loading dungeoncrawl:theming/primary_themes/vanilla/mountains/default.json
[25Sep2026 03:51:40.817] [ForkJoinPool.commonPool-worker-2/DEBUG] [Dungeon Crawl/]: Loading dungeoncrawl:monster/spawn_rates.json
[25Sep2026 03:51:40.818] [ForkJoinPool.commonPool-worker-2/DEBUG] [Dungeon Crawl/]: Loading dungeoncrawl:treasure/stage_1.json
[25Sep2026 03:51:40.819] [ForkJoinPool.commonPool-worker-2/DEBUG] [Dungeon Crawl/]: Loading dungeoncrawl:treasure/stage_2.json
[25Sep2026 03:51:40.819] [ForkJoinPool.commonPool-worker-2/DEBUG] [Dungeon Crawl/]: Loading dungeoncrawl:treasure/stage_3.json
[25Sep2026 03:51:40.819] [ForkJoinPool.commonPool-worker-2/DEBUG] [Dungeon Crawl/]: Loading dungeoncrawl:treasure/stage_4.json
[25Sep2026 03:51:40.819] [ForkJoinPool.commonPool-worker-2/DEBUG] [Dungeon Crawl/]: Loading dungeoncrawl:treasure/stage_5.json
[25Sep2026 03:51:40.821] [ForkJoinPool.commonPool-worker-2/DEBUG] [Dungeon Crawl/]: Loading dungeoncrawl:monster/entities/stage_1.json
[25Sep2026 03:51:40.822] [ForkJoinPool.commonPool-worker-2/DEBUG] [Dungeon Crawl/]: Loading dungeoncrawl:monster/entities/stage_2.json
[25Sep2026 03:51:40.822] [ForkJoinPool.commonPool-worker-2/DEBUG] [Dungeon Crawl/]: Loading dungeoncrawl:monster/entities/stage_3.json
[25Sep2026 03:51:40.822] [ForkJoinPool.commonPool-worker-2/DEBUG] [Dungeon Crawl/]: Loading dungeoncrawl:monster/entities/stage_4.json
[25Sep2026 03:51:40.822] [ForkJoinPool.commonPool-worker-2/DEBUG] [Dungeon Crawl/]: Loading dungeoncrawl:monster/entities/stage_5.json
[25Sep2026 03:51:40.822] [ForkJoinPool.commonPool-worker-2/DEBUG] [Dungeon Crawl/]: Loading dungeoncrawl:monster/equipment/armor/stage_1.json
[25Sep2026 03:51:40.822] [ForkJoinPool.commonPool-worker-2/DEBUG] [Dungeon Crawl/]: Loading dungeoncrawl:monster/equipment/armor/stage_2.json
[25Sep2026 03:51:40.823] [ForkJoinPool.commonPool-worker-2/DEBUG] [Dungeon Crawl/]: Loading dungeoncrawl:monster/equipment/armor/stage_3.json
[25Sep2026 03:51:40.823] [ForkJoinPool.commonPool-worker-2/DEBUG] [Dungeon Crawl/]: Loading dungeoncrawl:monster/equipment/armor/stage_4.json
[25Sep2026 03:51:40.823] [ForkJoinPool.commonPool-worker-2/DEBUG] [Dungeon Crawl/]: Loading dungeoncrawl:monster/equipment/armor/stage_5.json
[25Sep2026 03:51:40.823] [ForkJoinPool.commonPool-worker-2/DEBUG] [Dungeon Crawl/]: Loading dungeoncrawl:monster/equipment/weapon/stage_1.json
[25Sep2026 03:51:40.823] [ForkJoinPool.commonPool-worker-2/DEBUG] [Dungeon Crawl/]: Loading dungeoncrawl:monster/equipment/weapon/stage_2.json
[25Sep2026 03:51:40.823] [ForkJoinPool.commonPool-worker-2/DEBUG] [Dungeon Crawl/]: Loading dungeoncrawl:monster/equipment/weapon/stage_3.json
[25Sep2026 03:51:40.824] [ForkJoinPool.commonPool-worker-2/DEBUG] [Dungeon Crawl/]: Loading dungeoncrawl:monster/equipment/weapon/stage_4.json
[25Sep2026 03:51:40.824] [ForkJoinPool.commonPool-worker-2/DEBUG] [Dungeon Crawl/]: Loading dungeoncrawl:monster/equipment/weapon/stage_5.json
[25Sep2026 03:51:40.825] [ForkJoinPool.commonPool-worker-2/DEBUG] [Dungeon Crawl/]: Loading dungeoncrawl:monster/potion_effects/stage_1.json
[25Sep2026 03:51:40.826] [ForkJoinPool.commonPool-worker-2/DEBUG] [Dungeon Crawl/]: Loading dungeoncrawl:monster/potion_effects/stage_2.json
[25Sep2026 03:51:40.826] [ForkJoinPool.commonPool-worker-2/DEBUG] [Dungeon Crawl/]: Loading dungeoncrawl:monster/potion_effects/stage_3.json
[25Sep2026 03:51:40.827] [ForkJoinPool.commonPool-worker-2/DEBUG] [Dungeon Crawl/]: Loading dungeoncrawl:monster/potion_effects/stage_4.json
[25Sep2026 03:51:40.827] [ForkJoinPool.commonPool-worker-2/DEBUG] [Dungeon Crawl/]: Loading dungeoncrawl:monster/potion_effects/stage_5.json
[25Sep2026 03:51:40.827] [ForkJoinPool.commonPool-worker-2/DEBUG] [Dungeon Crawl/]: Completing...
[25Sep2026 03:51:40.827] [ForkJoinPool.commonPool-worker-2/INFO] [Dungeon Crawl/]: Done.
[25Sep2026 03:51:40.867] [main/DEBUG] [net.neoforged.neoforge.common.CommonHooks/WP]: Gathered mod list to write to world save MUNDO DISLEXICO
[25Sep2026 03:51:40.875] [main/DEBUG] [mixin/]: Mixing DedicatedServerMixin from tombstone.mixins.json into net.minecraft.server.dedicated.DedicatedServer
[25Sep2026 03:51:40.875] [main/DEBUG] [mixin/]: tombstone.mixins.json:DedicatedServerMixin from mod tombstone: Class version 69 required is higher than the class version supported by the current version of Mixin (JAVA_21 supports class version 65)
[25Sep2026 03:51:40.876] [main/DEBUG] [mixin/]: tombstone.mixins.json:DedicatedServerMixin from mod tombstone->@Inject::methodIsUnderSpawnProtection(Lnet/minecraft/server/level/ServerLevel;Lnet/minecraft/core/BlockPos;Lnet/minecraft/world/entity/player/Player;Lorg/spongepowered/asm/mixin/injection/callback/CallbackInfoReturnable;)V does use it's CallbackInfoReturnable
[25Sep2026 03:51:40.876] [main/DEBUG] [mixin/]: tombstone.mixins.json:DedicatedServerMixin from mod tombstone->@Inject::methodIsUnderSpawnProtection(Lnet/minecraft/server/level/ServerLevel;Lnet/minecraft/core/BlockPos;Lnet/minecraft/world/entity/player/Player;Lorg/spongepowered/asm/mixin/injection/callback/CallbackInfoReturnable;)V does use it's CallbackInfoReturnable
[25Sep2026 03:51:40.876] [main/DEBUG] [mixin/]: tombstone.mixins.json:DedicatedServerMixin from mod tombstone->@Inject::methodIsUnderSpawnProtection(Lnet/minecraft/server/level/ServerLevel;Lnet/minecraft/core/BlockPos;Lnet/minecraft/world/entity/player/Player;Lorg/spongepowered/asm/mixin/injection/callback/CallbackInfoReturnable;)V does use it's CallbackInfoReturnable
[25Sep2026 03:51:40.876] [main/DEBUG] [mixin/]: tombstone.mixins.json:DedicatedServerMixin from mod tombstone->@Inject::methodIsUnderSpawnProtection(Lnet/minecraft/server/level/ServerLevel;Lnet/minecraft/core/BlockPos;Lnet/minecraft/world/entity/player/Player;Lorg/spongepowered/asm/mixin/injection/callback/CallbackInfoReturnable;)V does use it's CallbackInfoReturnable
[25Sep2026 03:51:40.876] [main/DEBUG] [mixin/]: tombstone.mixins.json:DedicatedServerMixin from mod tombstone->@Inject::methodIsUnderSpawnProtection(Lnet/minecraft/server/level/ServerLevel;Lnet/minecraft/core/BlockPos;Lnet/minecraft/world/entity/player/Player;Lorg/spongepowered/asm/mixin/injection/callback/CallbackInfoReturnable;)V does use it's CallbackInfoReturnable
[25Sep2026 03:51:40.883] [main/DEBUG] [mixin/]: Mixing PlayerListMixin from creativecore.forge.mixins.json into net.minecraft.server.players.PlayerList
[25Sep2026 03:51:40.883] [main/DEBUG] [mixin/]: creativecore.forge.mixins.json:PlayerListMixin from mod creativecore: Class version 69 required is higher than the class version supported by the current version of Mixin (JAVA_21 supports class version 65)
[25Sep2026 03:51:40.883] [main/DEBUG] [mixin/]: Renaming synthetic method lambda$bind$0(Lnet/minecraft/server/network/ServerGamePacketListenerImpl;Ljava/lang/Object;)Ljava/lang/Object; to mdc4de4a$creativecore$lambda$bind$0$0 in creativecore.forge.mixins.json:PlayerListMixin from mod creativecore
[25Sep2026 03:51:41.039] [Server thread/INFO] [net.minecraft.server.dedicated.DedicatedServer/]: Starting minecraft server version 26.2
[25Sep2026 03:51:41.039] [Server thread/INFO] [net.minecraft.server.dedicated.DedicatedServer/]: Loading properties
[25Sep2026 03:51:41.039] [Server thread/INFO] [net.minecraft.server.dedicated.DedicatedServer/]: Default game type: SURVIVAL
[25Sep2026 03:51:41.039] [Server thread/INFO] [net.minecraft.server.MinecraftServer/]: Generating keypair
[25Sep2026 03:51:41.118] [Server thread/INFO] [net.minecraft.server.dedicated.DedicatedServer/]: Starting Minecraft server on *:25565
[25Sep2026 03:51:41.125] [Server thread/DEBUG] [net.neoforged.neoforge.network.DualStackUtils/]: Detected IPv6 address: "0:0:0:0:0:0:0:0"
[25Sep2026 03:51:41.149] [Server thread/DEBUG] [io.netty.util.internal.NativeLibraryLoader/]: -Dio.netty.native.workdir: /tmp (io.netty.tmpdir)
[25Sep2026 03:51:41.149] [Server thread/DEBUG] [io.netty.util.internal.NativeLibraryLoader/]: -Dio.netty.native.deleteLibAfterLoading: true
[25Sep2026 03:51:41.149] [Server thread/DEBUG] [io.netty.util.internal.NativeLibraryLoader/]: -Dio.netty.native.tryPatchShadedId: true
[25Sep2026 03:51:41.149] [Server thread/DEBUG] [io.netty.util.internal.NativeLibraryLoader/]: -Dio.netty.native.detectNativeLibraryDuplicates: true
[25Sep2026 03:51:41.160] [Server thread/DEBUG] [io.netty.util.internal.NativeLibraryLoader/]: Successfully loaded the library /tmp/libnetty_transport_native_epoll_x86_649167141387886013115.so
[25Sep2026 03:51:41.164] [Server thread/DEBUG] [io.netty.util.NetUtil/]: -Djava.net.preferIPv4Stack: false
[25Sep2026 03:51:41.165] [Server thread/DEBUG] [io.netty.util.NetUtil/]: -Djava.net.preferIPv6Addresses: true
[25Sep2026 03:51:41.167] [Server thread/DEBUG] [io.netty.util.NetUtilInitializations/]: Loopback interface: lo (lo, 0:0:0:0:0:0:0:1%lo)
[25Sep2026 03:51:41.168] [Server thread/DEBUG] [io.netty.util.NetUtil/]: /proc/sys/net/core/somaxconn: 4096
[25Sep2026 03:51:41.182] [Server thread/DEBUG] [io.netty.channel.MultithreadEventLoopGroup/]: -Dio.netty.eventLoopThreads: 8
[25Sep2026 03:51:41.191] [Server thread/DEBUG] [io.netty.util.concurrent.GlobalEventExecutor/]: -Dio.netty.globalEventExecutor.quietPeriodSeconds: 1
[25Sep2026 03:51:41.198] [Server thread/DEBUG] [io.netty.util.internal.PlatformDependent/]: org.jctools-core.MpscChunkedArrayQueue: unavailable
[25Sep2026 03:51:41.209] [Server thread/DEBUG] [io.netty.channel.DefaultChannelId/]: -Dio.netty.processId: 3839 (auto-detected)
[25Sep2026 03:51:41.210] [Server thread/DEBUG] [io.netty.channel.DefaultChannelId/]: -Dio.netty.machineId: 00:0d:3a:ff:fe:03:ab:15 (auto-detected)
[25Sep2026 03:51:41.221] [Server thread/DEBUG] [io.netty.bootstrap.ChannelInitializerExtensions/]: -Dio.netty.bootstrap.extensions: null
[25Sep2026 03:51:41.244] [Server thread/DEBUG] [net.neoforged.fml.config.ConfigTracker/CONFIG]: Loading configs type SERVER
[25Sep2026 03:51:41.245] [Server thread/DEBUG] [net.neoforged.fml.config.ConfigTracker/CONFIG]: Loaded TOML config file /workspaces/SERVER-DISLEXICO-04/servidor_minecraft/config/jei-server.toml
[25Sep2026 03:51:41.245] [Server thread/DEBUG] [net.neoforged.fml.config.ConfigTracker/CONFIG]: Watching TOML config file /workspaces/SERVER-DISLEXICO-04/servidor_minecraft/config/jei-server.toml for changes
[25Sep2026 03:51:41.246] [Server thread/INFO] [journeymap/]: Loading JourneyMap Forge Configs
[25Sep2026 03:51:41.247] [Server thread/DEBUG] [net.neoforged.fml.config.ConfigTracker/CONFIG]: Loaded TOML config file /workspaces/SERVER-DISLEXICO-04/servidor_minecraft/config/journeymap-server.toml
[25Sep2026 03:51:41.247] [Server thread/DEBUG] [net.neoforged.fml.config.ConfigTracker/CONFIG]: Watching TOML config file /workspaces/SERVER-DISLEXICO-04/servidor_minecraft/config/journeymap-server.toml for changes
[25Sep2026 03:51:41.247] [Server thread/DEBUG] [net.neoforged.neoforge.common.NeoForgeMod/FORGEMOD]: Loaded NeoForge config file neoforge-server.toml
[25Sep2026 03:51:41.247] [Server thread/DEBUG] [net.neoforged.fml.config.ConfigTracker/CONFIG]: Loaded TOML config file /workspaces/SERVER-DISLEXICO-04/servidor_minecraft/config/neoforge-server.toml
[25Sep2026 03:51:41.247] [Server thread/DEBUG] [net.neoforged.fml.config.ConfigTracker/CONFIG]: Watching TOML config file /workspaces/SERVER-DISLEXICO-04/servidor_minecraft/config/neoforge-server.toml for changes
[25Sep2026 03:51:41.255] [Server thread/DEBUG] [net.neoforged.fml.config.ConfigTracker/CONFIG]: Loaded TOML config file /workspaces/SERVER-DISLEXICO-04/servidor_minecraft/config/travelersbackpack-server.toml
[25Sep2026 03:51:41.256] [Server thread/DEBUG] [net.neoforged.fml.config.ConfigTracker/CONFIG]: Watching TOML config file /workspaces/SERVER-DISLEXICO-04/servidor_minecraft/config/travelersbackpack-server.toml for changes
[25Sep2026 03:51:41.258] [Server thread/DEBUG] [net.neoforged.fml.config.ConfigTracker/CONFIG]: Loaded TOML config file /workspaces/SERVER-DISLEXICO-04/servidor_minecraft/config/tombstone-server.toml
[25Sep2026 03:51:41.258] [Server thread/DEBUG] [net.neoforged.fml.config.ConfigTracker/CONFIG]: Watching TOML config file /workspaces/SERVER-DISLEXICO-04/servidor_minecraft/config/tombstone-server.toml for changes
[25Sep2026 03:51:41.293] [Server thread/WARN] [net.neoforged.neoforge.server.ServerLifecycleHooks/]: Detected minecraft:ocelot that was registered with CREATURE mob category but was added under MONSTER mob category for biomesoplenty:rainforest biome! Mobs should be added to biomes under the same mob category that the mob was registered as to prevent mob cap spawning issues.
[25Sep2026 03:51:41.295] [Server thread/WARN] [net.neoforged.neoforge.server.ServerLifecycleHooks/]: Detected minecraft:ocelot that was registered with CREATURE mob category but was added under MONSTER mob category for biomesoplenty:rocky_rainforest biome! Mobs should be added to biomes under the same mob category that the mob was registered as to prevent mob cap spawning issues.
[25Sep2026 03:51:41.339] [Server thread/INFO] [terrablender/]: Initialized TerraBlender biomes for level stem minecraft:the_nether
[25Sep2026 03:51:41.818] [Server thread/INFO] [terrablender/]: Initialized TerraBlender biomes for level stem minecraft:overworld
[25Sep2026 03:51:41.820] [Server thread/INFO] [net.minecraft.server.dedicated.DedicatedServer/]: Preparing level "world"
[25Sep2026 03:51:41.832] [Server thread/DEBUG] [mixin/]: Mixing server.ServerChunkCacheAccessor from journeymap.mixins.json into net.minecraft.server.level.ServerChunkCache
[25Sep2026 03:51:41.832] [Server thread/DEBUG] [mixin/]: journeymap.mixins.json:server.ServerChunkCacheAccessor from mod journeymap: Class version 69 required is higher than the class version supported by the current version of Mixin (JAVA_17 supports class version 61)
[25Sep2026 03:51:41.839] [Server thread/DEBUG] [io.netty.util.internal.ThreadLocalRandom/]: -Dio.netty.initialSeedUniquifier: 0xc16607e399f98a7b
[25Sep2026 03:51:41.851] [Server thread/DEBUG] [mixin/]: Mixing DamageSourcesMixin from tombstone.mixins.json into net.minecraft.world.damagesource.DamageSources
[25Sep2026 03:51:41.851] [Server thread/DEBUG] [mixin/]: tombstone.mixins.json:DamageSourcesMixin from mod tombstone: Class version 69 required is higher than the class version supported by the current version of Mixin (JAVA_21 supports class version 65)
[25Sep2026 03:51:41.853] [Server thread/DEBUG] [mixin/]: tombstone.mixins.json:DamageSourcesMixin from mod tombstone->@Inject::methodArrow(Lnet/minecraft/world/entity/projectile/arrow/AbstractArrow;Lnet/minecraft/world/entity/Entity;Lorg/spongepowered/asm/mixin/injection/callback/CallbackInfoReturnable;)V does use it's CallbackInfoReturnable
[25Sep2026 03:51:41.853] [Server thread/DEBUG] [mixin/]: tombstone.mixins.json:DamageSourcesMixin from mod tombstone->@Inject::methodTrident(Lnet/minecraft/world/entity/Entity;Lnet/minecraft/world/entity/Entity;Lorg/spongepowered/asm/mixin/injection/callback/CallbackInfoReturnable;)V does use it's CallbackInfoReturnable
[25Sep2026 03:51:41.853] [Server thread/DEBUG] [mixin/]: tombstone.mixins.json:DamageSourcesMixin from mod tombstone->@Inject::methodPlayerAttack(Lnet/minecraft/world/entity/player/Player;Lorg/spongepowered/asm/mixin/injection/callback/CallbackInfoReturnable;)V does use it's CallbackInfoReturnable
[25Sep2026 03:51:41.853] [Server thread/DEBUG] [mixin/]: tombstone.mixins.json:DamageSourcesMixin from mod tombstone->@Inject::methodMobAttack(Lnet/minecraft/world/entity/LivingEntity;Lorg/spongepowered/asm/mixin/injection/callback/CallbackInfoReturnable;)V does use it's CallbackInfoReturnable
[25Sep2026 03:51:41.923] [Server thread/DEBUG] [mixin/]: Mixing server.ChunkMapAccessor from journeymap.mixins.json into net.minecraft.server.level.ChunkMap
[25Sep2026 03:51:41.924] [Server thread/DEBUG] [mixin/]: journeymap.mixins.json:server.ChunkMapAccessor from mod journeymap: Class version 69 required is higher than the class version supported by the current version of Mixin (JAVA_17 supports class version 61)
[25Sep2026 03:51:41.924] [Server thread/DEBUG] [mixin/]: Mixing ChunkMapAccessor from balm.mixins.json into net.minecraft.server.level.ChunkMap
[25Sep2026 03:51:41.924] [Server thread/DEBUG] [mixin/]: balm.mixins.json:ChunkMapAccessor from mod balm: Class version 69 required is higher than the class version supported by the current version of Mixin (JAVA_17 supports class version 61)
[25Sep2026 03:51:42.877] [Server thread/INFO] [net.minecraft.server.level.progress.LoggingLevelLoadListener/]: Loading 0 persistent chunks...
[25Sep2026 03:51:42.878] [Server thread/INFO] [net.minecraft.server.level.progress.LoggingLevelLoadListener/]: Preparing spawn area: 100%
[25Sep2026 03:51:42.890] [Server thread/INFO] [net.minecraft.server.level.progress.LoggingLevelLoadListener/]: Time elapsed: 13 ms
[25Sep2026 03:51:42.892] [Server thread/INFO] [net.minecraft.server.dedicated.DedicatedServer/]: Done (1.648s)! For help, type "help"
[25Sep2026 03:51:42.898] [Server thread/INFO] [net.minecraft.server.MinecraftServer/]: Saving chunks for level 'ServerLevel[MUNDO DISLEXICO]'/minecraft:overworld
[25Sep2026 03:51:42.925] [Server thread/INFO] [net.minecraft.server.MinecraftServer/]: Saving chunks for level 'ServerLevel[MUNDO DISLEXICO]'/minecraft:the_nether
[25Sep2026 03:51:42.933] [Server thread/INFO] [net.minecraft.server.MinecraftServer/]: Saving chunks for level 'ServerLevel[MUNDO DISLEXICO]'/minecraft:the_end
[25Sep2026 03:51:42.941] [Server thread/DEBUG] [net.neoforged.neoforge.common.CommonHooks/WP]: Gathered mod list to write to world save MUNDO DISLEXICO
[25Sep2026 03:51:42.955] [Server thread/INFO] [net.minecraft.server.MinecraftServer/]: ThreadedAnvilChunkStorage (world): All chunks are saved
[25Sep2026 03:51:42.958] [Server thread/INFO] [net.minecraft.server.MinecraftServer/]: ThreadedAnvilChunkStorage (DIM-1): All chunks are saved
[25Sep2026 03:51:42.958] [Server thread/INFO] [net.minecraft.server.MinecraftServer/]: ThreadedAnvilChunkStorage (DIM1): All chunks are saved
[25Sep2026 03:51:42.959] [Server thread/INFO] [net.minecraft.server.MinecraftServer/]: ThreadedAnvilChunkStorage: All dimensions are saved
[25Sep2026 03:51:43.021] [Server thread/DEBUG] [net.neoforged.neoforge.server.LanguageHook/]: Loaded 22 language files for en_us
[25Sep2026 03:51:43.029] [Server thread/INFO] [net.neoforged.neoforge.server.permission.PermissionAPI/]: Successfully initialized permission handler neoforge:default_handler
[25Sep2026 03:51:43.038] [Server thread/INFO] [journeymap/]: Loaded null for service interface journeymap.api.services.WebMapService
[25Sep2026 03:51:43.044] [Server thread/INFO] [journeymap/]: Loaded journeymap.common.helpers.NeoForgeClientHooks@3b261d8b for service interface journeymap.api.services.ClientPlatformService
[25Sep2026 03:51:43.046] [Server thread/INFO] [journeymap/]: Loaded journeymap.common.helpers.NeoForgeHooks@54dc757d for service interface journeymap.api.services.CommonPlatformService
[25Sep2026 03:51:43.062] [Server thread/INFO] [journeymap/]: Found @JourneyMapPlugin: journeymap.api.plugins.LoadedChunkOverlayPlugin
[25Sep2026 03:51:43.071] [Server thread/INFO] [journeymap/]: Initialized IJourneyMapPlugin as:journeymap.api.plugins.LoadedChunkOverlayPlugin: for:journeymap_chunk_overlay
[25Sep2026 03:52:16.188] [User Authenticator #1/INFO] [net.minecraft.server.network.ServerLoginPacketListenerImpl/]: UUID of player MirsWATF is b5193e04-289f-4676-8ef7-f3111c8cc1e6
[25Sep2026 03:52:16.353] [Netty Epoll IO #2/DEBUG] [mixin/]: Mixing ServerConfigurationPacketListenerImplMixin from creativecore.forge.mixins.json into net.minecraft.server.network.ServerConfigurationPacketListenerImpl
[25Sep2026 03:52:16.353] [Netty Epoll IO #2/DEBUG] [mixin/]: creativecore.forge.mixins.json:ServerConfigurationPacketListenerImplMixin from mod creativecore: Class version 69 required is higher than the class version supported by the current version of Mixin (JAVA_21 supports class version 65)
[25Sep2026 03:52:16.353] [Netty Epoll IO #2/DEBUG] [mixin/]: Renaming synthetic method lambda$handleConfigurationFinished$0(Lnet/minecraft/core/RegistryAccess;Lnet/neoforged/neoforge/network/connection/ConnectionType;Lio/netty/buffer/ByteBuf;)Lnet/minecraft/network/RegistryFriendlyByteBuf; to mdc4de4a$creativecore$lambda$handleConfigurationFinished$0$0 in creativecore.forge.mixins.json:ServerConfigurationPacketListenerImplMixin from mod creativecore
[25Sep2026 03:52:16.354] [Netty Epoll IO #2/DEBUG] [mixin/]: Mixing MixinServerConfigurationPacketListenerImpl from glitchcore.mixins.json into net.minecraft.server.network.ServerConfigurationPacketListenerImpl
[25Sep2026 03:52:16.354] [Netty Epoll IO #2/DEBUG] [mixin/]: glitchcore.mixins.json:MixinServerConfigurationPacketListenerImpl from mod glitchcore: Class version 69 required is higher than the class version supported by the current version of Mixin (JAVA_17 supports class version 61)
[25Sep2026 03:52:16.355] [Netty Epoll IO #2/DEBUG] [mixin/]: glitchcore.mixins.json:MixinServerConfigurationPacketListenerImpl from mod glitchcore->@Inject::onStartConfiguration(Lorg/spongepowered/asm/mixin/injection/callback/CallbackInfo;)V doesn't use it's CallbackInfo
[25Sep2026 03:52:16.355] [Netty Epoll IO #2/DEBUG] [mixin/]: glitchcore.mixins.json:MixinServerConfigurationPacketListenerImpl from mod glitchcore->@Inject::onStartConfiguration(Lorg/spongepowered/asm/mixin/injection/callback/CallbackInfo;)V has 0 override(s) in child classes
[25Sep2026 03:52:16.355] [Netty Epoll IO #2/DEBUG] [mixin/]: glitchcore.mixins.json:MixinServerConfigurationPacketListenerImpl from mod glitchcore->@Inject::onStartConfiguration(Lorg/spongepowered/asm/mixin/injection/callback/CallbackInfo;)V won't be passed a CallbackInfo as a result
[25Sep2026 03:52:16.481] [Netty Epoll IO #2/DEBUG] [net.neoforged.neoforge.network.filters.NetworkFilters/]: Injected net.neoforged.neoforge.network.filters.GenericPacketSplitter@6354ce1 into net.minecraft.network.Connection@7c50529a
[25Sep2026 03:52:18.130] [Server thread/DEBUG] [mixin/]: Mixing TrackedEntityAccessor from balm.mixins.json into net.minecraft.server.level.ChunkMap$TrackedEntity
[25Sep2026 03:52:18.130] [Server thread/DEBUG] [mixin/]: balm.mixins.json:TrackedEntityAccessor from mod balm: Class version 69 required is higher than the class version supported by the current version of Mixin (JAVA_17 supports class version 61)
[25Sep2026 03:52:18.474] [Netty Epoll IO #2/DEBUG] [net.neoforged.neoforge.network.filters.NetworkFilters/]: Injected net.neoforged.neoforge.network.filters.GenericPacketSplitter@349725da into net.minecraft.network.Connection@7c50529a
[25Sep2026 03:52:18.652] [Server thread/INFO] [net.minecraft.server.players.PlayerList/]: MirsWATF[/127.119.112.13:43273] logged in with entity id 239 at (23.552245978448642, -29.0, 210.98340063630025)
[25Sep2026 03:52:18.655] [Server thread/DEBUG] [mixin/]: Mixing ServerGamePacketListenerImplMixin from travelersbackpack.mixins.json into net.minecraft.server.network.ServerGamePacketListenerImpl
[25Sep2026 03:52:18.655] [Server thread/DEBUG] [mixin/]: travelersbackpack.mixins.json:ServerGamePacketListenerImplMixin from mod travelersbackpack: Class version 69 required is higher than the class version supported by the current version of Mixin (JAVA_21 supports class version 65)
[25Sep2026 03:52:18.655] [Server thread/DEBUG] [mixin/]: Renaming synthetic method lambda$onTryPickItem$0(Lnet/minecraft/world/item/ItemStack;Lnet/minecraft/world/entity/player/Inventory;Lcom/tiviacz/travelersbackpack/inventory/BackpackWrapper;Ljava/util/concurrent/atomic/AtomicReference;Ljava/lang/Integer;Lnet/minecraft/world/item/ItemStack;)Ljava/lang/Boolean; to mdc4de4a$travelersbackpack$lambda$onTryPickItem$0$0 in travelersbackpack.mixins.json:ServerGamePacketListenerImplMixin from mod travelersbackpack
[25Sep2026 03:52:18.656] [Server thread/DEBUG] [mixin/]: travelersbackpack.mixins.json:ServerGamePacketListenerImplMixin from mod travelersbackpack->@Inject::onTryPickItem(Lnet/minecraft/world/item/ItemStack;Lorg/spongepowered/asm/mixin/injection/callback/CallbackInfo;)V doesn't use it's CallbackInfo
[25Sep2026 03:52:18.656] [Server thread/DEBUG] [mixin/]: travelersbackpack.mixins.json:ServerGamePacketListenerImplMixin from mod travelersbackpack->@Inject::onTryPickItem(Lnet/minecraft/world/item/ItemStack;Lorg/spongepowered/asm/mixin/injection/callback/CallbackInfo;)V has 0 override(s) in child classes
[25Sep2026 03:52:18.656] [Server thread/DEBUG] [mixin/]: travelersbackpack.mixins.json:ServerGamePacketListenerImplMixin from mod travelersbackpack->@Inject::onTryPickItem(Lnet/minecraft/world/item/ItemStack;Lorg/spongepowered/asm/mixin/injection/callback/CallbackInfo;)V won't be passed a CallbackInfo as a result
[25Sep2026 03:52:18.680] [Server thread/DEBUG] [net.neoforged.neoforge.common.CommonHooks/]: Sending 2284 recipes of the following types: [blasting, smithing, smoking, stonecutting, smelting, campfire_cooking, crafting]
[25Sep2026 03:52:18.758] [Server thread/INFO] [net.minecraft.server.MinecraftServer/]: MirsWATF joined the game
[25Sep2026 03:52:19.196] [Server thread/INFO] [journeymap/]: JourneyMap client version for MirsWATF: 6.0.8 (server version: 6.0.8)
[25Sep2026 03:52:31.385] [Server thread/DEBUG] [mixin/]: Mixing StackedItemContentsMixin from tombstone.mixins.json into net.minecraft.world.entity.player.StackedItemContents
[25Sep2026 03:52:32.591] [User Authenticator #2/INFO] [net.minecraft.server.network.ServerLoginPacketListenerImpl/]: UUID of player SURIPANTAC is 5e971e93-2c5e-427f-af28-67120005af40
[25Sep2026 03:52:33.127] [User Authenticator #3/INFO] [net.minecraft.server.network.ServerLoginPacketListenerImpl/]: UUID of player teemoelsamu is d1418274-fbb6-4a7d-be69-45904935106e
[25Sep2026 03:52:34.415] [Server thread/DEBUG] [mixin/]: tombstone.mixins.json:StackedItemContentsMixin from mod tombstone: Class version 69 required is higher than the class version supported by the current version of Mixin (JAVA_21 supports class version 65)
[25Sep2026 03:52:34.419] [Server thread/DEBUG] [mixin/]: tombstone.mixins.json:StackedItemContentsMixin from mod tombstone->@Inject::methodAccountStack(Lnet/minecraft/world/item/ItemStack;ILorg/spongepowered/asm/mixin/injection/callback/CallbackInfo;)V does use it's CallbackInfo
[25Sep2026 03:52:34.436] [Server thread/WARN] [net.minecraft.server.network.ServerGamePacketListenerImpl/]: MirsWATF moved too quickly! 8.279999981617657,2.2491870787446793,5.307090763157078
[25Sep2026 03:52:34.485] [Server thread/WARN] [net.minecraft.server.MinecraftServer/]: Can't keep up! Is the server overloaded? Running 3063ms or 61 ticks behind
[25Sep2026 03:52:34.616] [User Authenticator #4/INFO] [net.minecraft.server.network.ServerLoginPacketListenerImpl/]: UUID of player cqrazan is 710e3b65-b96c-4dc2-ba10-034c00fc9a40
[25Sep2026 03:52:34.665] [Netty Epoll IO #4/DEBUG] [net.neoforged.neoforge.network.filters.NetworkFilters/]: Injected net.neoforged.neoforge.network.filters.GenericPacketSplitter@60d0d71f into net.minecraft.network.Connection@64ef4fdd
[25Sep2026 03:52:34.803] [Netty Epoll IO #5/DEBUG] [net.neoforged.neoforge.network.filters.NetworkFilters/]: Injected net.neoforged.neoforge.network.filters.GenericPacketSplitter@59528d9d into net.minecraft.network.Connection@5d6d126f
[25Sep2026 03:52:34.884] [Netty Epoll IO #7/DEBUG] [net.neoforged.neoforge.network.filters.NetworkFilters/]: Injected net.neoforged.neoforge.network.filters.GenericPacketSplitter@46099e3f into net.minecraft.network.Connection@42360226
[25Sep2026 03:52:36.273] [Netty Epoll IO #4/DEBUG] [net.neoforged.neoforge.network.filters.NetworkFilters/]: Injected net.neoforged.neoforge.network.filters.GenericPacketSplitter@7608b7f8 into net.minecraft.network.Connection@64ef4fdd
[25Sep2026 03:52:36.397] [Server thread/INFO] [net.minecraft.server.players.PlayerList/]: SURIPANTAC[/127.142.34.247:59859] logged in with entity id 788 at (178.873438501921, 83.0, 282.56214737492803)
[25Sep2026 03:52:36.399] [Server thread/DEBUG] [net.neoforged.neoforge.common.CommonHooks/]: Sending 2284 recipes of the following types: [blasting, smithing, smoking, stonecutting, smelting, campfire_cooking, crafting]
[25Sep2026 03:52:36.405] [Server thread/INFO] [net.minecraft.server.MinecraftServer/]: SURIPANTAC joined the game
[25Sep2026 03:52:36.435] [Netty Epoll IO #7/DEBUG] [net.neoforged.neoforge.network.filters.NetworkFilters/]: Injected net.neoforged.neoforge.network.filters.GenericPacketSplitter@3c8bd96d into net.minecraft.network.Connection@42360226
[25Sep2026 03:52:36.464] [Server thread/INFO] [net.minecraft.server.players.PlayerList/]: cqrazan[/127.221.46.1:53793] logged in with entity id 790 at (210.41090319440215, 73.0, 203.99257539701918)
[25Sep2026 03:52:36.469] [Server thread/DEBUG] [net.neoforged.neoforge.common.CommonHooks/]: Sending 2284 recipes of the following types: [blasting, smithing, smoking, stonecutting, smelting, campfire_cooking, crafting]
[25Sep2026 03:52:36.471] [Server thread/INFO] [net.minecraft.server.MinecraftServer/]: cqrazan joined the game
[25Sep2026 03:52:36.751] [Server thread/INFO] [journeymap/]: JourneyMap client version for cqrazan: 6.0.8 (server version: 6.0.8)
[25Sep2026 03:52:36.778] [Server thread/INFO] [journeymap/]: JourneyMap client version for SURIPANTAC: 6.0.8 (server version: 6.0.8)
[25Sep2026 03:52:36.923] [Netty Epoll IO #5/DEBUG] [net.neoforged.neoforge.network.filters.NetworkFilters/]: Injected net.neoforged.neoforge.network.filters.GenericPacketSplitter@64ce4835 into net.minecraft.network.Connection@5d6d126f
[25Sep2026 03:52:36.992] [Server thread/INFO] [net.minecraft.server.players.PlayerList/]: teemoelsamu[/127.50.10.107:42441] logged in with entity id 882 at (223.48128602974467, 64.0, 121.14765702443495)
[25Sep2026 03:52:36.994] [Server thread/DEBUG] [net.neoforged.neoforge.common.CommonHooks/]: Sending 2284 recipes of the following types: [blasting, smithing, smoking, stonecutting, smelting, campfire_cooking, crafting]
[25Sep2026 03:52:36.996] [Server thread/INFO] [net.minecraft.server.MinecraftServer/]: teemoelsamu joined the game
[25Sep2026 03:52:37.672] [Server thread/INFO] [journeymap/]: JourneyMap client version for teemoelsamu: 6.0.8 (server version: 6.0.8)
[25Sep2026 03:53:27.441] [Server thread/INFO] [net.minecraft.server.MinecraftServer/]: <MirsWATF> EL QUE NO DUERMA LE MANDO UN NEGRO QUE LO ENCIANDA A MONDA
[25Sep2026 03:53:32.353] [Server thread/WARN] [tombstone/]: The death event of the player MirsWATF was canceled by another mod
[25Sep2026 03:53:32.364] [Server thread/INFO] [tombstone/]: The player MirsWATF has successfully been saved
[25Sep2026 03:53:43.125] [Server thread/INFO] [net.minecraft.server.MinecraftServer/]: MirsWATF was slain by Zombie
[25Sep2026 03:53:43.133] [Server thread/INFO] [com.tiviacz.travelersbackpack.TravelersBackpack/]: Created new backpack backup file for MirsWATF with unique ID travelersbackpack.standard_25.09.2026-03.53.43.dat
[25Sep2026 03:53:43.134] [Server thread/INFO] [com.tiviacz.travelersbackpack.TravelersBackpack/]: Your backpack has been placed at X: 29 Y: -27 Z: 228
[25Sep2026 03:53:43.140] [Server thread/DEBUG] [tombstone/]: A new grave of the player MirsWATF was created at position [x:28, y:-27, z:228, dim:minecraft:overworld]
[25Sep2026 03:54:22.697] [Server thread/DEBUG] [mixin/]: Mixing structures.TemplateAccessor from repurposed_structures-common.mixins.json into net.minecraft.world.level.levelgen.structure.templatesystem.StructureTemplate
[25Sep2026 03:56:46.293] [Server thread/DEBUG] [net.neoforged.neoforge.common.CommonHooks/WP]: Gathered mod list to write to world save MUNDO DISLEXICO
[25Sep2026 04:01:46.227] [Server thread/DEBUG] [net.neoforged.neoforge.common.CommonHooks/WP]: Gathered mod list to write to world save MUNDO DISLEXICO
[25Sep2026 04:06:46.233] [Server thread/DEBUG] [net.neoforged.neoforge.common.CommonHooks/WP]: Gathered mod list to write to world save MUNDO DISLEXICO
[25Sep2026 04:08:21.823] [Server thread/INFO] [net.minecraft.server.MinecraftServer/]: cqrazan has made the advancement [Knowledge of Death]
[25Sep2026 04:08:21.825] [Server thread/INFO] [net.minecraft.server.MinecraftServer/]: cqrazan has made the advancement [Ambush]
[25Sep2026 04:08:25.634] [Server thread/WARN] [tombstone/]: The death event of the player MirsWATF was canceled by another mod
[25Sep2026 04:08:25.640] [Server thread/INFO] [tombstone/]: The player MirsWATF has successfully been saved
[25Sep2026 04:08:26.523] [Server thread/INFO] [net.minecraft.server.MinecraftServer/]: teemoelsamu has made the advancement [Ambush]
[25Sep2026 04:08:26.524] [Server thread/INFO] [net.minecraft.server.MinecraftServer/]: teemoelsamu has made the advancement [Voluntary Exile]
[25Sep2026 04:08:36.322] [Server thread/INFO] [net.minecraft.server.MinecraftServer/]: MirsWATF was slain by Spider
[25Sep2026 04:08:36.328] [Server thread/INFO] [com.tiviacz.travelersbackpack.TravelersBackpack/]: Created new backpack backup file for MirsWATF with unique ID travelersbackpack.standard_25.09.2026-04.08.36.dat
[25Sep2026 04:08:36.328] [Server thread/INFO] [com.tiviacz.travelersbackpack.TravelersBackpack/]: Your backpack has been placed at X: 81 Y: -16 Z: 215
[25Sep2026 04:08:36.329] [Server thread/DEBUG] [tombstone/]: A new grave of the player MirsWATF was created at position [x:80, y:-16, z:215, dim:minecraft:overworld]
[25Sep2026 04:11:46.228] [Server thread/DEBUG] [net.neoforged.neoforge.common.CommonHooks/WP]: Gathered mod list to write to world save MUNDO DISLEXICO
[25Sep2026 04:15:34.838] [Server thread/WARN] [tombstone/]: The death event of the player MirsWATF was canceled by another mod
[25Sep2026 04:15:34.841] [Server thread/INFO] [tombstone/]: The player MirsWATF has successfully been saved
[25Sep2026 04:15:46.223] [Server thread/INFO] [net.minecraft.server.MinecraftServer/]: MirsWATF was shot by Skeleton
[25Sep2026 04:15:46.226] [Server thread/INFO] [com.tiviacz.travelersbackpack.TravelersBackpack/]: Created new backpack backup file for MirsWATF with unique ID travelersbackpack.standard_25.09.2026-04.15.46.dat
[25Sep2026 04:15:46.226] [Server thread/INFO] [com.tiviacz.travelersbackpack.TravelersBackpack/]: Your backpack has been placed at X: 77 Y: -17 Z: 212
[25Sep2026 04:15:46.227] [Server thread/DEBUG] [tombstone/]: A new grave of the player MirsWATF was created at position [x:76, y:-17, z:212, dim:minecraft:overworld]
[25Sep2026 04:16:36.546] [Server thread/INFO] [net.minecraft.server.MinecraftServer/]: MirsWATF has reached the goal [Discreet Search]
[25Sep2026 04:16:46.209] [Server thread/DEBUG] [net.neoforged.neoforge.common.CommonHooks/WP]: Gathered mod list to write to world save MUNDO DISLEXICO
[25Sep2026 04:16:47.383] [Server thread/WARN] [tombstone/]: The death event of the player teemoelsamu was canceled by another mod
[25Sep2026 04:16:47.385] [Server thread/INFO] [tombstone/]: The player teemoelsamu has successfully been saved
[25Sep2026 04:17:47.333] [Server thread/INFO] [net.minecraft.server.MinecraftServer/]: teemoelsamu has completed the challenge [Almost Unkillable]
[25Sep2026 04:17:47.334] [Server thread/INFO] [net.minecraft.server.MinecraftServer/]: teemoelsamu was shot by Skeleton
[25Sep2026 04:17:47.339] [Server thread/INFO] [com.tiviacz.travelersbackpack.TravelersBackpack/]: Created new backpack backup file for teemoelsamu with unique ID travelersbackpack.standard_25.09.2026-04.17.47.dat
[25Sep2026 04:17:47.339] [Server thread/INFO] [com.tiviacz.travelersbackpack.TravelersBackpack/]: Your backpack has been placed at X: 188 Y: 63 Z: 147
[25Sep2026 04:17:47.340] [Server thread/DEBUG] [tombstone/]: A new grave of the player teemoelsamu was created at position [x:187, y:63, z:147, dim:minecraft:overworld]
[25Sep2026 04:20:51.193] [User Authenticator #5/INFO] [net.minecraft.server.network.ServerLoginPacketListenerImpl/]: UUID of player Bokuakatsuki is b5a2ac5e-69ff-4333-a540-9f46c95f6e98
[25Sep2026 04:20:51.627] [Netty Epoll IO #1/DEBUG] [net.neoforged.neoforge.network.filters.NetworkFilters/]: Injected net.neoforged.neoforge.network.filters.GenericPacketSplitter@383aa2bc into net.minecraft.network.Connection@1b517e4d
[25Sep2026 04:20:54.223] [Netty Epoll IO #1/DEBUG] [net.neoforged.neoforge.network.filters.NetworkFilters/]: Injected net.neoforged.neoforge.network.filters.GenericPacketSplitter@575e7833 into net.minecraft.network.Connection@1b517e4d
[25Sep2026 04:20:54.346] [Server thread/INFO] [net.minecraft.server.players.PlayerList/]: Bokuakatsuki[/127.50.10.107:35681] logged in with entity id 14679 at (199.24507301054248, 63.0, 483.69999998807907)
[25Sep2026 04:20:54.349] [Server thread/DEBUG] [net.neoforged.neoforge.common.CommonHooks/]: Sending 2284 recipes of the following types: [blasting, smithing, smoking, stonecutting, smelting, campfire_cooking, crafting]
[25Sep2026 04:20:54.350] [Server thread/INFO] [net.minecraft.server.MinecraftServer/]: Bokuakatsuki joined the game
[25Sep2026 04:20:56.323] [Server thread/INFO] [journeymap/]: JourneyMap client version for Bokuakatsuki: 6.0.8 (server version: 6.0.8)
[25Sep2026 04:21:46.218] [Server thread/DEBUG] [net.neoforged.neoforge.common.CommonHooks/WP]: Gathered mod list to write to world save MUNDO DISLEXICO
[25Sep2026 04:22:55.586] [Server thread/DEBUG] [mixin/]: Mixing structures.JigsawJunctionAccessor from repurposed_structures-common.mixins.json into net.minecraft.world.level.levelgen.structure.pools.JigsawJunction
[25Sep2026 04:26:46.218] [Server thread/DEBUG] [net.neoforged.neoforge.common.CommonHooks/WP]: Gathered mod list to write to world save MUNDO DISLEXICO
[25Sep2026 04:29:36.244] [Server thread/WARN] [net.minecraft.server.network.ServerGamePacketListenerImpl/]: MirsWATF moved too quickly! 9.848003733108612,-0.2712241076924897,2.7458523189711457
[25Sep2026 04:29:36.343] [Server thread/WARN] [net.minecraft.server.network.ServerGamePacketListenerImpl/]: Bokuakatsuki moved too quickly! 3.2902755760754303,2.964159374955443,-9.051174018508846
[25Sep2026 04:29:36.428] [Server thread/WARN] [net.minecraft.server.network.ServerGamePacketListenerImpl/]: cqrazan moved too quickly! 5.694796883787063,-3.203264399331289,-7.632451485981875
[25Sep2026 04:30:05.735] [Server thread/INFO] [net.minecraft.server.MinecraftServer/]: <MirsWATF> zzzzzzzzzzzzzzzzzzz
[25Sep2026 04:31:46.218] [Server thread/DEBUG] [net.neoforged.neoforge.common.CommonHooks/WP]: Gathered mod list to write to world save MUNDO DISLEXICO
[25Sep2026 04:32:03.439] [Server thread/INFO] [net.minecraft.server.MinecraftServer/]: <SURIPANTAC> ZzzZzZZZZZzzZzzzzz
[25Sep2026 04:32:06.198] [Server thread/INFO] [net.minecraft.server.MinecraftServer/]: <Bokuakatsuki> zzzzzz
[25Sep2026 04:32:07.414] [Server thread/INFO] [net.minecraft.server.MinecraftServer/]: <Bokuakatsuki> ez
[25Sep2026 04:32:07.710] [Server thread/INFO] [net.minecraft.server.MinecraftServer/]: <cqrazan> zzzzzzzzzzzzzzzzzzzzzzz
[25Sep2026 04:32:13.117] [Server thread/INFO] [net.minecraft.server.MinecraftServer/]: <Bokuakatsuki> ez diff jg
[25Sep2026 04:36:46.218] [Server thread/DEBUG] [net.neoforged.neoforge.common.CommonHooks/WP]: Gathered mod list to write to world save MUNDO DISLEXICO
[25Sep2026 04:41:46.218] [Server thread/DEBUG] [net.neoforged.neoforge.common.CommonHooks/WP]: Gathered mod list to write to world save MUNDO DISLEXICO
[25Sep2026 04:44:17.685] [Server thread/INFO] [net.minecraft.server.MinecraftServer/]: <cqrazan> zzzzzzzzzzzzz
[25Sep2026 04:44:19.885] [Server thread/INFO] [net.minecraft.server.MinecraftServer/]: <cqrazan> zzzzzzzzzzzzzz
[25Sep2026 04:44:20.942] [Server thread/INFO] [net.minecraft.server.MinecraftServer/]: <Bokuakatsuki> zzzzzzzzz
[25Sep2026 04:46:46.234] [Server thread/DEBUG] [net.neoforged.neoforge.common.CommonHooks/WP]: Gathered mod list to write to world save MUNDO DISLEXICO
